nohup: ignoring input
2025-08-05 09:45:13,928 - apscheduler.scheduler - INFO - Adding job tentatively -- it will be properly scheduled when the scheduler starts
2025-08-05 09:45:13,928 - apscheduler.scheduler - INFO - Added job "CleanupScheduler._cleanup_task" to job store "default"
2025-08-05 09:45:13,928 - apscheduler.scheduler - INFO - Scheduler started
2025-08-05 09:45:13,928 - services.scheduler - INFO - 文件清理调度器已启动
2025-08-05 09:45:13,928 - __main__ - INFO - [性能监控] 基础设施初始化耗时: 0.002秒
ALSA lib confmisc.c:767:(parse_card) cannot find card '0'
ALSA lib conf.c:4732:(_snd_config_evaluate) function snd_func_card_driver returned error: No such file or directory
ALSA lib confmisc.c:392:(snd_func_concat) error evaluating strings
ALSA lib conf.c:4732:(_snd_config_evaluate) function snd_func_concat returned error: No such file or directory
ALSA lib confmisc.c:1246:(snd_func_refer) error evaluating name
ALSA lib conf.c:4732:(_snd_config_evaluate) function snd_func_refer returned error: No such file or directory
ALSA lib conf.c:5220:(snd_config_expand) Evaluate error: No such file or directory
ALSA lib pcm.c:2642:(snd_pcm_open_noupdate) Unknown PCM sysdefault
ALSA lib confmisc.c:767:(parse_card) cannot find card '0'
ALSA lib conf.c:4732:(_snd_config_evaluate) function snd_func_card_driver returned error: No such file or directory
ALSA lib confmisc.c:392:(snd_func_concat) error evaluating strings
ALSA lib conf.c:4732:(_snd_config_evaluate) function snd_func_concat returned error: No such file or directory
ALSA lib confmisc.c:1246:(snd_func_refer) error evaluating name
ALSA lib conf.c:4732:(_snd_config_evaluate) function snd_func_refer returned error: No such file or directory
ALSA lib conf.c:5220:(snd_config_expand) Evaluate error: No such file or directory
ALSA lib pcm.c:2642:(snd_pcm_open_noupdate) Unknown PCM sysdefault
ALSA lib confmisc.c:767:(parse_card) cannot find card '0'
ALSA lib conf.c:4732:(_snd_config_evaluate) function snd_func_card_driver returned error: No such file or directory
ALSA lib confmisc.c:392:(snd_func_concat) error evaluating strings
ALSA lib conf.c:4732:(_snd_config_evaluate) function snd_func_concat returned error: No such file or directory
ALSA lib confmisc.c:1246:(snd_func_refer) error evaluating name
ALSA lib conf.c:4732:(_snd_config_evaluate) function snd_func_refer returned error: No such file or directory
ALSA lib conf.c:5220:(snd_config_expand) Evaluate error: No such file or directory
ALSA lib pcm.c:2642:(snd_pcm_open_noupdate) Unknown PCM front
ALSA lib pcm.c:2642:(snd_pcm_open_noupdate) Unknown PCM cards.pcm.rear
ALSA lib pcm.c:2642:(snd_pcm_open_noupdate) Unknown PCM cards.pcm.center_lfe
ALSA lib pcm.c:2642:(snd_pcm_open_noupdate) Unknown PCM cards.pcm.side
ALSA lib confmisc.c:767:(parse_card) cannot find card '0'
ALSA lib conf.c:4732:(_snd_config_evaluate) function snd_func_card_driver returned error: No such file or directory
ALSA lib confmisc.c:392:(snd_func_concat) error evaluating strings
ALSA lib conf.c:4732:(_snd_config_evaluate) function snd_func_concat returned error: No such file or directory
ALSA lib confmisc.c:1246:(snd_func_refer) error evaluating name
ALSA lib conf.c:4732:(_snd_config_evaluate) function snd_func_refer returned error: No such file or directory
ALSA lib conf.c:5220:(snd_config_expand) Evaluate error: No such file or directory
ALSA lib pcm.c:2642:(snd_pcm_open_noupdate) Unknown PCM surround21
ALSA lib confmisc.c:767:(parse_card) cannot find card '0'
ALSA lib conf.c:4732:(_snd_config_evaluate) function snd_func_card_driver returned error: No such file or directory
ALSA lib confmisc.c:392:(snd_func_concat) error evaluating strings
ALSA lib conf.c:4732:(_snd_config_evaluate) function snd_func_concat returned error: No such file or directory
ALSA lib confmisc.c:1246:(snd_func_refer) error evaluating name
ALSA lib conf.c:4732:(_snd_config_evaluate) function snd_func_refer returned error: No such file or directory
ALSA lib conf.c:5220:(snd_config_expand) Evaluate error: No such file or directory
ALSA lib pcm.c:2642:(snd_pcm_open_noupdate) Unknown PCM surround21
ALSA lib confmisc.c:767:(parse_card) cannot find card '0'
ALSA lib conf.c:4732:(_snd_config_evaluate) function snd_func_card_driver returned error: No such file or directory
ALSA lib confmisc.c:392:(snd_func_concat) error evaluating strings
ALSA lib conf.c:4732:(_snd_config_evaluate) function snd_func_concat returned error: No such file or directory
ALSA lib confmisc.c:1246:(snd_func_refer) error evaluating name
ALSA lib conf.c:4732:(_snd_config_evaluate) function snd_func_refer returned error: No such file or directory
ALSA lib conf.c:5220:(snd_config_expand) Evaluate error: No such file or directory
ALSA lib pcm.c:2642:(snd_pcm_open_noupdate) Unknown PCM surround40
ALSA lib confmisc.c:767:(parse_card) cannot find card '0'
ALSA lib conf.c:4732:(_snd_config_evaluate) function snd_func_card_driver returned error: No such file or directory
ALSA lib confmisc.c:392:(snd_func_concat) error evaluating strings
ALSA lib conf.c:4732:(_snd_config_evaluate) function snd_func_concat returned error: No such file or directory
ALSA lib confmisc.c:1246:(snd_func_refer) error evaluating name
ALSA lib conf.c:4732:(_snd_config_evaluate) function snd_func_refer returned error: No such file or directory
ALSA lib conf.c:5220:(snd_config_expand) Evaluate error: No such file or directory
ALSA lib pcm.c:2642:(snd_pcm_open_noupdate) Unknown PCM surround41
ALSA lib confmisc.c:767:(parse_card) cannot find card '0'
ALSA lib conf.c:4732:(_snd_config_evaluate) function snd_func_card_driver returned error: No such file or directory
ALSA lib confmisc.c:392:(snd_func_concat) error evaluating strings
ALSA lib conf.c:4732:(_snd_config_evaluate) function snd_func_concat returned error: No such file or directory
ALSA lib confmisc.c:1246:(snd_func_refer) error evaluating name
ALSA lib conf.c:4732:(_snd_config_evaluate) function snd_func_refer returned error: No such file or directory
ALSA lib conf.c:5220:(snd_config_expand) Evaluate error: No such file or directory
ALSA lib pcm.c:2642:(snd_pcm_open_noupdate) Unknown PCM surround50
ALSA lib confmisc.c:767:(parse_card) cannot find card '0'
ALSA lib conf.c:4732:(_snd_config_evaluate) function snd_func_card_driver returned error: No such file or directory
ALSA lib confmisc.c:392:(snd_func_concat) error evaluating strings
ALSA lib conf.c:4732:(_snd_config_evaluate) function snd_func_concat returned error: No such file or directory
ALSA lib confmisc.c:1246:(snd_func_refer) error evaluating name
ALSA lib conf.c:4732:(_snd_config_evaluate) function snd_func_refer returned error: No such file or directory
ALSA lib conf.c:5220:(snd_config_expand) Evaluate error: No such file or directory
ALSA lib pcm.c:2642:(snd_pcm_open_noupdate) Unknown PCM surround51
ALSA lib confmisc.c:767:(parse_card) cannot find card '0'
ALSA lib conf.c:4732:(_snd_config_evaluate) function snd_func_card_driver returned error: No such file or directory
ALSA lib confmisc.c:392:(snd_func_concat) error evaluating strings
ALSA lib conf.c:4732:(_snd_config_evaluate) function snd_func_concat returned error: No such file or directory
ALSA lib confmisc.c:1246:(snd_func_refer) error evaluating name
ALSA lib conf.c:4732:(_snd_config_evaluate) function snd_func_refer returned error: No such file or directory
ALSA lib conf.c:5220:(snd_config_expand) Evaluate error: No such file or directory
ALSA lib pcm.c:2642:(snd_pcm_open_noupdate) Unknown PCM surround71
ALSA lib confmisc.c:767:(parse_card) cannot find card '0'
ALSA lib conf.c:4732:(_snd_config_evaluate) function snd_func_card_driver returned error: No such file or directory
ALSA lib confmisc.c:392:(snd_func_concat) error evaluating strings
ALSA lib conf.c:4732:(_snd_config_evaluate) function snd_func_concat returned error: No such file or directory
ALSA lib confmisc.c:1246:(snd_func_refer) error evaluating name
ALSA lib conf.c:4732:(_snd_config_evaluate) function snd_func_refer returned error: No such file or directory
ALSA lib conf.c:5220:(snd_config_expand) Evaluate error: No such file or directory
ALSA lib pcm.c:2642:(snd_pcm_open_noupdate) Unknown PCM iec958
ALSA lib confmisc.c:767:(parse_card) cannot find card '0'
ALSA lib conf.c:4732:(_snd_config_evaluate) function snd_func_card_driver returned error: No such file or directory
ALSA lib confmisc.c:392:(snd_func_concat) error evaluating strings
ALSA lib conf.c:4732:(_snd_config_evaluate) function snd_func_concat returned error: No such file or directory
ALSA lib confmisc.c:1246:(snd_func_refer) error evaluating name
ALSA lib conf.c:4732:(_snd_config_evaluate) function snd_func_refer returned error: No such file or directory
ALSA lib conf.c:5220:(snd_config_expand) Evaluate error: No such file or directory
ALSA lib pcm.c:2642:(snd_pcm_open_noupdate) Unknown PCM spdif
ALSA lib confmisc.c:767:(parse_card) cannot find card '0'
ALSA lib conf.c:4732:(_snd_config_evaluate) function snd_func_card_driver returned error: No such file or directory
ALSA lib confmisc.c:392:(snd_func_concat) error evaluating strings
ALSA lib conf.c:4732:(_snd_config_evaluate) function snd_func_concat returned error: No such file or directory
ALSA lib confmisc.c:1246:(snd_func_refer) error evaluating name
ALSA lib conf.c:4732:(_snd_config_evaluate) function snd_func_refer returned error: No such file or directory
ALSA lib conf.c:5220:(snd_config_expand) Evaluate error: No such file or directory
ALSA lib pcm.c:2642:(snd_pcm_open_noupdate) Unknown PCM spdif
ALSA lib pcm.c:2642:(snd_pcm_open_noupdate) Unknown PCM cards.pcm.hdmi
ALSA lib pcm.c:2642:(snd_pcm_open_noupdate) Unknown PCM cards.pcm.hdmi
ALSA lib pcm.c:2642:(snd_pcm_open_noupdate) Unknown PCM cards.pcm.modem
ALSA lib pcm.c:2642:(snd_pcm_open_noupdate) Unknown PCM cards.pcm.modem
ALSA lib pcm.c:2642:(snd_pcm_open_noupdate) Unknown PCM cards.pcm.phoneline
ALSA lib pcm.c:2642:(snd_pcm_open_noupdate) Unknown PCM cards.pcm.phoneline
ALSA lib pcm_hw.c:1829:(_snd_pcm_hw_open) Invalid value for card
ALSA lib pcm_hw.c:1829:(_snd_pcm_hw_open) Invalid value for card
ALSA lib pcm_hw.c:1829:(_snd_pcm_hw_open) Invalid value for card
ALSA lib pcm_hw.c:1829:(_snd_pcm_hw_open) Invalid value for card
Cannot connect to server socket err = No such file or directory
Cannot connect to server request channel
jack server is not running or cannot be started
JackShmReadWritePtr::~JackShmReadWritePtr - Init not done for -1, skipping unlock
JackShmReadWritePtr::~JackShmReadWritePtr - Init not done for -1, skipping unlock
Cannot connect to server socket err = No such file or directory
Cannot connect to server request channel
jack server is not running or cannot be started
JackShmReadWritePtr::~JackShmReadWritePtr - Init not done for -1, skipping unlock
JackShmReadWritePtr::~JackShmReadWritePtr - Init not done for -1, skipping unlock
ALSA lib pcm_oss.c:377:(_snd_pcm_oss_open) Unknown field port
ALSA lib pcm_oss.c:377:(_snd_pcm_oss_open) Unknown field port
ALSA lib pcm_hw.c:1829:(_snd_pcm_hw_open) Invalid value for card
ALSA lib pcm_hw.c:1829:(_snd_pcm_hw_open) Invalid value for card
ALSA lib pcm_hw.c:1829:(_snd_pcm_hw_open) Invalid value for card
ALSA lib pcm_hw.c:1829:(_snd_pcm_hw_open) Invalid value for card
ALSA lib pcm_usb_stream.c:486:(_snd_pcm_usb_stream_open) Invalid type for card
ALSA lib pcm_usb_stream.c:486:(_snd_pcm_usb_stream_open) Invalid type for card
ALSA lib confmisc.c:767:(parse_card) cannot find card '0'
ALSA lib conf.c:4732:(_snd_config_evaluate) function snd_func_card_driver returned error: No such file or directory
ALSA lib confmisc.c:392:(snd_func_concat) error evaluating strings
ALSA lib conf.c:4732:(_snd_config_evaluate) function snd_func_concat returned error: No such file or directory
ALSA lib confmisc.c:1246:(snd_func_refer) error evaluating name
ALSA lib conf.c:4732:(_snd_config_evaluate) function snd_func_refer returned error: No such file or directory
ALSA lib conf.c:5220:(snd_config_expand) Evaluate error: No such file or directory
ALSA lib pcm.c:2642:(snd_pcm_open_noupdate) Unknown PCM dmix
Cannot connect to server socket err = No such file or directory
Cannot connect to server request channel
jack server is not running or cannot be started
JackShmReadWritePtr::~JackShmReadWritePtr - Init not done for -1, skipping unlock
JackShmReadWritePtr::~JackShmReadWritePtr - Init not done for -1, skipping unlock
2025-08-05 09:45:13,943 - __main__ - INFO - 预留音频播放工作线程已启动。
2025-08-05 09:45:13,944 - services.keyboard_service - INFO - 候选键盘设备: /dev/input/event7 (HS6209 2.4G HyeKu Receiver Consumer Control)
2025-08-05 09:45:13,944 - services.keyboard_service - INFO - 候选键盘设备: /dev/input/event4 (HS6209 2.4G HyeKu Receiver)
2025-08-05 09:45:13,944 - services.keyboard_service - INFO - ✅ 优先选择主键盘设备: /dev/input/event4 (HS6209 2.4G HyeKu Receiver)
2025-08-05 09:45:14,068 - __main__ - INFO - 注册异步音频播放处理器。
2025-08-05 09:45:14,068 - services.keyboard_service - INFO - 注册按键处理器: ctrl+1
2025-08-05 09:45:14,069 - services.keyboard_service - INFO - 注册按键处理器: ctrl+2
2025-08-05 09:45:14,069 - services.keyboard_service - INFO - 注册按键处理器: ctrl+3
2025-08-05 09:45:14,069 - services.keyboard_service - INFO - 注册按键处理器: ctrl+4
2025-08-05 09:45:14,069 - services.keyboard_service - INFO - 注册按键处理器: ctrl+5
2025-08-05 09:45:14,069 - services.keyboard_service - INFO - 注册按键处理器: ctrl+6
2025-08-05 09:45:14,069 - services.keyboard_service - INFO - 注册按键处理器: ctrl+7
2025-08-05 09:45:14,069 - services.keyboard_service - INFO - 注册按键处理器: ctrl+8
2025-08-05 09:45:14,069 - services.keyboard_service - INFO - 注册按键处理器: ctrl+9
2025-08-05 09:45:14,069 - services.keyboard_service - INFO - 注册按键处理器: ctrl+q
2025-08-05 09:45:14,069 - services.keyboard_service - INFO - 注册按键处理器: ctrl+w
2025-08-05 09:45:14,069 - services.keyboard_service - INFO - 注册按键处理器: ctrl+e
2025-08-05 09:45:14,069 - services.keyboard_service - INFO - 注册按键处理器: ctrl+r
2025-08-05 09:45:14,069 - services.keyboard_service - INFO - 注册按键处理器: ctrl+t
2025-08-05 09:45:14,069 - services.keyboard_service - INFO - 注册按键处理器: ctrl+y
2025-08-05 09:45:14,069 - services.keyboard_service - INFO - 注册按键处理器: ctrl+u
2025-08-05 09:45:14,069 - services.keyboard_service - INFO - 注册按键处理器: ctrl+i
2025-08-05 09:45:14,069 - services.keyboard_service - INFO - 注册按键处理器: ctrl+o
2025-08-05 09:45:14,069 - services.keyboard_service - INFO - 注册按键处理器: ctrl+p
2025-08-05 09:45:14,069 - services.keyboard_service - INFO - 注册按键处理器: ctrl+a
2025-08-05 09:45:14,069 - services.keyboard_service - INFO - 注册按键处理器: ctrl+s
2025-08-05 09:45:14,069 - services.keyboard_service - INFO - 注册按键处理器: ctrl+d
2025-08-05 09:45:14,069 - services.keyboard_service - INFO - 注册按键处理器: ctrl+f
2025-08-05 09:45:14,069 - services.keyboard_service - INFO - 注册按键处理器: ctrl+g
2025-08-05 09:45:14,069 - services.keyboard_service - INFO - 注册按键处理器: alt+1
2025-08-05 09:45:14,075 - services.keyboard_service - INFO - 注册按键处理器: alt+2
2025-08-05 09:45:14,075 - services.keyboard_service - INFO - 注册按键处理器: alt+3
2025-08-05 09:45:14,075 - services.keyboard_service - INFO - 注册按键处理器: alt+4
2025-08-05 09:45:14,075 - services.keyboard_service - INFO - 注册按键处理器: alt+5
2025-08-05 09:45:14,075 - services.keyboard_service - INFO - 注册按键处理器: alt+6
2025-08-05 09:45:14,075 - services.keyboard_service - INFO - 注册按键处理器: alt+7
2025-08-05 09:45:14,075 - services.keyboard_service - INFO - 注册按键处理器: alt+8
2025-08-05 09:45:14,075 - services.keyboard_service - INFO - 注册按键处理器: alt+9
2025-08-05 09:45:14,075 - services.keyboard_service - INFO - 注册按键处理器: alt+q
2025-08-05 09:45:14,075 - services.keyboard_service - INFO - 注册按键处理器: alt+w
2025-08-05 09:45:14,075 - services.keyboard_service - INFO - 注册按键处理器: alt+e
2025-08-05 09:45:14,075 - services.keyboard_service - INFO - 注册按键处理器: alt+r
2025-08-05 09:45:14,075 - services.keyboard_service - INFO - 注册按键处理器: alt+t
2025-08-05 09:45:14,075 - services.keyboard_service - INFO - 注册按键处理器: alt+y
2025-08-05 09:45:14,075 - services.keyboard_service - INFO - 注册按键处理器: alt+u
2025-08-05 09:45:14,075 - services.keyboard_service - INFO - 注册按键处理器: alt+i
2025-08-05 09:45:14,075 - services.keyboard_service - INFO - 注册按键处理器: alt+o
2025-08-05 09:45:14,075 - services.keyboard_service - INFO - 注册按键处理器: alt+p
2025-08-05 09:45:14,075 - services.keyboard_service - INFO - 注册按键处理器: alt+a
2025-08-05 09:45:14,075 - services.keyboard_service - INFO - 注册按键处理器: alt+s
2025-08-05 09:45:14,075 - services.keyboard_service - INFO - 注册按键处理器: alt+d
2025-08-05 09:45:14,075 - services.keyboard_service - INFO - 注册按键处理器: alt+f
2025-08-05 09:45:14,075 - services.keyboard_service - INFO - 注册按键处理器: alt+g
2025-08-05 09:45:14,075 - services.keyboard_service - INFO - 注册按键处理器: ctrl+v
2025-08-05 09:45:14,075 - services.keyboard_service - INFO - 注册按键处理器: ctrl+b
2025-08-05 09:45:14,075 - services.keyboard_service - INFO - 注册按键处理器: ctrl+n
2025-08-05 09:45:14,075 - services.keyboard_service - INFO - 注册按键处理器: ctrl+m
2025-08-05 09:45:14,075 - services.keyboard_service - INFO - 候选键盘设备: /dev/input/event7 (HS6209 2.4G HyeKu Receiver Consumer Control)
2025-08-05 09:45:14,075 - services.keyboard_service - INFO - 候选键盘设备: /dev/input/event4 (HS6209 2.4G HyeKu Receiver)
2025-08-05 09:45:14,075 - services.keyboard_service - INFO - ✅ 优先选择主键盘设备: /dev/input/event4 (HS6209 2.4G HyeKu Receiver)
2025-08-05 09:45:14,215 - services.keyboard_service - INFO - 键盘监听服务已启动 on /dev/input/event4 (HS6209 2.4G HyeKu Receiver)
2025-08-05 09:45:14,216 - __main__ - INFO - 等待唤醒词...
2025-08-05 09:45:14,216 - hardware.audio_interface - INFO - 开始检测唤醒词...
2025-08-05 09:45:17,436 - __main__ - INFO - 从队列中获取到预留音频编号 '2'，准备播放。
ERROR: Service [/play_music2] is not available.
2025-08-05 09:45:19,244 - __main__ - INFO - 等待唤醒词...
2025-08-05 09:45:19,244 - hardware.audio_interface - INFO - 开始检测唤醒词...
2025-08-05 09:45:20,826 - __main__ - INFO - 从队列中获取到预留音频编号 '3'，准备播放。
ERROR: Service [/play_music2] is not available.
2025-08-05 09:45:21,912 - __main__ - INFO - 从队列中获取到预留音频编号 '5'，准备播放。
ERROR: Service [/play_music2] is not available.
2025-08-05 09:45:22,430 - __main__ - INFO - 从队列中获取到预留音频编号 '6'，准备播放。
ERROR: Service [/play_music2] is not available.
2025-08-05 09:45:22,812 - __main__ - INFO - 从队列中获取到预留音频编号 '7'，准备播放。
ERROR: Service [/play_music2] is not available.
2025-08-05 09:45:23,078 - __main__ - INFO - 从队列中获取到预留音频编号 '6'，准备播放。
ERROR: Service [/play_music2] is not available.
2025-08-05 09:45:23,345 - __main__ - INFO - 从队列中获取到预留音频编号 '7'，准备播放。
ERROR: Service [/play_music2] is not available.
2025-08-05 09:45:23,613 - __main__ - INFO - 从队列中获取到预留音频编号 '6'，准备播放。
ERROR: Service [/play_music2] is not available.
2025-08-05 09:45:24,298 - __main__ - INFO - 等待唤醒词...
2025-08-05 09:45:24,298 - hardware.audio_interface - INFO - 开始检测唤醒词...
2025-08-05 09:45:29,344 - __main__ - INFO - 等待唤醒词...
2025-08-05 09:45:29,345 - hardware.audio_interface - INFO - 开始检测唤醒词...
2025-08-05 09:45:34,393 - __main__ - INFO - 等待唤醒词...
2025-08-05 09:45:34,394 - hardware.audio_interface - INFO - 开始检测唤醒词...
2025-08-05 09:45:39,445 - __main__ - INFO - 等待唤醒词...
2025-08-05 09:45:39,446 - hardware.audio_interface - INFO - 开始检测唤醒词...
2025-08-05 09:45:44,492 - __main__ - INFO - 等待唤醒词...
2025-08-05 09:45:44,492 - hardware.audio_interface - INFO - 开始检测唤醒词...
2025-08-05 09:45:49,596 - __main__ - INFO - 等待唤醒词...
2025-08-05 09:45:49,596 - hardware.audio_interface - INFO - 开始检测唤醒词...
2025-08-05 09:45:54,648 - __main__ - INFO - 等待唤醒词...
2025-08-05 09:45:54,648 - hardware.audio_interface - INFO - 开始检测唤醒词...
2025-08-05 09:45:59,750 - __main__ - INFO - 等待唤醒词...
2025-08-05 09:45:59,751 - hardware.audio_interface - INFO - 开始检测唤醒词...
2025-08-05 09:46:04,808 - __main__ - INFO - 等待唤醒词...
2025-08-05 09:46:04,809 - hardware.audio_interface - INFO - 开始检测唤醒词...
2025-08-05 09:46:09,858 - __main__ - INFO - 等待唤醒词...
2025-08-05 09:46:09,859 - hardware.audio_interface - INFO - 开始检测唤醒词...
2025-08-05 09:46:14,959 - __main__ - INFO - 等待唤醒词...
2025-08-05 09:46:14,960 - hardware.audio_interface - INFO - 开始检测唤醒词...
2025-08-05 09:46:20,022 - __main__ - INFO - 等待唤醒词...
2025-08-05 09:46:20,023 - hardware.audio_interface - INFO - 开始检测唤醒词...
2025-08-05 09:46:25,070 - __main__ - INFO - 等待唤醒词...
2025-08-05 09:46:25,071 - hardware.audio_interface - INFO - 开始检测唤醒词...
2025-08-05 09:46:30,116 - __main__ - INFO - 等待唤醒词...
2025-08-05 09:46:30,117 - hardware.audio_interface - INFO - 开始检测唤醒词...
2025-08-05 09:46:35,199 - __main__ - INFO - 等待唤醒词...
2025-08-05 09:46:35,200 - hardware.audio_interface - INFO - 开始检测唤醒词...
2025-08-05 09:46:40,246 - __main__ - INFO - 等待唤醒词...
2025-08-05 09:46:40,247 - hardware.audio_interface - INFO - 开始检测唤醒词...
2025-08-05 09:46:45,348 - __main__ - INFO - 等待唤醒词...
2025-08-05 09:46:45,349 - hardware.audio_interface - INFO - 开始检测唤醒词...
2025-08-05 09:46:50,398 - __main__ - INFO - 等待唤醒词...
2025-08-05 09:46:50,399 - hardware.audio_interface - INFO - 开始检测唤醒词...
2025-08-05 09:46:55,490 - __main__ - INFO - 等待唤醒词...
2025-08-05 09:46:55,491 - hardware.audio_interface - INFO - 开始检测唤醒词...
2025-08-05 09:47:00,543 - __main__ - INFO - 等待唤醒词...
2025-08-05 09:47:00,545 - hardware.audio_interface - INFO - 开始检测唤醒词...
2025-08-05 09:47:05,576 - __main__ - INFO - 等待唤醒词...
2025-08-05 09:47:05,577 - hardware.audio_interface - INFO - 开始检测唤醒词...
2025-08-05 09:47:10,627 - __main__ - INFO - 等待唤醒词...
2025-08-05 09:47:10,628 - hardware.audio_interface - INFO - 开始检测唤醒词...
2025-08-05 09:47:15,676 - __main__ - INFO - 等待唤醒词...
2025-08-05 09:47:15,677 - hardware.audio_interface - INFO - 开始检测唤醒词...
2025-08-05 09:47:20,743 - __main__ - INFO - 等待唤醒词...
2025-08-05 09:47:20,744 - hardware.audio_interface - INFO - 开始检测唤醒词...
2025-08-05 09:47:25,791 - __main__ - INFO - 等待唤醒词...
2025-08-05 09:47:25,805 - hardware.audio_interface - INFO - 开始检测唤醒词...
2025-08-05 09:47:30,902 - __main__ - INFO - 等待唤醒词...
2025-08-05 09:47:30,904 - hardware.audio_interface - INFO - 开始检测唤醒词...
2025-08-05 09:47:36,007 - __main__ - INFO - 等待唤醒词...
2025-08-05 09:47:36,008 - hardware.audio_interface - INFO - 开始检测唤醒词...
2025-08-05 09:47:41,062 - __main__ - INFO - 等待唤醒词...
2025-08-05 09:47:41,063 - hardware.audio_interface - INFO - 开始检测唤醒词...
2025-08-05 09:47:46,154 - __main__ - INFO - 等待唤醒词...
2025-08-05 09:47:46,155 - hardware.audio_interface - INFO - 开始检测唤醒词...
2025-08-05 09:47:51,190 - __main__ - INFO - 等待唤醒词...
2025-08-05 09:47:51,192 - hardware.audio_interface - INFO - 开始检测唤醒词...
2025-08-05 09:47:56,243 - __main__ - INFO - 等待唤醒词...
2025-08-05 09:47:56,245 - hardware.audio_interface - INFO - 开始检测唤醒词...
2025-08-05 09:48:01,293 - __main__ - INFO - 等待唤醒词...
2025-08-05 09:48:01,295 - hardware.audio_interface - INFO - 开始检测唤醒词...
2025-08-05 09:48:06,371 - __main__ - INFO - 等待唤醒词...
2025-08-05 09:48:06,373 - hardware.audio_interface - INFO - 开始检测唤醒词...
2025-08-05 09:48:11,378 - __main__ - INFO - 等待唤醒词...
2025-08-05 09:48:11,382 - hardware.audio_interface - INFO - 开始检测唤醒词...
2025-08-05 09:48:16,430 - __main__ - INFO - 等待唤醒词...
2025-08-05 09:48:16,433 - hardware.audio_interface - INFO - 开始检测唤醒词...
2025-08-05 09:48:21,487 - __main__ - INFO - 等待唤醒词...
2025-08-05 09:48:21,488 - hardware.audio_interface - INFO - 开始检测唤醒词...
2025-08-05 09:48:26,583 - __main__ - INFO - 等待唤醒词...
2025-08-05 09:48:26,585 - hardware.audio_interface - INFO - 开始检测唤醒词...
2025-08-05 09:48:31,623 - __main__ - INFO - 等待唤醒词...
2025-08-05 09:48:31,625 - hardware.audio_interface - INFO - 开始检测唤醒词...
2025-08-05 09:48:36,691 - __main__ - INFO - 等待唤醒词...
2025-08-05 09:48:36,693 - hardware.audio_interface - INFO - 开始检测唤醒词...
2025-08-05 09:48:41,743 - __main__ - INFO - 等待唤醒词...
2025-08-05 09:48:41,744 - hardware.audio_interface - INFO - 开始检测唤醒词...
2025-08-05 09:48:46,793 - __main__ - INFO - 等待唤醒词...
2025-08-05 09:48:46,795 - hardware.audio_interface - INFO - 开始检测唤醒词...
2025-08-05 09:48:51,889 - __main__ - INFO - 等待唤醒词...
2025-08-05 09:48:51,891 - hardware.audio_interface - INFO - 开始检测唤醒词...
2025-08-05 09:48:56,956 - __main__ - INFO - 等待唤醒词...
2025-08-05 09:48:56,958 - hardware.audio_interface - INFO - 开始检测唤醒词...
2025-08-05 09:49:02,013 - __main__ - INFO - 等待唤醒词...
2025-08-05 09:49:02,014 - hardware.audio_interface - INFO - 开始检测唤醒词...
2025-08-05 09:49:07,061 - __main__ - INFO - 等待唤醒词...
2025-08-05 09:49:07,062 - hardware.audio_interface - INFO - 开始检测唤醒词...
2025-08-05 09:49:12,116 - __main__ - INFO - 等待唤醒词...
2025-08-05 09:49:12,117 - hardware.audio_interface - INFO - 开始检测唤醒词...
2025-08-05 09:49:17,120 - __main__ - INFO - 等待唤醒词...
2025-08-05 09:49:17,121 - hardware.audio_interface - INFO - 开始检测唤醒词...
2025-08-05 09:49:22,172 - __main__ - INFO - 等待唤醒词...
2025-08-05 09:49:22,174 - hardware.audio_interface - INFO - 开始检测唤醒词...
2025-08-05 09:49:27,222 - __main__ - INFO - 等待唤醒词...
2025-08-05 09:49:27,224 - hardware.audio_interface - INFO - 开始检测唤醒词...
2025-08-05 09:49:32,273 - __main__ - INFO - 等待唤醒词...
2025-08-05 09:49:32,276 - hardware.audio_interface - INFO - 开始检测唤醒词...
2025-08-05 09:49:37,375 - __main__ - INFO - 等待唤醒词...
2025-08-05 09:49:37,376 - hardware.audio_interface - INFO - 开始检测唤醒词...
2025-08-05 09:49:42,415 - __main__ - INFO - 等待唤醒词...
2025-08-05 09:49:42,421 - hardware.audio_interface - INFO - 开始检测唤醒词...
2025-08-05 09:49:47,428 - __main__ - INFO - 等待唤醒词...
2025-08-05 09:49:47,429 - hardware.audio_interface - INFO - 开始检测唤醒词...
2025-08-05 09:49:52,514 - __main__ - INFO - 等待唤醒词...
2025-08-05 09:49:52,515 - hardware.audio_interface - INFO - 开始检测唤醒词...
2025-08-05 09:49:57,616 - __main__ - INFO - 等待唤醒词...
2025-08-05 09:49:57,617 - hardware.audio_interface - INFO - 开始检测唤醒词...
2025-08-05 09:50:02,669 - __main__ - INFO - 等待唤醒词...
2025-08-05 09:50:02,670 - hardware.audio_interface - INFO - 开始检测唤醒词...
2025-08-05 09:50:07,720 - __main__ - INFO - 等待唤醒词...
2025-08-05 09:50:07,723 - hardware.audio_interface - INFO - 开始检测唤醒词...
2025-08-05 09:50:12,727 - __main__ - INFO - 等待唤醒词...
2025-08-05 09:50:12,729 - hardware.audio_interface - INFO - 开始检测唤醒词...
2025-08-05 09:50:17,828 - __main__ - INFO - 等待唤醒词...
2025-08-05 09:50:17,829 - hardware.audio_interface - INFO - 开始检测唤醒词...
2025-08-05 09:50:22,927 - __main__ - INFO - 等待唤醒词...
2025-08-05 09:50:22,928 - hardware.audio_interface - INFO - 开始检测唤醒词...
2025-08-05 09:50:27,932 - __main__ - INFO - 等待唤醒词...
2025-08-05 09:50:27,933 - hardware.audio_interface - INFO - 开始检测唤醒词...
2025-08-05 09:50:33,033 - __main__ - INFO - 等待唤醒词...
2025-08-05 09:50:33,034 - hardware.audio_interface - INFO - 开始检测唤醒词...
2025-08-05 09:50:38,089 - __main__ - INFO - 等待唤醒词...
2025-08-05 09:50:38,090 - hardware.audio_interface - INFO - 开始检测唤醒词...
2025-08-05 09:50:43,144 - __main__ - INFO - 等待唤醒词...
2025-08-05 09:50:43,146 - hardware.audio_interface - INFO - 开始检测唤醒词...
2025-08-05 09:50:48,200 - __main__ - INFO - 等待唤醒词...
2025-08-05 09:50:48,201 - hardware.audio_interface - INFO - 开始检测唤醒词...
2025-08-05 09:50:53,253 - __main__ - INFO - 等待唤醒词...
2025-08-05 09:50:53,260 - hardware.audio_interface - INFO - 开始检测唤醒词...
2025-08-05 09:50:58,265 - __main__ - INFO - 等待唤醒词...
2025-08-05 09:50:58,266 - hardware.audio_interface - INFO - 开始检测唤醒词...
2025-08-05 09:51:03,336 - __main__ - INFO - 等待唤醒词...
2025-08-05 09:51:03,337 - hardware.audio_interface - INFO - 开始检测唤醒词...
2025-08-05 09:51:08,389 - __main__ - INFO - 等待唤醒词...
2025-08-05 09:51:08,390 - hardware.audio_interface - INFO - 开始检测唤醒词...
2025-08-05 09:51:13,447 - __main__ - INFO - 等待唤醒词...
2025-08-05 09:51:13,448 - hardware.audio_interface - INFO - 开始检测唤醒词...
2025-08-05 09:51:18,501 - __main__ - INFO - 等待唤醒词...
2025-08-05 09:51:18,502 - hardware.audio_interface - INFO - 开始检测唤醒词...
2025-08-05 09:51:23,566 - __main__ - INFO - 等待唤醒词...
2025-08-05 09:51:23,568 - hardware.audio_interface - INFO - 开始检测唤醒词...
2025-08-05 09:51:28,622 - __main__ - INFO - 等待唤醒词...
2025-08-05 09:51:28,623 - hardware.audio_interface - INFO - 开始检测唤醒词...
2025-08-05 09:51:33,674 - __main__ - INFO - 等待唤醒词...
2025-08-05 09:51:33,675 - hardware.audio_interface - INFO - 开始检测唤醒词...
2025-08-05 09:51:38,747 - __main__ - INFO - 等待唤醒词...
2025-08-05 09:51:38,749 - hardware.audio_interface - INFO - 开始检测唤醒词...
2025-08-05 09:51:43,794 - __main__ - INFO - 等待唤醒词...
2025-08-05 09:51:43,796 - hardware.audio_interface - INFO - 开始检测唤醒词...
2025-08-05 09:51:48,849 - __main__ - INFO - 等待唤醒词...
2025-08-05 09:51:48,851 - hardware.audio_interface - INFO - 开始检测唤醒词...
2025-08-05 09:51:53,948 - __main__ - INFO - 等待唤醒词...
2025-08-05 09:51:53,950 - hardware.audio_interface - INFO - 开始检测唤醒词...
2025-08-05 09:51:59,005 - __main__ - INFO - 等待唤醒词...
2025-08-05 09:51:59,007 - hardware.audio_interface - INFO - 开始检测唤醒词...
2025-08-05 09:52:04,059 - __main__ - INFO - 等待唤醒词...
2025-08-05 09:52:04,066 - hardware.audio_interface - INFO - 开始检测唤醒词...
2025-08-05 09:52:09,097 - __main__ - INFO - 等待唤醒词...
2025-08-05 09:52:09,098 - hardware.audio_interface - INFO - 开始检测唤醒词...
2025-08-05 09:52:14,103 - __main__ - INFO - 等待唤醒词...
2025-08-05 09:52:14,105 - hardware.audio_interface - INFO - 开始检测唤醒词...
2025-08-05 09:52:19,198 - __main__ - INFO - 等待唤醒词...
2025-08-05 09:52:19,199 - hardware.audio_interface - INFO - 开始检测唤醒词...
2025-08-05 09:52:24,270 - __main__ - INFO - 等待唤醒词...
2025-08-05 09:52:24,282 - hardware.audio_interface - INFO - 开始检测唤醒词...
2025-08-05 09:52:29,387 - __main__ - INFO - 等待唤醒词...
2025-08-05 09:52:29,390 - hardware.audio_interface - INFO - 开始检测唤醒词...
2025-08-05 09:52:34,391 - __main__ - INFO - 等待唤醒词...
2025-08-05 09:52:34,392 - hardware.audio_interface - INFO - 开始检测唤醒词...
2025-08-05 09:52:39,446 - __main__ - INFO - 等待唤醒词...
2025-08-05 09:52:39,447 - hardware.audio_interface - INFO - 开始检测唤醒词...
2025-08-05 09:52:44,517 - __main__ - INFO - 等待唤醒词...
2025-08-05 09:52:44,521 - hardware.audio_interface - INFO - 开始检测唤醒词...
2025-08-05 09:52:49,551 - __main__ - INFO - 等待唤醒词...
2025-08-05 09:52:49,553 - hardware.audio_interface - INFO - 开始检测唤醒词...
2025-08-05 09:52:54,554 - __main__ - INFO - 等待唤醒词...
2025-08-05 09:52:54,555 - hardware.audio_interface - INFO - 开始检测唤醒词...
2025-08-05 09:52:59,658 - __main__ - INFO - 等待唤醒词...
2025-08-05 09:52:59,659 - hardware.audio_interface - INFO - 开始检测唤醒词...
2025-08-05 09:53:04,734 - __main__ - INFO - 等待唤醒词...
2025-08-05 09:53:04,735 - hardware.audio_interface - INFO - 开始检测唤醒词...
2025-08-05 09:53:09,792 - __main__ - INFO - 等待唤醒词...
2025-08-05 09:53:09,794 - hardware.audio_interface - INFO - 开始检测唤醒词...
2025-08-05 09:53:14,860 - __main__ - INFO - 等待唤醒词...
2025-08-05 09:53:14,861 - hardware.audio_interface - INFO - 开始检测唤醒词...
2025-08-05 09:53:19,912 - __main__ - INFO - 等待唤醒词...
2025-08-05 09:53:19,913 - hardware.audio_interface - INFO - 开始检测唤醒词...
2025-08-05 09:53:24,967 - __main__ - INFO - 等待唤醒词...
2025-08-05 09:53:24,968 - hardware.audio_interface - INFO - 开始检测唤醒词...
2025-08-05 09:53:30,049 - __main__ - INFO - 等待唤醒词...
2025-08-05 09:53:30,050 - hardware.audio_interface - INFO - 开始检测唤醒词...
2025-08-05 09:53:35,084 - __main__ - INFO - 等待唤醒词...
2025-08-05 09:53:35,086 - hardware.audio_interface - INFO - 开始检测唤醒词...
2025-08-05 09:53:40,130 - __main__ - INFO - 等待唤醒词...
2025-08-05 09:53:40,131 - hardware.audio_interface - INFO - 开始检测唤醒词...
2025-08-05 09:53:45,134 - __main__ - INFO - 等待唤醒词...
2025-08-05 09:53:45,136 - hardware.audio_interface - INFO - 开始检测唤醒词...
2025-08-05 09:53:50,220 - __main__ - INFO - 等待唤醒词...
2025-08-05 09:53:50,222 - hardware.audio_interface - INFO - 开始检测唤醒词...
2025-08-05 09:53:55,227 - __main__ - INFO - 等待唤醒词...
2025-08-05 09:53:55,230 - hardware.audio_interface - INFO - 开始检测唤醒词...
2025-08-05 09:54:00,260 - __main__ - INFO - 等待唤醒词...
2025-08-05 09:54:00,261 - hardware.audio_interface - INFO - 开始检测唤醒词...
2025-08-05 09:54:05,289 - __main__ - INFO - 等待唤醒词...
2025-08-05 09:54:05,290 - hardware.audio_interface - INFO - 开始检测唤醒词...
2025-08-05 09:54:10,344 - __main__ - INFO - 等待唤醒词...
2025-08-05 09:54:10,346 - hardware.audio_interface - INFO - 开始检测唤醒词...
2025-08-05 09:54:15,351 - __main__ - INFO - 等待唤醒词...
2025-08-05 09:54:15,353 - hardware.audio_interface - INFO - 开始检测唤醒词...
2025-08-05 09:54:20,409 - __main__ - INFO - 等待唤醒词...
2025-08-05 09:54:20,410 - hardware.audio_interface - INFO - 开始检测唤醒词...
2025-08-05 09:54:25,510 - __main__ - INFO - 等待唤醒词...
2025-08-05 09:54:25,512 - hardware.audio_interface - INFO - 开始检测唤醒词...
2025-08-05 09:54:30,566 - __main__ - INFO - 等待唤醒词...
2025-08-05 09:54:30,567 - hardware.audio_interface - INFO - 开始检测唤醒词...
2025-08-05 09:54:35,647 - __main__ - INFO - 等待唤醒词...
2025-08-05 09:54:35,648 - hardware.audio_interface - INFO - 开始检测唤醒词...
2025-08-05 09:54:40,695 - __main__ - INFO - 等待唤醒词...
2025-08-05 09:54:40,697 - hardware.audio_interface - INFO - 开始检测唤醒词...
2025-08-05 09:54:45,801 - __main__ - INFO - 等待唤醒词...
2025-08-05 09:54:45,802 - hardware.audio_interface - INFO - 开始检测唤醒词...
2025-08-05 09:54:50,877 - __main__ - INFO - 等待唤醒词...
2025-08-05 09:54:50,879 - hardware.audio_interface - INFO - 开始检测唤醒词...
2025-08-05 09:54:55,929 - __main__ - INFO - 等待唤醒词...
2025-08-05 09:54:55,932 - hardware.audio_interface - INFO - 开始检测唤醒词...
2025-08-05 09:55:00,992 - __main__ - INFO - 等待唤醒词...
2025-08-05 09:55:00,993 - hardware.audio_interface - INFO - 开始检测唤醒词...
2025-08-05 09:55:06,043 - __main__ - INFO - 等待唤醒词...
2025-08-05 09:55:06,048 - hardware.audio_interface - INFO - 开始检测唤醒词...
2025-08-05 09:55:11,099 - __main__ - INFO - 等待唤醒词...
2025-08-05 09:55:11,100 - hardware.audio_interface - INFO - 开始检测唤醒词...
2025-08-05 09:55:13,928 - apscheduler.executors.default - INFO - Running job "CleanupScheduler._cleanup_task (trigger: interval[0:10:00], next run at: 2025-08-05 10:05:13 CST)" (scheduled at 2025-08-05 09:55:13.928387+08:00)
2025-08-05 09:55:13,929 - utils.cleaner - INFO - 完成安全清理，共删除 0 个旧文件
2025-08-05 09:55:13,930 - apscheduler.executors.default - INFO - Job "CleanupScheduler._cleanup_task (trigger: interval[0:10:00], next run at: 2025-08-05 10:05:13 CST)" executed successfully
2025-08-05 09:55:16,157 - __main__ - INFO - 等待唤醒词...
2025-08-05 09:55:16,158 - hardware.audio_interface - INFO - 开始检测唤醒词...
2025-08-05 09:55:21,217 - __main__ - INFO - 等待唤醒词...
2025-08-05 09:55:21,218 - hardware.audio_interface - INFO - 开始检测唤醒词...
2025-08-05 09:55:26,231 - __main__ - INFO - 等待唤醒词...
2025-08-05 09:55:26,232 - hardware.audio_interface - INFO - 开始检测唤醒词...
2025-08-05 09:55:31,249 - __main__ - INFO - 等待唤醒词...
2025-08-05 09:55:31,250 - hardware.audio_interface - INFO - 开始检测唤醒词...
2025-08-05 09:55:36,271 - __main__ - INFO - 等待唤醒词...
2025-08-05 09:55:36,273 - hardware.audio_interface - INFO - 开始检测唤醒词...
2025-08-05 09:55:41,353 - __main__ - INFO - 等待唤醒词...
2025-08-05 09:55:41,355 - hardware.audio_interface - INFO - 开始检测唤醒词...
2025-08-05 09:55:46,357 - __main__ - INFO - 等待唤醒词...
2025-08-05 09:55:46,358 - hardware.audio_interface - INFO - 开始检测唤醒词...
2025-08-05 09:55:51,414 - __main__ - INFO - 等待唤醒词...
2025-08-05 09:55:51,416 - hardware.audio_interface - INFO - 开始检测唤醒词...
2025-08-05 09:55:56,453 - __main__ - INFO - 等待唤醒词...
2025-08-05 09:55:56,454 - hardware.audio_interface - INFO - 开始检测唤醒词...
2025-08-05 09:56:01,509 - __main__ - INFO - 等待唤醒词...
2025-08-05 09:56:01,511 - hardware.audio_interface - INFO - 开始检测唤醒词...
2025-08-05 09:56:06,515 - __main__ - INFO - 等待唤醒词...
2025-08-05 09:56:06,516 - hardware.audio_interface - INFO - 开始检测唤醒词...
2025-08-05 09:56:11,547 - __main__ - INFO - 等待唤醒词...
2025-08-05 09:56:11,549 - hardware.audio_interface - INFO - 开始检测唤醒词...
2025-08-05 09:56:16,650 - __main__ - INFO - 等待唤醒词...
2025-08-05 09:56:16,651 - hardware.audio_interface - INFO - 开始检测唤醒词...
2025-08-05 09:56:21,706 - __main__ - INFO - 等待唤醒词...
2025-08-05 09:56:21,707 - hardware.audio_interface - INFO - 开始检测唤醒词...
2025-08-05 09:56:26,811 - __main__ - INFO - 等待唤醒词...
2025-08-05 09:56:26,812 - hardware.audio_interface - INFO - 开始检测唤醒词...
2025-08-05 09:56:31,821 - __main__ - INFO - 等待唤醒词...
2025-08-05 09:56:31,823 - hardware.audio_interface - INFO - 开始检测唤醒词...
2025-08-05 09:56:36,913 - __main__ - INFO - 等待唤醒词...
2025-08-05 09:56:36,915 - hardware.audio_interface - INFO - 开始检测唤醒词...
2025-08-05 09:56:41,973 - __main__ - INFO - 等待唤醒词...
2025-08-05 09:56:41,975 - hardware.audio_interface - INFO - 开始检测唤醒词...
2025-08-05 09:56:47,030 - __main__ - INFO - 等待唤醒词...
2025-08-05 09:56:47,031 - hardware.audio_interface - INFO - 开始检测唤醒词...
2025-08-05 09:56:52,141 - __main__ - INFO - 等待唤醒词...
2025-08-05 09:56:52,144 - hardware.audio_interface - INFO - 开始检测唤醒词...
2025-08-05 09:56:57,237 - __main__ - INFO - 等待唤醒词...
2025-08-05 09:56:57,239 - hardware.audio_interface - INFO - 开始检测唤醒词...
2025-08-05 09:57:02,262 - __main__ - INFO - 等待唤醒词...
2025-08-05 09:57:02,263 - hardware.audio_interface - INFO - 开始检测唤醒词...
2025-08-05 09:57:07,281 - __main__ - INFO - 等待唤醒词...
2025-08-05 09:57:07,282 - hardware.audio_interface - INFO - 开始检测唤醒词...
2025-08-05 09:57:12,374 - __main__ - INFO - 等待唤醒词...
2025-08-05 09:57:12,375 - hardware.audio_interface - INFO - 开始检测唤醒词...
2025-08-05 09:57:17,467 - __main__ - INFO - 等待唤醒词...
2025-08-05 09:57:17,469 - hardware.audio_interface - INFO - 开始检测唤醒词...
2025-08-05 09:57:22,560 - __main__ - INFO - 等待唤醒词...
2025-08-05 09:57:22,562 - hardware.audio_interface - INFO - 开始检测唤醒词...
2025-08-05 09:57:27,614 - __main__ - INFO - 等待唤醒词...
2025-08-05 09:57:27,615 - hardware.audio_interface - INFO - 开始检测唤醒词...
2025-08-05 09:57:32,668 - __main__ - INFO - 等待唤醒词...
2025-08-05 09:57:32,669 - hardware.audio_interface - INFO - 开始检测唤醒词...
2025-08-05 09:57:37,687 - __main__ - INFO - 等待唤醒词...
2025-08-05 09:57:37,689 - hardware.audio_interface - INFO - 开始检测唤醒词...
2025-08-05 09:57:42,691 - __main__ - INFO - 等待唤醒词...
2025-08-05 09:57:42,693 - hardware.audio_interface - INFO - 开始检测唤醒词...
2025-08-05 09:57:47,793 - __main__ - INFO - 等待唤醒词...
2025-08-05 09:57:47,795 - hardware.audio_interface - INFO - 开始检测唤醒词...
2025-08-05 09:57:52,892 - __main__ - INFO - 等待唤醒词...
2025-08-05 09:57:52,894 - hardware.audio_interface - INFO - 开始检测唤醒词...
2025-08-05 09:57:57,900 - __main__ - INFO - 等待唤醒词...
2025-08-05 09:57:57,901 - hardware.audio_interface - INFO - 开始检测唤醒词...
2025-08-05 09:58:03,000 - __main__ - INFO - 等待唤醒词...
2025-08-05 09:58:03,001 - hardware.audio_interface - INFO - 开始检测唤醒词...
2025-08-05 09:58:08,124 - __main__ - INFO - 等待唤醒词...
2025-08-05 09:58:08,135 - hardware.audio_interface - INFO - 开始检测唤醒词...
2025-08-05 09:58:13,143 - __main__ - INFO - 等待唤醒词...
2025-08-05 09:58:13,145 - hardware.audio_interface - INFO - 开始检测唤醒词...
2025-08-05 09:58:18,199 - __main__ - INFO - 等待唤醒词...
2025-08-05 09:58:18,200 - hardware.audio_interface - INFO - 开始检测唤醒词...
2025-08-05 09:58:23,238 - __main__ - INFO - 等待唤醒词...
2025-08-05 09:58:23,239 - hardware.audio_interface - INFO - 开始检测唤醒词...
2025-08-05 09:58:28,250 - __main__ - INFO - 等待唤醒词...
2025-08-05 09:58:28,251 - hardware.audio_interface - INFO - 开始检测唤醒词...
2025-08-05 09:58:33,273 - __main__ - INFO - 等待唤醒词...
2025-08-05 09:58:33,275 - hardware.audio_interface - INFO - 开始检测唤醒词...
2025-08-05 09:58:38,329 - __main__ - INFO - 等待唤醒词...
2025-08-05 09:58:38,330 - hardware.audio_interface - INFO - 开始检测唤醒词...
2025-08-05 09:58:43,427 - __main__ - INFO - 等待唤醒词...
2025-08-05 09:58:43,429 - hardware.audio_interface - INFO - 开始检测唤醒词...
2025-08-05 09:58:48,498 - __main__ - INFO - 等待唤醒词...
2025-08-05 09:58:48,499 - hardware.audio_interface - INFO - 开始检测唤醒词...
2025-08-05 09:58:53,544 - __main__ - INFO - 等待唤醒词...
2025-08-05 09:58:53,546 - hardware.audio_interface - INFO - 开始检测唤醒词...
2025-08-05 09:58:58,601 - __main__ - INFO - 等待唤醒词...
2025-08-05 09:58:58,602 - hardware.audio_interface - INFO - 开始检测唤醒词...
2025-08-05 09:59:03,612 - __main__ - INFO - 等待唤醒词...
2025-08-05 09:59:03,614 - hardware.audio_interface - INFO - 开始检测唤醒词...
2025-08-05 09:59:08,661 - __main__ - INFO - 等待唤醒词...
2025-08-05 09:59:08,662 - hardware.audio_interface - INFO - 开始检测唤醒词...
2025-08-05 09:59:13,728 - __main__ - INFO - 等待唤醒词...
2025-08-05 09:59:13,730 - hardware.audio_interface - INFO - 开始检测唤醒词...
2025-08-05 09:59:18,822 - __main__ - INFO - 等待唤醒词...
2025-08-05 09:59:18,824 - hardware.audio_interface - INFO - 开始检测唤醒词...
2025-08-05 09:59:23,827 - __main__ - INFO - 等待唤醒词...
2025-08-05 09:59:23,828 - hardware.audio_interface - INFO - 开始检测唤醒词...
2025-08-05 09:59:28,863 - __main__ - INFO - 等待唤醒词...
2025-08-05 09:59:28,864 - hardware.audio_interface - INFO - 开始检测唤醒词...
2025-08-05 09:59:33,878 - __main__ - INFO - 等待唤醒词...
2025-08-05 09:59:33,879 - hardware.audio_interface - INFO - 开始检测唤醒词...
2025-08-05 09:59:38,901 - __main__ - INFO - 等待唤醒词...
2025-08-05 09:59:38,903 - hardware.audio_interface - INFO - 开始检测唤醒词...
2025-08-05 09:59:43,921 - __main__ - INFO - 等待唤醒词...
2025-08-05 09:59:43,923 - hardware.audio_interface - INFO - 开始检测唤醒词...
2025-08-05 09:59:49,011 - __main__ - INFO - 等待唤醒词...
2025-08-05 09:59:49,013 - hardware.audio_interface - INFO - 开始检测唤醒词...
2025-08-05 09:59:54,103 - __main__ - INFO - 等待唤醒词...
2025-08-05 09:59:54,105 - hardware.audio_interface - INFO - 开始检测唤醒词...
2025-08-05 09:59:59,182 - __main__ - INFO - 等待唤醒词...
2025-08-05 09:59:59,183 - hardware.audio_interface - INFO - 开始检测唤醒词...
2025-08-05 10:00:04,263 - __main__ - INFO - 等待唤醒词...
2025-08-05 10:00:04,265 - hardware.audio_interface - INFO - 开始检测唤醒词...
2025-08-05 10:00:09,338 - __main__ - INFO - 等待唤醒词...
2025-08-05 10:00:09,339 - hardware.audio_interface - INFO - 开始检测唤醒词...
2025-08-05 10:00:14,354 - __main__ - INFO - 等待唤醒词...
2025-08-05 10:00:14,356 - hardware.audio_interface - INFO - 开始检测唤醒词...
2025-08-05 10:00:19,373 - __main__ - INFO - 等待唤醒词...
2025-08-05 10:00:19,374 - hardware.audio_interface - INFO - 开始检测唤醒词...
2025-08-05 10:00:24,414 - __main__ - INFO - 等待唤醒词...
2025-08-05 10:00:24,418 - hardware.audio_interface - INFO - 开始检测唤醒词...
2025-08-05 10:00:29,480 - __main__ - INFO - 等待唤醒词...
2025-08-05 10:00:29,481 - hardware.audio_interface - INFO - 开始检测唤醒词...
2025-08-05 10:00:34,488 - __main__ - INFO - 等待唤醒词...
2025-08-05 10:00:34,489 - hardware.audio_interface - INFO - 开始检测唤醒词...
2025-08-05 10:00:39,525 - __main__ - INFO - 等待唤醒词...
2025-08-05 10:00:39,526 - hardware.audio_interface - INFO - 开始检测唤醒词...
2025-08-05 10:00:44,533 - __main__ - INFO - 等待唤醒词...
2025-08-05 10:00:44,534 - hardware.audio_interface - INFO - 开始检测唤醒词...
2025-08-05 10:00:49,623 - __main__ - INFO - 等待唤醒词...
2025-08-05 10:00:49,624 - hardware.audio_interface - INFO - 开始检测唤醒词...
2025-08-05 10:00:54,718 - __main__ - INFO - 等待唤醒词...
2025-08-05 10:00:54,719 - hardware.audio_interface - INFO - 开始检测唤醒词...
2025-08-05 10:00:59,747 - __main__ - INFO - 等待唤醒词...
2025-08-05 10:00:59,748 - hardware.audio_interface - INFO - 开始检测唤醒词...
2025-08-05 10:01:04,771 - __main__ - INFO - 等待唤醒词...
2025-08-05 10:01:04,773 - hardware.audio_interface - INFO - 开始检测唤醒词...
2025-08-05 10:01:09,778 - __main__ - INFO - 等待唤醒词...
2025-08-05 10:01:09,779 - hardware.audio_interface - INFO - 开始检测唤醒词...
2025-08-05 10:01:14,827 - __main__ - INFO - 等待唤醒词...
2025-08-05 10:01:14,829 - hardware.audio_interface - INFO - 开始检测唤醒词...
2025-08-05 10:01:19,845 - __main__ - INFO - 等待唤醒词...
2025-08-05 10:01:19,846 - hardware.audio_interface - INFO - 开始检测唤醒词...
2025-08-05 10:01:24,866 - __main__ - INFO - 等待唤醒词...
2025-08-05 10:01:24,868 - hardware.audio_interface - INFO - 开始检测唤醒词...
2025-08-05 10:01:29,890 - __main__ - INFO - 等待唤醒词...
2025-08-05 10:01:29,891 - hardware.audio_interface - INFO - 开始检测唤醒词...
2025-08-05 10:01:34,996 - __main__ - INFO - 等待唤醒词...
2025-08-05 10:01:34,997 - hardware.audio_interface - INFO - 开始检测唤醒词...
2025-08-05 10:01:40,002 - __main__ - INFO - 等待唤醒词...
2025-08-05 10:01:40,003 - hardware.audio_interface - INFO - 开始检测唤醒词...
2025-08-05 10:01:45,108 - __main__ - INFO - 等待唤醒词...
2025-08-05 10:01:45,109 - hardware.audio_interface - INFO - 开始检测唤醒词...
2025-08-05 10:01:50,113 - __main__ - INFO - 等待唤醒词...
2025-08-05 10:01:50,115 - hardware.audio_interface - INFO - 开始检测唤醒词...
2025-08-05 10:01:55,209 - __main__ - INFO - 等待唤醒词...
2025-08-05 10:01:55,220 - hardware.audio_interface - INFO - 开始检测唤醒词...
2025-08-05 10:02:00,276 - __main__ - INFO - 等待唤醒词...
2025-08-05 10:02:00,278 - hardware.audio_interface - INFO - 开始检测唤醒词...
2025-08-05 10:02:05,281 - __main__ - INFO - 等待唤醒词...
2025-08-05 10:02:05,282 - hardware.audio_interface - INFO - 开始检测唤醒词...
2025-08-05 10:02:10,346 - __main__ - INFO - 等待唤醒词...
2025-08-05 10:02:10,347 - hardware.audio_interface - INFO - 开始检测唤醒词...
2025-08-05 10:02:15,428 - __main__ - INFO - 等待唤醒词...
2025-08-05 10:02:15,430 - hardware.audio_interface - INFO - 开始检测唤醒词...
2025-08-05 10:02:20,446 - __main__ - INFO - 等待唤醒词...
2025-08-05 10:02:20,448 - hardware.audio_interface - INFO - 开始检测唤醒词...
2025-08-05 10:02:25,452 - __main__ - INFO - 等待唤醒词...
2025-08-05 10:02:25,453 - hardware.audio_interface - INFO - 开始检测唤醒词...
2025-08-05 10:02:30,530 - __main__ - INFO - 等待唤醒词...
2025-08-05 10:02:30,531 - hardware.audio_interface - INFO - 开始检测唤醒词...
2025-08-05 10:02:35,613 - __main__ - INFO - 等待唤醒词...
2025-08-05 10:02:35,614 - hardware.audio_interface - INFO - 开始检测唤醒词...
2025-08-05 10:02:40,694 - __main__ - INFO - 等待唤醒词...
2025-08-05 10:02:40,696 - hardware.audio_interface - INFO - 开始检测唤醒词...
2025-08-05 10:02:45,719 - __main__ - INFO - 等待唤醒词...
2025-08-05 10:02:45,721 - hardware.audio_interface - INFO - 开始检测唤醒词...
2025-08-05 10:02:50,811 - __main__ - INFO - 等待唤醒词...
2025-08-05 10:02:50,813 - hardware.audio_interface - INFO - 开始检测唤醒词...
2025-08-05 10:02:55,838 - __main__ - INFO - 等待唤醒词...
2025-08-05 10:02:55,839 - hardware.audio_interface - INFO - 开始检测唤醒词...
2025-08-05 10:03:00,925 - __main__ - INFO - 等待唤醒词...
2025-08-05 10:03:00,927 - hardware.audio_interface - INFO - 开始检测唤醒词...
2025-08-05 10:03:05,939 - __main__ - INFO - 等待唤醒词...
2025-08-05 10:03:05,940 - hardware.audio_interface - INFO - 开始检测唤醒词...
2025-08-05 10:03:11,021 - __main__ - INFO - 等待唤醒词...
2025-08-05 10:03:11,022 - hardware.audio_interface - INFO - 开始检测唤醒词...
2025-08-05 10:03:16,043 - __main__ - INFO - 等待唤醒词...
2025-08-05 10:03:16,044 - hardware.audio_interface - INFO - 开始检测唤醒词...
2025-08-05 10:03:21,142 - __main__ - INFO - 等待唤醒词...
2025-08-05 10:03:21,143 - hardware.audio_interface - INFO - 开始检测唤醒词...
2025-08-05 10:03:26,169 - __main__ - INFO - 等待唤醒词...
2025-08-05 10:03:26,171 - hardware.audio_interface - INFO - 开始检测唤醒词...
2025-08-05 10:03:31,225 - __main__ - INFO - 等待唤醒词...
2025-08-05 10:03:31,226 - hardware.audio_interface - INFO - 开始检测唤醒词...
2025-08-05 10:03:36,245 - __main__ - INFO - 等待唤醒词...
2025-08-05 10:03:36,247 - hardware.audio_interface - INFO - 开始检测唤醒词...
2025-08-05 10:03:41,252 - __main__ - INFO - 等待唤醒词...
2025-08-05 10:03:41,254 - hardware.audio_interface - INFO - 开始检测唤醒词...
2025-08-05 10:03:46,310 - __main__ - INFO - 等待唤醒词...
2025-08-05 10:03:46,314 - hardware.audio_interface - INFO - 开始检测唤醒词...
2025-08-05 10:03:51,365 - __main__ - INFO - 等待唤醒词...
2025-08-05 10:03:51,367 - hardware.audio_interface - INFO - 开始检测唤醒词...
2025-08-05 10:03:56,370 - __main__ - INFO - 等待唤醒词...
2025-08-05 10:03:56,372 - hardware.audio_interface - INFO - 开始检测唤醒词...
2025-08-05 10:04:01,425 - __main__ - INFO - 等待唤醒词...
2025-08-05 10:04:01,425 - hardware.audio_interface - INFO - 开始检测唤醒词...
2025-08-05 10:04:06,426 - __main__ - INFO - 等待唤醒词...
2025-08-05 10:04:06,426 - hardware.audio_interface - INFO - 开始检测唤醒词...
2025-08-05 10:04:11,475 - __main__ - INFO - 等待唤醒词...
2025-08-05 10:04:11,476 - hardware.audio_interface - INFO - 开始检测唤醒词...
2025-08-05 10:04:16,551 - __main__ - INFO - 等待唤醒词...
2025-08-05 10:04:16,551 - hardware.audio_interface - INFO - 开始检测唤醒词...
2025-08-05 10:04:21,612 - __main__ - INFO - 等待唤醒词...
2025-08-05 10:04:21,612 - hardware.audio_interface - INFO - 开始检测唤醒词...
2025-08-05 10:04:26,664 - __main__ - INFO - 等待唤醒词...
2025-08-05 10:04:26,665 - hardware.audio_interface - INFO - 开始检测唤醒词...
2025-08-05 10:04:31,772 - __main__ - INFO - 等待唤醒词...
2025-08-05 10:04:31,772 - hardware.audio_interface - INFO - 开始检测唤醒词...
2025-08-05 10:04:36,791 - __main__ - INFO - 等待唤醒词...
2025-08-05 10:04:36,791 - hardware.audio_interface - INFO - 开始检测唤醒词...
2025-08-05 10:04:41,820 - __main__ - INFO - 等待唤醒词...
2025-08-05 10:04:41,821 - hardware.audio_interface - INFO - 开始检测唤醒词...
2025-08-05 10:04:46,955 - __main__ - INFO - 等待唤醒词...
2025-08-05 10:04:46,955 - hardware.audio_interface - INFO - 开始检测唤醒词...
2025-08-05 10:04:52,010 - __main__ - INFO - 等待唤醒词...
2025-08-05 10:04:52,011 - hardware.audio_interface - INFO - 开始检测唤醒词...
2025-08-05 10:04:57,064 - __main__ - INFO - 等待唤醒词...
2025-08-05 10:04:57,065 - hardware.audio_interface - INFO - 开始检测唤醒词...
2025-08-05 10:05:02,097 - __main__ - INFO - 等待唤醒词...
2025-08-05 10:05:02,097 - hardware.audio_interface - INFO - 开始检测唤醒词...
2025-08-05 10:05:07,158 - __main__ - INFO - 等待唤醒词...
2025-08-05 10:05:07,158 - hardware.audio_interface - INFO - 开始检测唤醒词...
2025-08-05 10:05:12,190 - __main__ - INFO - 等待唤醒词...
2025-08-05 10:05:12,191 - hardware.audio_interface - INFO - 开始检测唤醒词...
2025-08-05 10:05:13,928 - apscheduler.executors.default - INFO - Running job "CleanupScheduler._cleanup_task (trigger: interval[0:10:00], next run at: 2025-08-05 10:15:13 CST)" (scheduled at 2025-08-05 10:05:13.928387+08:00)
2025-08-05 10:05:13,928 - utils.cleaner - INFO - 完成安全清理，共删除 0 个旧文件
2025-08-05 10:05:13,928 - apscheduler.executors.default - INFO - Job "CleanupScheduler._cleanup_task (trigger: interval[0:10:00], next run at: 2025-08-05 10:15:13 CST)" executed successfully
2025-08-05 10:05:17,244 - __main__ - INFO - 等待唤醒词...
2025-08-05 10:05:17,246 - hardware.audio_interface - INFO - 开始检测唤醒词...
2025-08-05 10:05:22,298 - __main__ - INFO - 等待唤醒词...
2025-08-05 10:05:22,298 - hardware.audio_interface - INFO - 开始检测唤醒词...
2025-08-05 10:05:27,352 - __main__ - INFO - 等待唤醒词...
2025-08-05 10:05:27,352 - hardware.audio_interface - INFO - 开始检测唤醒词...
2025-08-05 10:05:32,406 - __main__ - INFO - 等待唤醒词...
2025-08-05 10:05:32,406 - hardware.audio_interface - INFO - 开始检测唤醒词...
2025-08-05 10:05:37,412 - __main__ - INFO - 等待唤醒词...
2025-08-05 10:05:37,413 - hardware.audio_interface - INFO - 开始检测唤醒词...
2025-08-05 10:05:42,466 - __main__ - INFO - 等待唤醒词...
2025-08-05 10:05:42,466 - hardware.audio_interface - INFO - 开始检测唤醒词...
2025-08-05 10:05:47,522 - __main__ - INFO - 等待唤醒词...
2025-08-05 10:05:47,523 - hardware.audio_interface - INFO - 开始检测唤醒词...
2025-08-05 10:05:52,576 - __main__ - INFO - 等待唤醒词...
2025-08-05 10:05:52,576 - hardware.audio_interface - INFO - 开始检测唤醒词...
2025-08-05 10:05:57,629 - __main__ - INFO - 等待唤醒词...
2025-08-05 10:05:57,630 - hardware.audio_interface - INFO - 开始检测唤醒词...
2025-08-05 10:06:02,650 - __main__ - INFO - 等待唤醒词...
2025-08-05 10:06:02,651 - hardware.audio_interface - INFO - 开始检测唤醒词...
2025-08-05 10:06:07,708 - __main__ - INFO - 等待唤醒词...
2025-08-05 10:06:07,709 - hardware.audio_interface - INFO - 开始检测唤醒词...
2025-08-05 10:06:12,762 - __main__ - INFO - 等待唤醒词...
2025-08-05 10:06:12,763 - hardware.audio_interface - INFO - 开始检测唤醒词...
2025-08-05 10:06:17,816 - __main__ - INFO - 等待唤醒词...
2025-08-05 10:06:17,817 - hardware.audio_interface - INFO - 开始检测唤醒词...
2025-08-05 10:06:22,870 - __main__ - INFO - 等待唤醒词...
2025-08-05 10:06:22,871 - hardware.audio_interface - INFO - 开始检测唤醒词...
2025-08-05 10:06:27,925 - __main__ - INFO - 等待唤醒词...
2025-08-05 10:06:27,926 - hardware.audio_interface - INFO - 开始检测唤醒词...
2025-08-05 10:06:32,980 - __main__ - INFO - 等待唤醒词...
2025-08-05 10:06:32,981 - hardware.audio_interface - INFO - 开始检测唤醒词...
2025-08-05 10:06:38,037 - __main__ - INFO - 等待唤醒词...
2025-08-05 10:06:38,040 - hardware.audio_interface - INFO - 开始检测唤醒词...
2025-08-05 10:06:43,123 - __main__ - INFO - 等待唤醒词...
2025-08-05 10:06:43,123 - hardware.audio_interface - INFO - 开始检测唤醒词...
2025-08-05 10:06:48,177 - __main__ - INFO - 等待唤醒词...
2025-08-05 10:06:48,178 - hardware.audio_interface - INFO - 开始检测唤醒词...
2025-08-05 10:06:53,284 - __main__ - INFO - 等待唤醒词...
2025-08-05 10:06:53,285 - hardware.audio_interface - INFO - 开始检测唤醒词...
2025-08-05 10:06:58,373 - __main__ - INFO - 等待唤醒词...
2025-08-05 10:06:58,374 - hardware.audio_interface - INFO - 开始检测唤醒词...
2025-08-05 10:07:03,452 - __main__ - INFO - 等待唤醒词...
2025-08-05 10:07:03,453 - hardware.audio_interface - INFO - 开始检测唤醒词...
2025-08-05 10:07:08,523 - __main__ - INFO - 等待唤醒词...
2025-08-05 10:07:08,527 - hardware.audio_interface - INFO - 开始检测唤醒词...
2025-08-05 10:07:13,584 - __main__ - INFO - 等待唤醒词...
2025-08-05 10:07:13,585 - hardware.audio_interface - INFO - 开始检测唤醒词...
2025-08-05 10:07:18,637 - __main__ - INFO - 等待唤醒词...
2025-08-05 10:07:18,637 - hardware.audio_interface - INFO - 开始检测唤醒词...
2025-08-05 10:07:23,678 - __main__ - INFO - 等待唤醒词...
2025-08-05 10:07:23,679 - hardware.audio_interface - INFO - 开始检测唤醒词...
2025-08-05 10:07:28,733 - __main__ - INFO - 等待唤醒词...
2025-08-05 10:07:28,733 - hardware.audio_interface - INFO - 开始检测唤醒词...
2025-08-05 10:07:33,755 - __main__ - INFO - 等待唤醒词...
2025-08-05 10:07:33,756 - hardware.audio_interface - INFO - 开始检测唤醒词...
2025-08-05 10:07:38,861 - __main__ - INFO - 等待唤醒词...
2025-08-05 10:07:38,862 - hardware.audio_interface - INFO - 开始检测唤醒词...
2025-08-05 10:07:43,914 - __main__ - INFO - 等待唤醒词...
2025-08-05 10:07:43,914 - hardware.audio_interface - INFO - 开始检测唤醒词...
2025-08-05 10:07:48,968 - __main__ - INFO - 等待唤醒词...
2025-08-05 10:07:48,968 - hardware.audio_interface - INFO - 开始检测唤醒词...
2025-08-05 10:07:54,022 - __main__ - INFO - 等待唤醒词...
2025-08-05 10:07:54,022 - hardware.audio_interface - INFO - 开始检测唤醒词...
2025-08-05 10:07:59,074 - __main__ - INFO - 等待唤醒词...
2025-08-05 10:07:59,074 - hardware.audio_interface - INFO - 开始检测唤醒词...
2025-08-05 10:08:04,076 - __main__ - INFO - 等待唤醒词...
2025-08-05 10:08:04,076 - hardware.audio_interface - INFO - 开始检测唤醒词...
2025-08-05 10:08:09,181 - __main__ - INFO - 等待唤醒词...
2025-08-05 10:08:09,182 - hardware.audio_interface - INFO - 开始检测唤醒词...
2025-08-05 10:08:14,235 - __main__ - INFO - 等待唤醒词...
2025-08-05 10:08:14,235 - hardware.audio_interface - INFO - 开始检测唤醒词...
2025-08-05 10:08:19,289 - __main__ - INFO - 等待唤醒词...
2025-08-05 10:08:19,289 - hardware.audio_interface - INFO - 开始检测唤醒词...
2025-08-05 10:08:24,378 - __main__ - INFO - 等待唤醒词...
2025-08-05 10:08:24,379 - hardware.audio_interface - INFO - 开始检测唤醒词...
2025-08-05 10:08:29,473 - __main__ - INFO - 等待唤醒词...
2025-08-05 10:08:29,473 - hardware.audio_interface - INFO - 开始检测唤醒词...
2025-08-05 10:08:34,494 - __main__ - INFO - 等待唤醒词...
2025-08-05 10:08:34,495 - hardware.audio_interface - INFO - 开始检测唤醒词...
2025-08-05 10:08:39,576 - __main__ - INFO - 等待唤醒词...
2025-08-05 10:08:39,576 - hardware.audio_interface - INFO - 开始检测唤醒词...
2025-08-05 10:08:44,628 - __main__ - INFO - 等待唤醒词...
2025-08-05 10:08:44,629 - hardware.audio_interface - INFO - 开始检测唤醒词...
2025-08-05 10:08:49,690 - __main__ - INFO - 等待唤醒词...
2025-08-05 10:08:49,691 - hardware.audio_interface - INFO - 开始检测唤醒词...
2025-08-05 10:08:54,746 - __main__ - INFO - 等待唤醒词...
2025-08-05 10:08:54,746 - hardware.audio_interface - INFO - 开始检测唤醒词...
2025-08-05 10:08:59,801 - __main__ - INFO - 等待唤醒词...
2025-08-05 10:08:59,802 - hardware.audio_interface - INFO - 开始检测唤醒词...
2025-08-05 10:09:04,836 - __main__ - INFO - 等待唤醒词...
2025-08-05 10:09:04,837 - hardware.audio_interface - INFO - 开始检测唤醒词...
2025-08-05 10:09:09,907 - __main__ - INFO - 等待唤醒词...
2025-08-05 10:09:09,908 - hardware.audio_interface - INFO - 开始检测唤醒词...
2025-08-05 10:09:15,006 - __main__ - INFO - 等待唤醒词...
2025-08-05 10:09:15,007 - hardware.audio_interface - INFO - 开始检测唤醒词...
2025-08-05 10:09:20,061 - __main__ - INFO - 等待唤醒词...
2025-08-05 10:09:20,062 - hardware.audio_interface - INFO - 开始检测唤醒词...
2025-08-05 10:09:25,112 - __main__ - INFO - 等待唤醒词...
2025-08-05 10:09:25,113 - hardware.audio_interface - INFO - 开始检测唤醒词...
2025-08-05 10:09:30,152 - __main__ - INFO - 等待唤醒词...
2025-08-05 10:09:30,152 - hardware.audio_interface - INFO - 开始检测唤醒词...
2025-08-05 10:09:35,269 - __main__ - INFO - 等待唤醒词...
2025-08-05 10:09:35,269 - hardware.audio_interface - INFO - 开始检测唤醒词...
2025-08-05 10:09:40,301 - __main__ - INFO - 等待唤醒词...
2025-08-05 10:09:40,301 - hardware.audio_interface - INFO - 开始检测唤醒词...
2025-08-05 10:09:45,353 - __main__ - INFO - 等待唤醒词...
2025-08-05 10:09:45,353 - hardware.audio_interface - INFO - 开始检测唤醒词...
2025-08-05 10:09:50,405 - __main__ - INFO - 等待唤醒词...
2025-08-05 10:09:50,405 - hardware.audio_interface - INFO - 开始检测唤醒词...
2025-08-05 10:09:55,457 - __main__ - INFO - 等待唤醒词...
2025-08-05 10:09:55,458 - hardware.audio_interface - INFO - 开始检测唤醒词...
2025-08-05 10:10:00,515 - __main__ - INFO - 等待唤醒词...
2025-08-05 10:10:00,516 - hardware.audio_interface - INFO - 开始检测唤醒词...
2025-08-05 10:10:05,517 - __main__ - INFO - 等待唤醒词...
2025-08-05 10:10:05,521 - hardware.audio_interface - INFO - 开始检测唤醒词...
2025-08-05 10:10:10,538 - __main__ - INFO - 等待唤醒词...
2025-08-05 10:10:10,538 - hardware.audio_interface - INFO - 开始检测唤醒词...
2025-08-05 10:10:15,599 - __main__ - INFO - 等待唤醒词...
2025-08-05 10:10:15,599 - hardware.audio_interface - INFO - 开始检测唤醒词...
2025-08-05 10:10:20,652 - __main__ - INFO - 等待唤醒词...
2025-08-05 10:10:20,652 - hardware.audio_interface - INFO - 开始检测唤醒词...
2025-08-05 10:10:25,757 - __main__ - INFO - 等待唤醒词...
2025-08-05 10:10:25,758 - hardware.audio_interface - INFO - 开始检测唤醒词...
2025-08-05 10:10:30,849 - __main__ - INFO - 等待唤醒词...
2025-08-05 10:10:30,850 - hardware.audio_interface - INFO - 开始检测唤醒词...
2025-08-05 10:10:35,867 - __main__ - INFO - 等待唤醒词...
2025-08-05 10:10:35,868 - hardware.audio_interface - INFO - 开始检测唤醒词...
2025-08-05 10:10:40,921 - __main__ - INFO - 等待唤醒词...
2025-08-05 10:10:40,922 - hardware.audio_interface - INFO - 开始检测唤醒词...
2025-08-05 10:10:45,941 - __main__ - INFO - 等待唤醒词...
2025-08-05 10:10:45,942 - hardware.audio_interface - INFO - 开始检测唤醒词...
2025-08-05 10:10:51,047 - __main__ - INFO - 等待唤醒词...
2025-08-05 10:10:51,048 - hardware.audio_interface - INFO - 开始检测唤醒词...
2025-08-05 10:10:56,049 - __main__ - INFO - 等待唤醒词...
2025-08-05 10:10:56,049 - hardware.audio_interface - INFO - 开始检测唤醒词...
2025-08-05 10:11:01,149 - __main__ - INFO - 等待唤醒词...
2025-08-05 10:11:01,150 - hardware.audio_interface - INFO - 开始检测唤醒词...
2025-08-05 10:11:06,264 - __main__ - INFO - 等待唤醒词...
2025-08-05 10:11:06,270 - hardware.audio_interface - INFO - 开始检测唤醒词...
2025-08-05 10:11:11,363 - __main__ - INFO - 等待唤醒词...
2025-08-05 10:11:11,363 - hardware.audio_interface - INFO - 开始检测唤醒词...
2025-08-05 10:11:16,385 - __main__ - INFO - 等待唤醒词...
2025-08-05 10:11:16,386 - hardware.audio_interface - INFO - 开始检测唤醒词...
2025-08-05 10:11:21,437 - __main__ - INFO - 等待唤醒词...
2025-08-05 10:11:21,438 - hardware.audio_interface - INFO - 开始检测唤醒词...
2025-08-05 10:11:26,439 - __main__ - INFO - 等待唤醒词...
2025-08-05 10:11:26,439 - hardware.audio_interface - INFO - 开始检测唤醒词...
2025-08-05 10:11:31,442 - __main__ - INFO - 等待唤醒词...
2025-08-05 10:11:31,443 - hardware.audio_interface - INFO - 开始检测唤醒词...
2025-08-05 10:11:36,547 - __main__ - INFO - 等待唤醒词...
2025-08-05 10:11:36,552 - hardware.audio_interface - INFO - 开始检测唤醒词...
2025-08-05 10:11:41,639 - __main__ - INFO - 等待唤醒词...
2025-08-05 10:11:41,639 - hardware.audio_interface - INFO - 开始检测唤醒词...
2025-08-05 10:11:46,659 - __main__ - INFO - 等待唤醒词...
2025-08-05 10:11:46,659 - hardware.audio_interface - INFO - 开始检测唤醒词...
2025-08-05 10:11:51,712 - __main__ - INFO - 等待唤醒词...
2025-08-05 10:11:51,713 - hardware.audio_interface - INFO - 开始检测唤醒词...
2025-08-05 10:11:56,818 - __main__ - INFO - 等待唤醒词...
2025-08-05 10:11:56,818 - hardware.audio_interface - INFO - 开始检测唤醒词...
2025-08-05 10:12:01,837 - __main__ - INFO - 等待唤醒词...
2025-08-05 10:12:01,838 - hardware.audio_interface - INFO - 开始检测唤醒词...
2025-08-05 10:12:06,942 - __main__ - INFO - 等待唤醒词...
2025-08-05 10:12:06,942 - hardware.audio_interface - INFO - 开始检测唤醒词...
2025-08-05 10:12:11,995 - __main__ - INFO - 等待唤醒词...
2025-08-05 10:12:11,995 - hardware.audio_interface - INFO - 开始检测唤醒词...
2025-08-05 10:12:17,050 - __main__ - INFO - 等待唤醒词...
2025-08-05 10:12:17,051 - hardware.audio_interface - INFO - 开始检测唤醒词...
2025-08-05 10:12:22,102 - __main__ - INFO - 等待唤醒词...
2025-08-05 10:12:22,103 - hardware.audio_interface - INFO - 开始检测唤醒词...
2025-08-05 10:12:27,209 - __main__ - INFO - 等待唤醒词...
2025-08-05 10:12:27,210 - hardware.audio_interface - INFO - 开始检测唤醒词...
2025-08-05 10:12:32,252 - __main__ - INFO - 等待唤醒词...
2025-08-05 10:12:32,253 - hardware.audio_interface - INFO - 开始检测唤醒词...
2025-08-05 10:12:37,331 - __main__ - INFO - 等待唤醒词...
2025-08-05 10:12:37,332 - hardware.audio_interface - INFO - 开始检测唤醒词...
2025-08-05 10:12:42,383 - __main__ - INFO - 等待唤醒词...
2025-08-05 10:12:42,384 - hardware.audio_interface - INFO - 开始检测唤醒词...
2025-08-05 10:12:47,403 - __main__ - INFO - 等待唤醒词...
2025-08-05 10:12:47,403 - hardware.audio_interface - INFO - 开始检测唤醒词...
2025-08-05 10:12:52,415 - __main__ - INFO - 等待唤醒词...
2025-08-05 10:12:52,416 - hardware.audio_interface - INFO - 开始检测唤醒词...
2025-08-05 10:12:57,445 - __main__ - INFO - 等待唤醒词...
2025-08-05 10:12:57,446 - hardware.audio_interface - INFO - 开始检测唤醒词...
2025-08-05 10:13:02,518 - __main__ - INFO - 等待唤醒词...
2025-08-05 10:13:02,520 - hardware.audio_interface - INFO - 开始检测唤醒词...
2025-08-05 10:13:07,528 - __main__ - INFO - 等待唤醒词...
2025-08-05 10:13:07,529 - hardware.audio_interface - INFO - 开始检测唤醒词...
2025-08-05 10:13:12,634 - __main__ - INFO - 等待唤醒词...
2025-08-05 10:13:12,635 - hardware.audio_interface - INFO - 开始检测唤醒词...
2025-08-05 10:13:17,740 - __main__ - INFO - 等待唤醒词...
2025-08-05 10:13:17,740 - hardware.audio_interface - INFO - 开始检测唤醒词...
2025-08-05 10:13:22,825 - __main__ - INFO - 等待唤醒词...
2025-08-05 10:13:22,826 - hardware.audio_interface - INFO - 开始检测唤醒词...
2025-08-05 10:13:27,947 - __main__ - INFO - 等待唤醒词...
2025-08-05 10:13:27,949 - hardware.audio_interface - INFO - 开始检测唤醒词...
2025-08-05 10:13:33,026 - __main__ - INFO - 等待唤醒词...
2025-08-05 10:13:33,028 - hardware.audio_interface - INFO - 开始检测唤醒词...
2025-08-05 10:13:38,086 - __main__ - INFO - 等待唤醒词...
2025-08-05 10:13:38,088 - hardware.audio_interface - INFO - 开始检测唤醒词...
2025-08-05 10:13:43,131 - __main__ - INFO - 等待唤醒词...
2025-08-05 10:13:43,132 - hardware.audio_interface - INFO - 开始检测唤醒词...
2025-08-05 10:13:48,157 - __main__ - INFO - 等待唤醒词...
2025-08-05 10:13:48,158 - hardware.audio_interface - INFO - 开始检测唤醒词...
2025-08-05 10:13:53,211 - __main__ - INFO - 等待唤醒词...
2025-08-05 10:13:53,214 - hardware.audio_interface - INFO - 开始检测唤醒词...
2025-08-05 10:13:58,269 - __main__ - INFO - 等待唤醒词...
2025-08-05 10:13:58,271 - hardware.audio_interface - INFO - 开始检测唤醒词...
2025-08-05 10:14:03,322 - __main__ - INFO - 等待唤醒词...
2025-08-05 10:14:03,324 - hardware.audio_interface - INFO - 开始检测唤醒词...
2025-08-05 10:14:08,375 - __main__ - INFO - 等待唤醒词...
2025-08-05 10:14:08,376 - hardware.audio_interface - INFO - 开始检测唤醒词...
2025-08-05 10:14:13,456 - __main__ - INFO - 等待唤醒词...
2025-08-05 10:14:13,457 - hardware.audio_interface - INFO - 开始检测唤醒词...
2025-08-05 10:14:18,558 - __main__ - INFO - 等待唤醒词...
2025-08-05 10:14:18,564 - hardware.audio_interface - INFO - 开始检测唤醒词...
2025-08-05 10:14:23,615 - __main__ - INFO - 等待唤醒词...
2025-08-05 10:14:23,617 - hardware.audio_interface - INFO - 开始检测唤醒词...
2025-08-05 10:14:28,707 - __main__ - INFO - 等待唤醒词...
2025-08-05 10:14:28,708 - hardware.audio_interface - INFO - 开始检测唤醒词...
2025-08-05 10:14:33,764 - __main__ - INFO - 等待唤醒词...
2025-08-05 10:14:33,765 - hardware.audio_interface - INFO - 开始检测唤醒词...
2025-08-05 10:14:38,836 - __main__ - INFO - 等待唤醒词...
2025-08-05 10:14:38,837 - hardware.audio_interface - INFO - 开始检测唤醒词...
2025-08-05 10:14:43,841 - __main__ - INFO - 等待唤醒词...
2025-08-05 10:14:43,843 - hardware.audio_interface - INFO - 开始检测唤醒词...
2025-08-05 10:14:48,947 - __main__ - INFO - 等待唤醒词...
2025-08-05 10:14:48,949 - hardware.audio_interface - INFO - 开始检测唤醒词...
2025-08-05 10:14:54,055 - __main__ - INFO - 等待唤醒词...
2025-08-05 10:14:54,056 - hardware.audio_interface - INFO - 开始检测唤醒词...
2025-08-05 10:14:59,111 - __main__ - INFO - 等待唤醒词...
2025-08-05 10:14:59,112 - hardware.audio_interface - INFO - 开始检测唤醒词...
2025-08-05 10:15:04,162 - __main__ - INFO - 等待唤醒词...
2025-08-05 10:15:04,164 - hardware.audio_interface - INFO - 开始检测唤醒词...
2025-08-05 10:15:09,220 - __main__ - INFO - 等待唤醒词...
2025-08-05 10:15:09,221 - hardware.audio_interface - INFO - 开始检测唤醒词...
2025-08-05 10:15:13,928 - apscheduler.executors.default - INFO - Running job "CleanupScheduler._cleanup_task (trigger: interval[0:10:00], next run at: 2025-08-05 10:25:13 CST)" (scheduled at 2025-08-05 10:15:13.928387+08:00)
2025-08-05 10:15:13,928 - utils.cleaner - INFO - 完成安全清理，共删除 0 个旧文件
2025-08-05 10:15:13,929 - apscheduler.executors.default - INFO - Job "CleanupScheduler._cleanup_task (trigger: interval[0:10:00], next run at: 2025-08-05 10:25:13 CST)" executed successfully
2025-08-05 10:15:14,232 - __main__ - INFO - 等待唤醒词...
2025-08-05 10:15:14,233 - hardware.audio_interface - INFO - 开始检测唤醒词...
2025-08-05 10:15:19,270 - __main__ - INFO - 等待唤醒词...
2025-08-05 10:15:19,272 - hardware.audio_interface - INFO - 开始检测唤醒词...
2025-08-05 10:15:24,355 - __main__ - INFO - 等待唤醒词...
2025-08-05 10:15:24,358 - hardware.audio_interface - INFO - 开始检测唤醒词...
2025-08-05 10:15:29,442 - __main__ - INFO - 等待唤醒词...
2025-08-05 10:15:29,448 - hardware.audio_interface - INFO - 开始检测唤醒词...
2025-08-05 10:15:34,552 - __main__ - INFO - 等待唤醒词...
2025-08-05 10:15:34,555 - hardware.audio_interface - INFO - 开始检测唤醒词...
2025-08-05 10:15:39,649 - __main__ - INFO - 等待唤醒词...
2025-08-05 10:15:39,651 - hardware.audio_interface - INFO - 开始检测唤醒词...
2025-08-05 10:15:44,666 - __main__ - INFO - 等待唤醒词...
2025-08-05 10:15:44,668 - hardware.audio_interface - INFO - 开始检测唤醒词...
2025-08-05 10:15:49,706 - __main__ - INFO - 等待唤醒词...
2025-08-05 10:15:49,708 - hardware.audio_interface - INFO - 开始检测唤醒词...
2025-08-05 10:15:54,762 - __main__ - INFO - 等待唤醒词...
2025-08-05 10:15:54,764 - hardware.audio_interface - INFO - 开始检测唤醒词...
2025-08-05 10:15:59,816 - __main__ - INFO - 等待唤醒词...
2025-08-05 10:15:59,817 - hardware.audio_interface - INFO - 开始检测唤醒词...
2025-08-05 10:16:04,871 - __main__ - INFO - 等待唤醒词...
2025-08-05 10:16:04,873 - hardware.audio_interface - INFO - 开始检测唤醒词...
2025-08-05 10:16:09,971 - __main__ - INFO - 等待唤醒词...
2025-08-05 10:16:09,972 - hardware.audio_interface - INFO - 开始检测唤醒词...
2025-08-05 10:16:15,020 - __main__ - INFO - 等待唤醒词...
2025-08-05 10:16:15,022 - hardware.audio_interface - INFO - 开始检测唤醒词...
2025-08-05 10:16:20,078 - __main__ - INFO - 等待唤醒词...
2025-08-05 10:16:20,080 - hardware.audio_interface - INFO - 开始检测唤醒词...
2025-08-05 10:16:25,131 - __main__ - INFO - 等待唤醒词...
2025-08-05 10:16:25,133 - hardware.audio_interface - INFO - 开始检测唤醒词...
2025-08-05 10:16:30,136 - __main__ - INFO - 等待唤醒词...
2025-08-05 10:16:30,137 - hardware.audio_interface - INFO - 开始检测唤醒词...
2025-08-05 10:16:35,164 - __main__ - INFO - 等待唤醒词...
2025-08-05 10:16:35,166 - hardware.audio_interface - INFO - 开始检测唤醒词...
2025-08-05 10:16:40,219 - __main__ - INFO - 等待唤醒词...
2025-08-05 10:16:40,221 - hardware.audio_interface - INFO - 开始检测唤醒词...
2025-08-05 10:16:45,327 - __main__ - INFO - 等待唤醒词...
2025-08-05 10:16:45,328 - hardware.audio_interface - INFO - 开始检测唤醒词...
2025-08-05 10:16:50,408 - __main__ - INFO - 等待唤醒词...
2025-08-05 10:16:50,409 - hardware.audio_interface - INFO - 开始检测唤醒词...
2025-08-05 10:16:55,410 - __main__ - INFO - 等待唤醒词...
2025-08-05 10:16:55,411 - hardware.audio_interface - INFO - 开始检测唤醒词...
2025-08-05 10:17:00,432 - __main__ - INFO - 等待唤醒词...
2025-08-05 10:17:00,434 - hardware.audio_interface - INFO - 开始检测唤醒词...
2025-08-05 10:17:05,517 - __main__ - INFO - 等待唤醒词...
2025-08-05 10:17:05,519 - hardware.audio_interface - INFO - 开始检测唤醒词...
2025-08-05 10:17:10,552 - __main__ - INFO - 等待唤醒词...
2025-08-05 10:17:10,553 - hardware.audio_interface - INFO - 开始检测唤醒词...
2025-08-05 10:17:15,608 - __main__ - INFO - 等待唤醒词...
2025-08-05 10:17:15,609 - hardware.audio_interface - INFO - 开始检测唤醒词...
2025-08-05 10:17:20,662 - __main__ - INFO - 等待唤醒词...
2025-08-05 10:17:20,663 - hardware.audio_interface - INFO - 开始检测唤醒词...
2025-08-05 10:17:25,719 - __main__ - INFO - 等待唤醒词...
2025-08-05 10:17:25,722 - hardware.audio_interface - INFO - 开始检测唤醒词...
2025-08-05 10:17:30,724 - __main__ - INFO - 等待唤醒词...
2025-08-05 10:17:30,725 - hardware.audio_interface - INFO - 开始检测唤醒词...
2025-08-05 10:17:35,727 - __main__ - INFO - 等待唤醒词...
2025-08-05 10:17:35,728 - hardware.audio_interface - INFO - 开始检测唤醒词...
2025-08-05 10:17:40,794 - __main__ - INFO - 等待唤醒词...
2025-08-05 10:17:40,795 - hardware.audio_interface - INFO - 开始检测唤醒词...
2025-08-05 10:17:45,839 - __main__ - INFO - 等待唤醒词...
2025-08-05 10:17:45,840 - hardware.audio_interface - INFO - 开始检测唤醒词...
2025-08-05 10:17:50,922 - __main__ - INFO - 等待唤醒词...
2025-08-05 10:17:50,926 - hardware.audio_interface - INFO - 开始检测唤醒词...
2025-08-05 10:17:55,960 - __main__ - INFO - 等待唤醒词...
2025-08-05 10:17:55,962 - hardware.audio_interface - INFO - 开始检测唤醒词...
2025-08-05 10:18:01,050 - __main__ - INFO - 等待唤醒词...
2025-08-05 10:18:01,051 - hardware.audio_interface - INFO - 开始检测唤醒词...
2025-08-05 10:18:06,106 - __main__ - INFO - 等待唤醒词...
2025-08-05 10:18:06,110 - hardware.audio_interface - INFO - 开始检测唤醒词...
2025-08-05 10:18:11,167 - __main__ - INFO - 等待唤醒词...
2025-08-05 10:18:11,170 - hardware.audio_interface - INFO - 开始检测唤醒词...
2025-08-05 10:18:16,182 - __main__ - INFO - 等待唤醒词...
2025-08-05 10:18:16,183 - hardware.audio_interface - INFO - 开始检测唤醒词...
2025-08-05 10:18:21,238 - __main__ - INFO - 等待唤醒词...
2025-08-05 10:18:21,240 - hardware.audio_interface - INFO - 开始检测唤醒词...
2025-08-05 10:18:26,292 - __main__ - INFO - 等待唤醒词...
2025-08-05 10:18:26,294 - hardware.audio_interface - INFO - 开始检测唤醒词...
2025-08-05 10:18:31,295 - __main__ - INFO - 等待唤醒词...
2025-08-05 10:18:31,296 - hardware.audio_interface - INFO - 开始检测唤醒词...
2025-08-05 10:18:36,341 - __main__ - INFO - 等待唤醒词...
2025-08-05 10:18:36,342 - hardware.audio_interface - INFO - 开始检测唤醒词...
2025-08-05 10:18:41,385 - __main__ - INFO - 等待唤醒词...
2025-08-05 10:18:41,386 - hardware.audio_interface - INFO - 开始检测唤醒词...
2025-08-05 10:18:46,491 - __main__ - INFO - 等待唤醒词...
2025-08-05 10:18:46,493 - hardware.audio_interface - INFO - 开始检测唤醒词...
2025-08-05 10:18:51,559 - __main__ - INFO - 等待唤醒词...
2025-08-05 10:18:51,560 - hardware.audio_interface - INFO - 开始检测唤醒词...
2025-08-05 10:18:56,598 - __main__ - INFO - 等待唤醒词...
2025-08-05 10:18:56,601 - hardware.audio_interface - INFO - 开始检测唤醒词...
2025-08-05 10:19:01,633 - __main__ - INFO - 等待唤醒词...
2025-08-05 10:19:01,634 - hardware.audio_interface - INFO - 开始检测唤醒词...
2025-08-05 10:19:06,722 - __main__ - INFO - 等待唤醒词...
2025-08-05 10:19:06,724 - hardware.audio_interface - INFO - 开始检测唤醒词...
2025-08-05 10:19:11,758 - __main__ - INFO - 等待唤醒词...
2025-08-05 10:19:11,761 - hardware.audio_interface - INFO - 开始检测唤醒词...
2025-08-05 10:19:16,826 - __main__ - INFO - 等待唤醒词...
2025-08-05 10:19:16,827 - hardware.audio_interface - INFO - 开始检测唤醒词...
2025-08-05 10:19:21,893 - __main__ - INFO - 等待唤醒词...
2025-08-05 10:19:21,895 - hardware.audio_interface - INFO - 开始检测唤醒词...
2025-08-05 10:19:26,962 - __main__ - INFO - 等待唤醒词...
2025-08-05 10:19:26,963 - hardware.audio_interface - INFO - 开始检测唤醒词...
2025-08-05 10:19:32,023 - __main__ - INFO - 等待唤醒词...
2025-08-05 10:19:32,024 - hardware.audio_interface - INFO - 开始检测唤醒词...
2025-08-05 10:19:37,115 - __main__ - INFO - 等待唤醒词...
2025-08-05 10:19:37,116 - hardware.audio_interface - INFO - 开始检测唤醒词...
2025-08-05 10:19:42,208 - __main__ - INFO - 等待唤醒词...
2025-08-05 10:19:42,212 - hardware.audio_interface - INFO - 开始检测唤醒词...
2025-08-05 10:19:47,262 - __main__ - INFO - 等待唤醒词...
2025-08-05 10:19:47,263 - hardware.audio_interface - INFO - 开始检测唤醒词...
2025-08-05 10:19:52,301 - __main__ - INFO - 等待唤醒词...
2025-08-05 10:19:52,302 - hardware.audio_interface - INFO - 开始检测唤醒词...
2025-08-05 10:19:57,390 - __main__ - INFO - 等待唤醒词...
2025-08-05 10:19:57,392 - hardware.audio_interface - INFO - 开始检测唤醒词...
2025-08-05 10:20:02,458 - __main__ - INFO - 等待唤醒词...
2025-08-05 10:20:02,460 - hardware.audio_interface - INFO - 开始检测唤醒词...
2025-08-05 10:20:07,519 - __main__ - INFO - 等待唤醒词...
2025-08-05 10:20:07,523 - hardware.audio_interface - INFO - 开始检测唤醒词...
2025-08-05 10:20:12,576 - __main__ - INFO - 等待唤醒词...
2025-08-05 10:20:12,578 - hardware.audio_interface - INFO - 开始检测唤醒词...
2025-08-05 10:20:17,645 - __main__ - INFO - 等待唤醒词...
2025-08-05 10:20:17,646 - hardware.audio_interface - INFO - 开始检测唤醒词...
2025-08-05 10:20:22,718 - __main__ - INFO - 等待唤醒词...
2025-08-05 10:20:22,720 - hardware.audio_interface - INFO - 开始检测唤醒词...
2025-08-05 10:20:27,748 - __main__ - INFO - 等待唤醒词...
2025-08-05 10:20:27,753 - hardware.audio_interface - INFO - 开始检测唤醒词...
2025-08-05 10:20:32,797 - __main__ - INFO - 等待唤醒词...
2025-08-05 10:20:32,798 - hardware.audio_interface - INFO - 开始检测唤醒词...
2025-08-05 10:20:37,889 - __main__ - INFO - 等待唤醒词...
2025-08-05 10:20:37,891 - hardware.audio_interface - INFO - 开始检测唤醒词...
2025-08-05 10:20:42,978 - __main__ - INFO - 等待唤醒词...
2025-08-05 10:20:42,979 - hardware.audio_interface - INFO - 开始检测唤醒词...
2025-08-05 10:20:48,075 - __main__ - INFO - 等待唤醒词...
2025-08-05 10:20:48,077 - hardware.audio_interface - INFO - 开始检测唤醒词...
2025-08-05 10:20:53,169 - __main__ - INFO - 等待唤醒词...
2025-08-05 10:20:53,172 - hardware.audio_interface - INFO - 开始检测唤醒词...
2025-08-05 10:20:58,237 - __main__ - INFO - 等待唤醒词...
2025-08-05 10:20:58,239 - hardware.audio_interface - INFO - 开始检测唤醒词...
2025-08-05 10:21:03,332 - __main__ - INFO - 等待唤醒词...
2025-08-05 10:21:03,334 - hardware.audio_interface - INFO - 开始检测唤醒词...
2025-08-05 10:21:08,381 - __main__ - INFO - 等待唤醒词...
2025-08-05 10:21:08,383 - hardware.audio_interface - INFO - 开始检测唤醒词...
2025-08-05 10:21:13,383 - __main__ - INFO - 等待唤醒词...
2025-08-05 10:21:13,385 - hardware.audio_interface - INFO - 开始检测唤醒词...
2025-08-05 10:21:18,456 - __main__ - INFO - 等待唤醒词...
2025-08-05 10:21:18,458 - hardware.audio_interface - INFO - 开始检测唤醒词...
2025-08-05 10:21:23,552 - __main__ - INFO - 等待唤醒词...
2025-08-05 10:21:23,554 - hardware.audio_interface - INFO - 开始检测唤醒词...
2025-08-05 10:21:28,608 - __main__ - INFO - 等待唤醒词...
2025-08-05 10:21:28,610 - hardware.audio_interface - INFO - 开始检测唤醒词...
2025-08-05 10:21:33,649 - __main__ - INFO - 等待唤醒词...
2025-08-05 10:21:33,651 - hardware.audio_interface - INFO - 开始检测唤醒词...
2025-08-05 10:21:38,721 - __main__ - INFO - 等待唤醒词...
2025-08-05 10:21:38,726 - hardware.audio_interface - INFO - 开始检测唤醒词...
2025-08-05 10:21:43,789 - __main__ - INFO - 等待唤醒词...
2025-08-05 10:21:43,791 - hardware.audio_interface - INFO - 开始检测唤醒词...
2025-08-05 10:21:48,832 - __main__ - INFO - 等待唤醒词...
2025-08-05 10:21:48,835 - hardware.audio_interface - INFO - 开始检测唤醒词...
2025-08-05 10:21:53,870 - __main__ - INFO - 等待唤醒词...
2025-08-05 10:21:53,872 - hardware.audio_interface - INFO - 开始检测唤醒词...
2025-08-05 10:21:58,980 - __main__ - INFO - 等待唤醒词...
2025-08-05 10:21:58,981 - hardware.audio_interface - INFO - 开始检测唤醒词...
2025-08-05 10:22:04,075 - __main__ - INFO - 等待唤醒词...
2025-08-05 10:22:04,076 - hardware.audio_interface - INFO - 开始检测唤醒词...
2025-08-05 10:22:09,168 - __main__ - INFO - 等待唤醒词...
2025-08-05 10:22:09,169 - hardware.audio_interface - INFO - 开始检测唤醒词...
2025-08-05 10:22:14,211 - __main__ - INFO - 等待唤醒词...
2025-08-05 10:22:14,212 - hardware.audio_interface - INFO - 开始检测唤醒词...
2025-08-05 10:22:19,262 - __main__ - INFO - 等待唤醒词...
2025-08-05 10:22:19,264 - hardware.audio_interface - INFO - 开始检测唤醒词...
2025-08-05 10:22:24,290 - __main__ - INFO - 等待唤醒词...
2025-08-05 10:22:24,292 - hardware.audio_interface - INFO - 开始检测唤醒词...
2025-08-05 10:22:29,388 - __main__ - INFO - 等待唤醒词...
2025-08-05 10:22:29,390 - hardware.audio_interface - INFO - 开始检测唤醒词...
2025-08-05 10:22:34,485 - __main__ - INFO - 等待唤醒词...
2025-08-05 10:22:34,486 - hardware.audio_interface - INFO - 开始检测唤醒词...
2025-08-05 10:22:39,541 - __main__ - INFO - 等待唤醒词...
2025-08-05 10:22:39,542 - hardware.audio_interface - INFO - 开始检测唤醒词...
2025-08-05 10:22:44,583 - __main__ - INFO - 等待唤醒词...
2025-08-05 10:22:44,584 - hardware.audio_interface - INFO - 开始检测唤醒词...
2025-08-05 10:22:49,625 - __main__ - INFO - 等待唤醒词...
2025-08-05 10:22:49,626 - hardware.audio_interface - INFO - 开始检测唤醒词...
2025-08-05 10:22:54,685 - __main__ - INFO - 等待唤醒词...
2025-08-05 10:22:54,686 - hardware.audio_interface - INFO - 开始检测唤醒词...
2025-08-05 10:22:59,775 - __main__ - INFO - 等待唤醒词...
2025-08-05 10:22:59,776 - hardware.audio_interface - INFO - 开始检测唤醒词...
2025-08-05 10:23:04,813 - __main__ - INFO - 等待唤醒词...
2025-08-05 10:23:04,814 - hardware.audio_interface - INFO - 开始检测唤醒词...
2025-08-05 10:23:09,838 - __main__ - INFO - 等待唤醒词...
2025-08-05 10:23:09,840 - hardware.audio_interface - INFO - 开始检测唤醒词...
2025-08-05 10:23:14,894 - __main__ - INFO - 等待唤醒词...
2025-08-05 10:23:14,896 - hardware.audio_interface - INFO - 开始检测唤醒词...
2025-08-05 10:23:19,997 - __main__ - INFO - 等待唤醒词...
2025-08-05 10:23:19,999 - hardware.audio_interface - INFO - 开始检测唤醒词...
2025-08-05 10:23:25,052 - __main__ - INFO - 等待唤醒词...
2025-08-05 10:23:25,053 - hardware.audio_interface - INFO - 开始检测唤醒词...
2025-08-05 10:23:30,115 - __main__ - INFO - 等待唤醒词...
2025-08-05 10:23:30,117 - hardware.audio_interface - INFO - 开始检测唤醒词...
2025-08-05 10:23:35,206 - __main__ - INFO - 等待唤醒词...
2025-08-05 10:23:35,208 - hardware.audio_interface - INFO - 开始检测唤醒词...
2025-08-05 10:23:40,250 - __main__ - INFO - 等待唤醒词...
2025-08-05 10:23:40,251 - hardware.audio_interface - INFO - 开始检测唤醒词...
2025-08-05 10:23:45,307 - __main__ - INFO - 等待唤醒词...
2025-08-05 10:23:45,310 - hardware.audio_interface - INFO - 开始检测唤醒词...
2025-08-05 10:23:50,313 - __main__ - INFO - 等待唤醒词...
2025-08-05 10:23:50,315 - hardware.audio_interface - INFO - 开始检测唤醒词...
2025-08-05 10:23:55,362 - __main__ - INFO - 等待唤醒词...
2025-08-05 10:23:55,366 - hardware.audio_interface - INFO - 开始检测唤醒词...
2025-08-05 10:24:00,397 - __main__ - INFO - 等待唤醒词...
2025-08-05 10:24:00,398 - hardware.audio_interface - INFO - 开始检测唤醒词...
2025-08-05 10:24:05,491 - __main__ - INFO - 等待唤醒词...
2025-08-05 10:24:05,492 - hardware.audio_interface - INFO - 开始检测唤醒词...
2025-08-05 10:24:10,532 - __main__ - INFO - 等待唤醒词...
2025-08-05 10:24:10,533 - hardware.audio_interface - INFO - 开始检测唤醒词...
2025-08-05 10:24:15,565 - __main__ - INFO - 等待唤醒词...
2025-08-05 10:24:15,567 - hardware.audio_interface - INFO - 开始检测唤醒词...
2025-08-05 10:24:20,657 - __main__ - INFO - 等待唤醒词...
2025-08-05 10:24:20,660 - hardware.audio_interface - INFO - 开始检测唤醒词...
2025-08-05 10:24:25,661 - __main__ - INFO - 等待唤醒词...
2025-08-05 10:24:25,662 - hardware.audio_interface - INFO - 开始检测唤醒词...
2025-08-05 10:24:30,755 - __main__ - INFO - 等待唤醒词...
2025-08-05 10:24:30,756 - hardware.audio_interface - INFO - 开始检测唤醒词...
2025-08-05 10:24:35,801 - __main__ - INFO - 等待唤醒词...
2025-08-05 10:24:35,802 - hardware.audio_interface - INFO - 开始检测唤醒词...
2025-08-05 10:24:40,903 - __main__ - INFO - 等待唤醒词...
2025-08-05 10:24:40,905 - hardware.audio_interface - INFO - 开始检测唤醒词...
2025-08-05 10:24:45,907 - __main__ - INFO - 等待唤醒词...
2025-08-05 10:24:45,908 - hardware.audio_interface - INFO - 开始检测唤醒词...
2025-08-05 10:24:50,991 - __main__ - INFO - 等待唤醒词...
2025-08-05 10:24:50,993 - hardware.audio_interface - INFO - 开始检测唤醒词...
2025-08-05 10:24:56,086 - __main__ - INFO - 等待唤醒词...
2025-08-05 10:24:56,087 - hardware.audio_interface - INFO - 开始检测唤醒词...
2025-08-05 10:25:01,144 - __main__ - INFO - 等待唤醒词...
2025-08-05 10:25:01,147 - hardware.audio_interface - INFO - 开始检测唤醒词...
2025-08-05 10:25:06,252 - __main__ - INFO - 等待唤醒词...
2025-08-05 10:25:06,253 - hardware.audio_interface - INFO - 开始检测唤醒词...
2025-08-05 10:25:11,295 - __main__ - INFO - 等待唤醒词...
2025-08-05 10:25:11,297 - hardware.audio_interface - INFO - 开始检测唤醒词...
2025-08-05 10:25:13,928 - apscheduler.executors.default - INFO - Running job "CleanupScheduler._cleanup_task (trigger: interval[0:10:00], next run at: 2025-08-05 10:35:13 CST)" (scheduled at 2025-08-05 10:25:13.928387+08:00)
2025-08-05 10:25:13,928 - utils.cleaner - INFO - 完成安全清理，共删除 0 个旧文件
2025-08-05 10:25:13,929 - apscheduler.executors.default - INFO - Job "CleanupScheduler._cleanup_task (trigger: interval[0:10:00], next run at: 2025-08-05 10:35:13 CST)" executed successfully
2025-08-05 10:25:16,327 - __main__ - INFO - 等待唤醒词...
2025-08-05 10:25:16,328 - hardware.audio_interface - INFO - 开始检测唤醒词...
2025-08-05 10:25:21,376 - __main__ - INFO - 等待唤醒词...
2025-08-05 10:25:21,377 - hardware.audio_interface - INFO - 开始检测唤醒词...
2025-08-05 10:25:26,507 - __main__ - INFO - 等待唤醒词...
2025-08-05 10:25:26,510 - hardware.audio_interface - INFO - 开始检测唤醒词...
2025-08-05 10:25:31,615 - __main__ - INFO - 等待唤醒词...
2025-08-05 10:25:31,616 - hardware.audio_interface - INFO - 开始检测唤醒词...
2025-08-05 10:25:36,655 - __main__ - INFO - 等待唤醒词...
2025-08-05 10:25:36,657 - hardware.audio_interface - INFO - 开始检测唤醒词...
2025-08-05 10:25:41,763 - __main__ - INFO - 等待唤醒词...
2025-08-05 10:25:41,764 - hardware.audio_interface - INFO - 开始检测唤醒词...
2025-08-05 10:25:46,822 - __main__ - INFO - 等待唤醒词...
2025-08-05 10:25:46,824 - hardware.audio_interface - INFO - 开始检测唤醒词...
2025-08-05 10:25:51,894 - __main__ - INFO - 等待唤醒词...
2025-08-05 10:25:51,896 - hardware.audio_interface - INFO - 开始检测唤醒词...
2025-08-05 10:25:56,946 - __main__ - INFO - 等待唤醒词...
2025-08-05 10:25:56,947 - hardware.audio_interface - INFO - 开始检测唤醒词...
2025-08-05 10:26:01,949 - __main__ - INFO - 等待唤醒词...
2025-08-05 10:26:01,950 - hardware.audio_interface - INFO - 开始检测唤醒词...
2025-08-05 10:26:07,056 - __main__ - INFO - 等待唤醒词...
2025-08-05 10:26:07,057 - hardware.audio_interface - INFO - 开始检测唤醒词...
2025-08-05 10:26:12,092 - __main__ - INFO - 等待唤醒词...
2025-08-05 10:26:12,100 - hardware.audio_interface - INFO - 开始检测唤醒词...
2025-08-05 10:26:17,205 - __main__ - INFO - 等待唤醒词...
2025-08-05 10:26:17,206 - hardware.audio_interface - INFO - 开始检测唤醒词...
2025-08-05 10:26:22,302 - __main__ - INFO - 等待唤醒词...
2025-08-05 10:26:22,304 - hardware.audio_interface - INFO - 开始检测唤醒词...
2025-08-05 10:26:27,409 - __main__ - INFO - 等待唤醒词...
2025-08-05 10:26:27,410 - hardware.audio_interface - INFO - 开始检测唤醒词...
2025-08-05 10:26:32,450 - __main__ - INFO - 等待唤醒词...
2025-08-05 10:26:32,451 - hardware.audio_interface - INFO - 开始检测唤醒词...
2025-08-05 10:26:37,554 - __main__ - INFO - 等待唤醒词...
2025-08-05 10:26:37,557 - hardware.audio_interface - INFO - 开始检测唤醒词...
2025-08-05 10:26:42,649 - __main__ - INFO - 等待唤醒词...
2025-08-05 10:26:42,650 - hardware.audio_interface - INFO - 开始检测唤醒词...
2025-08-05 10:26:47,735 - __main__ - INFO - 等待唤醒词...
2025-08-05 10:26:47,736 - hardware.audio_interface - INFO - 开始检测唤醒词...
2025-08-05 10:26:52,839 - __main__ - INFO - 等待唤醒词...
2025-08-05 10:26:52,840 - hardware.audio_interface - INFO - 开始检测唤醒词...
2025-08-05 10:26:57,851 - __main__ - INFO - 等待唤醒词...
2025-08-05 10:26:57,852 - hardware.audio_interface - INFO - 开始检测唤醒词...
2025-08-05 10:27:02,905 - __main__ - INFO - 等待唤醒词...
2025-08-05 10:27:02,907 - hardware.audio_interface - INFO - 开始检测唤醒词...
2025-08-05 10:27:07,951 - __main__ - INFO - 等待唤醒词...
2025-08-05 10:27:07,952 - hardware.audio_interface - INFO - 开始检测唤醒词...
2025-08-05 10:27:13,046 - __main__ - INFO - 等待唤醒词...
2025-08-05 10:27:13,048 - hardware.audio_interface - INFO - 开始检测唤醒词...
2025-08-05 10:27:18,124 - __main__ - INFO - 等待唤醒词...
2025-08-05 10:27:18,125 - hardware.audio_interface - INFO - 开始检测唤醒词...
2025-08-05 10:27:23,158 - __main__ - INFO - 等待唤醒词...
2025-08-05 10:27:23,163 - hardware.audio_interface - INFO - 开始检测唤醒词...
2025-08-05 10:27:28,253 - __main__ - INFO - 等待唤醒词...
2025-08-05 10:27:28,254 - hardware.audio_interface - INFO - 开始检测唤醒词...
2025-08-05 10:27:33,311 - __main__ - INFO - 等待唤醒词...
2025-08-05 10:27:33,312 - hardware.audio_interface - INFO - 开始检测唤醒词...
2025-08-05 10:27:38,366 - __main__ - INFO - 等待唤醒词...
2025-08-05 10:27:38,370 - hardware.audio_interface - INFO - 开始检测唤醒词...
2025-08-05 10:27:43,402 - __main__ - INFO - 等待唤醒词...
2025-08-05 10:27:43,404 - hardware.audio_interface - INFO - 开始检测唤醒词...
2025-08-05 10:27:48,439 - __main__ - INFO - 等待唤醒词...
2025-08-05 10:27:48,440 - hardware.audio_interface - INFO - 开始检测唤醒词...
2025-08-05 10:27:53,493 - __main__ - INFO - 等待唤醒词...
2025-08-05 10:27:53,494 - hardware.audio_interface - INFO - 开始检测唤醒词...
2025-08-05 10:27:58,549 - __main__ - INFO - 等待唤醒词...
2025-08-05 10:27:58,550 - hardware.audio_interface - INFO - 开始检测唤醒词...
2025-08-05 10:28:03,612 - __main__ - INFO - 等待唤醒词...
2025-08-05 10:28:03,614 - hardware.audio_interface - INFO - 开始检测唤醒词...
2025-08-05 10:28:08,624 - __main__ - INFO - 等待唤醒词...
2025-08-05 10:28:08,625 - hardware.audio_interface - INFO - 开始检测唤醒词...
2025-08-05 10:28:13,672 - __main__ - INFO - 等待唤醒词...
2025-08-05 10:28:13,674 - hardware.audio_interface - INFO - 开始检测唤醒词...
2025-08-05 10:28:18,675 - __main__ - INFO - 等待唤醒词...
2025-08-05 10:28:18,676 - hardware.audio_interface - INFO - 开始检测唤醒词...
2025-08-05 10:28:23,762 - __main__ - INFO - 等待唤醒词...
2025-08-05 10:28:23,763 - hardware.audio_interface - INFO - 开始检测唤醒词...
2025-08-05 10:28:28,863 - __main__ - INFO - 等待唤醒词...
2025-08-05 10:28:28,867 - hardware.audio_interface - INFO - 开始检测唤醒词...
2025-08-05 10:28:33,920 - __main__ - INFO - 等待唤醒词...
2025-08-05 10:28:33,922 - hardware.audio_interface - INFO - 开始检测唤醒词...
2025-08-05 10:28:38,962 - __main__ - INFO - 等待唤醒词...
2025-08-05 10:28:38,963 - hardware.audio_interface - INFO - 开始检测唤醒词...
2025-08-05 10:28:44,011 - __main__ - INFO - 等待唤醒词...
2025-08-05 10:28:44,012 - hardware.audio_interface - INFO - 开始检测唤醒词...
2025-08-05 10:28:49,102 - __main__ - INFO - 等待唤醒词...
2025-08-05 10:28:49,104 - hardware.audio_interface - INFO - 开始检测唤醒词...
2025-08-05 10:28:54,146 - __main__ - INFO - 等待唤醒词...
2025-08-05 10:28:54,147 - hardware.audio_interface - INFO - 开始检测唤醒词...
2025-08-05 10:28:59,239 - __main__ - INFO - 等待唤醒词...
2025-08-05 10:28:59,241 - hardware.audio_interface - INFO - 开始检测唤醒词...
2025-08-05 10:29:04,303 - __main__ - INFO - 等待唤醒词...
2025-08-05 10:29:04,305 - hardware.audio_interface - INFO - 开始检测唤醒词...
2025-08-05 10:29:09,337 - __main__ - INFO - 等待唤醒词...
2025-08-05 10:29:09,339 - hardware.audio_interface - INFO - 开始检测唤醒词...
2025-08-05 10:29:14,386 - __main__ - INFO - 等待唤醒词...
2025-08-05 10:29:14,392 - hardware.audio_interface - INFO - 开始检测唤醒词...
2025-08-05 10:29:19,498 - __main__ - INFO - 等待唤醒词...
2025-08-05 10:29:19,499 - hardware.audio_interface - INFO - 开始检测唤醒词...
2025-08-05 10:29:24,561 - __main__ - INFO - 等待唤醒词...
2025-08-05 10:29:24,562 - hardware.audio_interface - INFO - 开始检测唤醒词...
2025-08-05 10:29:29,564 - __main__ - INFO - 等待唤醒词...
2025-08-05 10:29:29,565 - hardware.audio_interface - INFO - 开始检测唤醒词...
2025-08-05 10:29:34,571 - __main__ - INFO - 等待唤醒词...
2025-08-05 10:29:34,573 - hardware.audio_interface - INFO - 开始检测唤醒词...
2025-08-05 10:29:39,577 - __main__ - INFO - 等待唤醒词...
2025-08-05 10:29:39,579 - hardware.audio_interface - INFO - 开始检测唤醒词...
2025-08-05 10:29:44,634 - __main__ - INFO - 等待唤醒词...
2025-08-05 10:29:44,635 - hardware.audio_interface - INFO - 开始检测唤醒词...
2025-08-05 10:29:49,730 - __main__ - INFO - 等待唤醒词...
2025-08-05 10:29:49,731 - hardware.audio_interface - INFO - 开始检测唤醒词...
2025-08-05 10:29:54,781 - __main__ - INFO - 等待唤醒词...
2025-08-05 10:29:54,783 - hardware.audio_interface - INFO - 开始检测唤醒词...
2025-08-05 10:29:59,816 - __main__ - INFO - 等待唤醒词...
2025-08-05 10:29:59,817 - hardware.audio_interface - INFO - 开始检测唤醒词...
2025-08-05 10:30:04,915 - __main__ - INFO - 等待唤醒词...
2025-08-05 10:30:04,918 - hardware.audio_interface - INFO - 开始检测唤醒词...
2025-08-05 10:30:09,972 - __main__ - INFO - 等待唤醒词...
2025-08-05 10:30:09,973 - hardware.audio_interface - INFO - 开始检测唤醒词...
2025-08-05 10:30:15,065 - __main__ - INFO - 等待唤醒词...
2025-08-05 10:30:15,067 - hardware.audio_interface - INFO - 开始检测唤醒词...
2025-08-05 10:30:20,166 - __main__ - INFO - 等待唤醒词...
2025-08-05 10:30:20,167 - hardware.audio_interface - INFO - 开始检测唤醒词...
2025-08-05 10:30:25,174 - __main__ - INFO - 等待唤醒词...
2025-08-05 10:30:25,176 - hardware.audio_interface - INFO - 开始检测唤醒词...
2025-08-05 10:30:30,224 - __main__ - INFO - 等待唤醒词...
2025-08-05 10:30:30,226 - hardware.audio_interface - INFO - 开始检测唤醒词...
2025-08-05 10:30:35,260 - __main__ - INFO - 等待唤醒词...
2025-08-05 10:30:35,262 - hardware.audio_interface - INFO - 开始检测唤醒词...
2025-08-05 10:30:40,299 - __main__ - INFO - 等待唤醒词...
2025-08-05 10:30:40,300 - hardware.audio_interface - INFO - 开始检测唤醒词...
2025-08-05 10:30:45,394 - __main__ - INFO - 等待唤醒词...
2025-08-05 10:30:45,395 - hardware.audio_interface - INFO - 开始检测唤醒词...
2025-08-05 10:30:50,490 - __main__ - INFO - 等待唤醒词...
2025-08-05 10:30:50,493 - hardware.audio_interface - INFO - 开始检测唤醒词...
2025-08-05 10:30:55,497 - __main__ - INFO - 等待唤醒词...
2025-08-05 10:30:55,499 - hardware.audio_interface - INFO - 开始检测唤醒词...
2025-08-05 10:31:00,601 - __main__ - INFO - 等待唤醒词...
2025-08-05 10:31:00,602 - hardware.audio_interface - INFO - 开始检测唤醒词...
2025-08-05 10:31:05,645 - __main__ - INFO - 等待唤醒词...
2025-08-05 10:31:05,647 - hardware.audio_interface - INFO - 开始检测唤醒词...
2025-08-05 10:31:10,748 - __main__ - INFO - 等待唤醒词...
2025-08-05 10:31:10,752 - hardware.audio_interface - INFO - 开始检测唤醒词...
2025-08-05 10:31:15,836 - __main__ - INFO - 等待唤醒词...
2025-08-05 10:31:15,837 - hardware.audio_interface - INFO - 开始检测唤醒词...
2025-08-05 10:31:20,889 - __main__ - INFO - 等待唤醒词...
2025-08-05 10:31:20,891 - hardware.audio_interface - INFO - 开始检测唤醒词...
2025-08-05 10:31:25,991 - __main__ - INFO - 等待唤醒词...
2025-08-05 10:31:25,992 - hardware.audio_interface - INFO - 开始检测唤醒词...
2025-08-05 10:31:31,043 - __main__ - INFO - 等待唤醒词...
2025-08-05 10:31:31,045 - hardware.audio_interface - INFO - 开始检测唤醒词...
2025-08-05 10:31:36,085 - __main__ - INFO - 等待唤醒词...
2025-08-05 10:31:36,088 - hardware.audio_interface - INFO - 开始检测唤醒词...
2025-08-05 10:31:41,110 - __main__ - INFO - 等待唤醒词...
2025-08-05 10:31:41,111 - hardware.audio_interface - INFO - 开始检测唤醒词...
2025-08-05 10:31:46,205 - __main__ - INFO - 等待唤醒词...
2025-08-05 10:31:46,207 - hardware.audio_interface - INFO - 开始检测唤醒词...
2025-08-05 10:31:51,308 - __main__ - INFO - 等待唤醒词...
2025-08-05 10:31:51,310 - hardware.audio_interface - INFO - 开始检测唤醒词...
2025-08-05 10:31:56,312 - __main__ - INFO - 等待唤醒词...
2025-08-05 10:31:56,314 - hardware.audio_interface - INFO - 开始检测唤醒词...
2025-08-05 10:32:01,317 - __main__ - INFO - 等待唤醒词...
2025-08-05 10:32:01,319 - hardware.audio_interface - INFO - 开始检测唤醒词...
2025-08-05 10:32:06,327 - __main__ - INFO - 等待唤醒词...
2025-08-05 10:32:06,329 - hardware.audio_interface - INFO - 开始检测唤醒词...
2025-08-05 10:32:11,391 - __main__ - INFO - 等待唤醒词...
2025-08-05 10:32:11,393 - hardware.audio_interface - INFO - 开始检测唤醒词...
2025-08-05 10:32:16,394 - __main__ - INFO - 等待唤醒词...
2025-08-05 10:32:16,395 - hardware.audio_interface - INFO - 开始检测唤醒词...
2025-08-05 10:32:21,492 - __main__ - INFO - 等待唤醒词...
2025-08-05 10:32:21,494 - hardware.audio_interface - INFO - 开始检测唤醒词...
2025-08-05 10:32:26,527 - __main__ - INFO - 等待唤醒词...
2025-08-05 10:32:26,529 - hardware.audio_interface - INFO - 开始检测唤醒词...
2025-08-05 10:32:31,623 - __main__ - INFO - 等待唤醒词...
2025-08-05 10:32:31,624 - hardware.audio_interface - INFO - 开始检测唤醒词...
2025-08-05 10:32:36,714 - __main__ - INFO - 等待唤醒词...
2025-08-05 10:32:36,715 - hardware.audio_interface - INFO - 开始检测唤醒词...
2025-08-05 10:32:41,744 - __main__ - INFO - 等待唤醒词...
2025-08-05 10:32:41,746 - hardware.audio_interface - INFO - 开始检测唤醒词...
2025-08-05 10:32:46,849 - __main__ - INFO - 等待唤醒词...
2025-08-05 10:32:46,851 - hardware.audio_interface - INFO - 开始检测唤醒词...
2025-08-05 10:32:51,853 - __main__ - INFO - 等待唤醒词...
2025-08-05 10:32:51,854 - hardware.audio_interface - INFO - 开始检测唤醒词...
2025-08-05 10:32:56,856 - __main__ - INFO - 等待唤醒词...
2025-08-05 10:32:56,858 - hardware.audio_interface - INFO - 开始检测唤醒词...
2025-08-05 10:33:01,859 - __main__ - INFO - 等待唤醒词...
2025-08-05 10:33:01,861 - hardware.audio_interface - INFO - 开始检测唤醒词...
2025-08-05 10:33:06,904 - __main__ - INFO - 等待唤醒词...
2025-08-05 10:33:06,905 - hardware.audio_interface - INFO - 开始检测唤醒词...
2025-08-05 10:33:11,947 - __main__ - INFO - 等待唤醒词...
2025-08-05 10:33:11,961 - hardware.audio_interface - INFO - 开始检测唤醒词...
2025-08-05 10:33:17,066 - __main__ - INFO - 等待唤醒词...
2025-08-05 10:33:17,067 - hardware.audio_interface - INFO - 开始检测唤醒词...
2025-08-05 10:33:22,185 - __main__ - INFO - 等待唤醒词...
2025-08-05 10:33:22,187 - hardware.audio_interface - INFO - 开始检测唤醒词...
2025-08-05 10:33:27,188 - __main__ - INFO - 等待唤醒词...
2025-08-05 10:33:27,189 - hardware.audio_interface - INFO - 开始检测唤醒词...
2025-08-05 10:33:32,238 - __main__ - INFO - 等待唤醒词...
2025-08-05 10:33:32,240 - hardware.audio_interface - INFO - 开始检测唤醒词...
2025-08-05 10:33:37,242 - __main__ - INFO - 等待唤醒词...
2025-08-05 10:33:37,244 - hardware.audio_interface - INFO - 开始检测唤醒词...
2025-08-05 10:33:42,340 - __main__ - INFO - 等待唤醒词...
2025-08-05 10:33:42,342 - hardware.audio_interface - INFO - 开始检测唤醒词...
2025-08-05 10:33:47,438 - __main__ - INFO - 等待唤醒词...
2025-08-05 10:33:47,439 - hardware.audio_interface - INFO - 开始检测唤醒词...
2025-08-05 10:33:52,478 - __main__ - INFO - 等待唤醒词...
2025-08-05 10:33:52,479 - hardware.audio_interface - INFO - 开始检测唤醒词...
2025-08-05 10:33:57,564 - __main__ - INFO - 等待唤醒词...
2025-08-05 10:33:57,565 - hardware.audio_interface - INFO - 开始检测唤醒词...
2025-08-05 10:34:02,627 - __main__ - INFO - 等待唤醒词...
2025-08-05 10:34:02,632 - hardware.audio_interface - INFO - 开始检测唤醒词...
2025-08-05 10:34:07,633 - __main__ - INFO - 等待唤醒词...
2025-08-05 10:34:07,635 - hardware.audio_interface - INFO - 开始检测唤醒词...
2025-08-05 10:34:12,674 - __main__ - INFO - 等待唤醒词...
2025-08-05 10:34:12,675 - hardware.audio_interface - INFO - 开始检测唤醒词...
2025-08-05 10:34:17,722 - __main__ - INFO - 等待唤醒词...
2025-08-05 10:34:17,723 - hardware.audio_interface - INFO - 开始检测唤醒词...
2025-08-05 10:34:22,753 - __main__ - INFO - 等待唤醒词...
2025-08-05 10:34:22,755 - hardware.audio_interface - INFO - 开始检测唤醒词...
2025-08-05 10:34:27,791 - __main__ - INFO - 等待唤醒词...
2025-08-05 10:34:27,792 - hardware.audio_interface - INFO - 开始检测唤醒词...
2025-08-05 10:34:32,833 - __main__ - INFO - 等待唤醒词...
2025-08-05 10:34:32,834 - hardware.audio_interface - INFO - 开始检测唤醒词...
2025-08-05 10:34:37,929 - __main__ - INFO - 等待唤醒词...
2025-08-05 10:34:37,931 - hardware.audio_interface - INFO - 开始检测唤醒词...
2025-08-05 10:34:42,994 - __main__ - INFO - 等待唤醒词...
2025-08-05 10:34:42,996 - hardware.audio_interface - INFO - 开始检测唤醒词...
2025-08-05 10:34:48,043 - __main__ - INFO - 等待唤醒词...
2025-08-05 10:34:48,046 - hardware.audio_interface - INFO - 开始检测唤醒词...
2025-08-05 10:34:53,053 - __main__ - INFO - 等待唤醒词...
2025-08-05 10:34:53,054 - hardware.audio_interface - INFO - 开始检测唤醒词...
2025-08-05 10:34:58,142 - __main__ - INFO - 等待唤醒词...
2025-08-05 10:34:58,144 - hardware.audio_interface - INFO - 开始检测唤醒词...
2025-08-05 10:35:03,183 - __main__ - INFO - 等待唤醒词...
2025-08-05 10:35:03,185 - hardware.audio_interface - INFO - 开始检测唤醒词...
2025-08-05 10:35:08,282 - __main__ - INFO - 等待唤醒词...
2025-08-05 10:35:08,284 - hardware.audio_interface - INFO - 开始检测唤醒词...
2025-08-05 10:35:13,334 - __main__ - INFO - 等待唤醒词...
2025-08-05 10:35:13,335 - hardware.audio_interface - INFO - 开始检测唤醒词...
2025-08-05 10:35:13,928 - apscheduler.executors.default - INFO - Running job "CleanupScheduler._cleanup_task (trigger: interval[0:10:00], next run at: 2025-08-05 10:45:13 CST)" (scheduled at 2025-08-05 10:35:13.928387+08:00)
2025-08-05 10:35:13,928 - utils.cleaner - INFO - 完成安全清理，共删除 0 个旧文件
2025-08-05 10:35:13,928 - apscheduler.executors.default - INFO - Job "CleanupScheduler._cleanup_task (trigger: interval[0:10:00], next run at: 2025-08-05 10:45:13 CST)" executed successfully
2025-08-05 10:35:18,374 - __main__ - INFO - 等待唤醒词...
2025-08-05 10:35:18,375 - hardware.audio_interface - INFO - 开始检测唤醒词...
2025-08-05 10:35:23,425 - __main__ - INFO - 等待唤醒词...
2025-08-05 10:35:23,427 - hardware.audio_interface - INFO - 开始检测唤醒词...
2025-08-05 10:35:28,468 - __main__ - INFO - 等待唤醒词...
2025-08-05 10:35:28,469 - hardware.audio_interface - INFO - 开始检测唤醒词...
2025-08-05 10:35:33,572 - __main__ - INFO - 等待唤醒词...
2025-08-05 10:35:33,573 - hardware.audio_interface - INFO - 开始检测唤醒词...
2025-08-05 10:35:38,614 - __main__ - INFO - 等待唤醒词...
2025-08-05 10:35:38,616 - hardware.audio_interface - INFO - 开始检测唤醒词...
2025-08-05 10:35:43,625 - __main__ - INFO - 等待唤醒词...
2025-08-05 10:35:43,626 - hardware.audio_interface - INFO - 开始检测唤醒词...
2025-08-05 10:35:48,711 - __main__ - INFO - 等待唤醒词...
2025-08-05 10:35:48,713 - hardware.audio_interface - INFO - 开始检测唤醒词...
2025-08-05 10:35:53,775 - __main__ - INFO - 等待唤醒词...
2025-08-05 10:35:53,777 - hardware.audio_interface - INFO - 开始检测唤醒词...
2025-08-05 10:35:58,868 - __main__ - INFO - 等待唤醒词...
2025-08-05 10:35:58,870 - hardware.audio_interface - INFO - 开始检测唤醒词...
2025-08-05 10:36:03,924 - __main__ - INFO - 等待唤醒词...
2025-08-05 10:36:03,926 - hardware.audio_interface - INFO - 开始检测唤醒词...
2025-08-05 10:36:08,963 - __main__ - INFO - 等待唤醒词...
2025-08-05 10:36:08,964 - hardware.audio_interface - INFO - 开始检测唤醒词...
2025-08-05 10:36:13,973 - __main__ - INFO - 等待唤醒词...
2025-08-05 10:36:13,975 - hardware.audio_interface - INFO - 开始检测唤醒词...
2025-08-05 10:36:19,030 - __main__ - INFO - 等待唤醒词...
2025-08-05 10:36:19,032 - hardware.audio_interface - INFO - 开始检测唤醒词...
2025-08-05 10:36:24,044 - __main__ - INFO - 等待唤醒词...
2025-08-05 10:36:24,046 - hardware.audio_interface - INFO - 开始检测唤醒词...
2025-08-05 10:36:29,154 - __main__ - INFO - 等待唤醒词...
2025-08-05 10:36:29,156 - hardware.audio_interface - INFO - 开始检测唤醒词...
2025-08-05 10:36:34,228 - __main__ - INFO - 等待唤醒词...
2025-08-05 10:36:34,231 - hardware.audio_interface - INFO - 开始检测唤醒词...
2025-08-05 10:36:39,234 - __main__ - INFO - 等待唤醒词...
2025-08-05 10:36:39,246 - hardware.audio_interface - INFO - 开始检测唤醒词...
2025-08-05 10:36:44,348 - __main__ - INFO - 等待唤醒词...
2025-08-05 10:36:44,349 - hardware.audio_interface - INFO - 开始检测唤醒词...
2025-08-05 10:36:49,404 - __main__ - INFO - 等待唤醒词...
2025-08-05 10:36:49,406 - hardware.audio_interface - INFO - 开始检测唤醒词...
2025-08-05 10:36:54,499 - __main__ - INFO - 等待唤醒词...
2025-08-05 10:36:54,500 - hardware.audio_interface - INFO - 开始检测唤醒词...
2025-08-05 10:36:59,524 - __main__ - INFO - 等待唤醒词...
2025-08-05 10:36:59,526 - hardware.audio_interface - INFO - 开始检测唤醒词...
2025-08-05 10:37:04,592 - __main__ - INFO - 等待唤醒词...
2025-08-05 10:37:04,593 - hardware.audio_interface - INFO - 开始检测唤醒词...
2025-08-05 10:37:09,595 - __main__ - INFO - 等待唤醒词...
2025-08-05 10:37:09,597 - hardware.audio_interface - INFO - 开始检测唤醒词...
2025-08-05 10:37:14,685 - __main__ - INFO - 等待唤醒词...
2025-08-05 10:37:14,687 - hardware.audio_interface - INFO - 开始检测唤醒词...
2025-08-05 10:37:19,769 - __main__ - INFO - 等待唤醒词...
2025-08-05 10:37:19,770 - hardware.audio_interface - INFO - 开始检测唤醒词...
2025-08-05 10:37:24,864 - __main__ - INFO - 等待唤醒词...
2025-08-05 10:37:24,872 - hardware.audio_interface - INFO - 开始检测唤醒词...
2025-08-05 10:37:29,969 - __main__ - INFO - 等待唤醒词...
2025-08-05 10:37:29,970 - hardware.audio_interface - INFO - 开始检测唤醒词...
2025-08-05 10:37:35,022 - __main__ - INFO - 等待唤醒词...
2025-08-05 10:37:35,024 - hardware.audio_interface - INFO - 开始检测唤醒词...
2025-08-05 10:37:40,046 - __main__ - INFO - 等待唤醒词...
2025-08-05 10:37:40,047 - hardware.audio_interface - INFO - 开始检测唤醒词...
2025-08-05 10:37:45,151 - __main__ - INFO - 等待唤醒词...
2025-08-05 10:37:45,153 - hardware.audio_interface - INFO - 开始检测唤醒词...
2025-08-05 10:37:50,194 - __main__ - INFO - 等待唤醒词...
2025-08-05 10:37:50,196 - hardware.audio_interface - INFO - 开始检测唤醒词...
2025-08-05 10:37:55,255 - __main__ - INFO - 等待唤醒词...
2025-08-05 10:37:55,256 - hardware.audio_interface - INFO - 开始检测唤醒词...
2025-08-05 10:38:00,308 - __main__ - INFO - 等待唤醒词...
2025-08-05 10:38:00,310 - hardware.audio_interface - INFO - 开始检测唤醒词...
2025-08-05 10:38:05,365 - __main__ - INFO - 等待唤醒词...
2025-08-05 10:38:05,367 - hardware.audio_interface - INFO - 开始检测唤醒词...
2025-08-05 10:38:10,442 - __main__ - INFO - 等待唤醒词...
2025-08-05 10:38:10,443 - hardware.audio_interface - INFO - 开始检测唤醒词...
2025-08-05 10:38:15,473 - __main__ - INFO - 等待唤醒词...
2025-08-05 10:38:15,475 - hardware.audio_interface - INFO - 开始检测唤醒词...
2025-08-05 10:38:20,506 - __main__ - INFO - 等待唤醒词...
2025-08-05 10:38:20,508 - hardware.audio_interface - INFO - 开始检测唤醒词...
2025-08-05 10:38:25,539 - __main__ - INFO - 等待唤醒词...
2025-08-05 10:38:25,541 - hardware.audio_interface - INFO - 开始检测唤醒词...
2025-08-05 10:38:30,565 - __main__ - INFO - 等待唤醒词...
2025-08-05 10:38:30,568 - hardware.audio_interface - INFO - 开始检测唤醒词...
2025-08-05 10:38:35,627 - __main__ - INFO - 等待唤醒词...
2025-08-05 10:38:35,628 - hardware.audio_interface - INFO - 开始检测唤醒词...
2025-08-05 10:38:40,693 - __main__ - INFO - 等待唤醒词...
2025-08-05 10:38:40,694 - hardware.audio_interface - INFO - 开始检测唤醒词...
2025-08-05 10:38:45,733 - __main__ - INFO - 等待唤醒词...
2025-08-05 10:38:45,734 - hardware.audio_interface - INFO - 开始检测唤醒词...
2025-08-05 10:38:50,813 - __main__ - INFO - 等待唤醒词...
2025-08-05 10:38:50,814 - hardware.audio_interface - INFO - 开始检测唤醒词...
2025-08-05 10:38:55,816 - __main__ - INFO - 等待唤醒词...
2025-08-05 10:38:55,818 - hardware.audio_interface - INFO - 开始检测唤醒词...
2025-08-05 10:39:00,864 - __main__ - INFO - 等待唤醒词...
2025-08-05 10:39:00,865 - hardware.audio_interface - INFO - 开始检测唤醒词...
2025-08-05 10:39:05,915 - __main__ - INFO - 等待唤醒词...
2025-08-05 10:39:05,917 - hardware.audio_interface - INFO - 开始检测唤醒词...
2025-08-05 10:39:10,957 - __main__ - INFO - 等待唤醒词...
2025-08-05 10:39:10,958 - hardware.audio_interface - INFO - 开始检测唤醒词...
2025-08-05 10:39:16,034 - __main__ - INFO - 等待唤醒词...
2025-08-05 10:39:16,035 - hardware.audio_interface - INFO - 开始检测唤醒词...
2025-08-05 10:39:21,110 - __main__ - INFO - 等待唤醒词...
2025-08-05 10:39:21,113 - hardware.audio_interface - INFO - 开始检测唤醒词...
2025-08-05 10:39:26,195 - __main__ - INFO - 等待唤醒词...
2025-08-05 10:39:26,196 - hardware.audio_interface - INFO - 开始检测唤醒词...
2025-08-05 10:39:31,284 - __main__ - INFO - 等待唤醒词...
2025-08-05 10:39:31,286 - hardware.audio_interface - INFO - 开始检测唤醒词...
2025-08-05 10:39:36,293 - __main__ - INFO - 等待唤醒词...
2025-08-05 10:39:36,295 - hardware.audio_interface - INFO - 开始检测唤醒词...
2025-08-05 10:39:41,363 - __main__ - INFO - 等待唤醒词...
2025-08-05 10:39:41,364 - hardware.audio_interface - INFO - 开始检测唤醒词...
2025-08-05 10:39:46,430 - __main__ - INFO - 等待唤醒词...
2025-08-05 10:39:46,431 - hardware.audio_interface - INFO - 开始检测唤醒词...
2025-08-05 10:39:51,524 - __main__ - INFO - 等待唤醒词...
2025-08-05 10:39:51,526 - hardware.audio_interface - INFO - 开始检测唤醒词...
2025-08-05 10:39:56,540 - __main__ - INFO - 等待唤醒词...
2025-08-05 10:39:56,541 - hardware.audio_interface - INFO - 开始检测唤醒词...
2025-08-05 10:40:01,608 - __main__ - INFO - 等待唤醒词...
2025-08-05 10:40:01,609 - hardware.audio_interface - INFO - 开始检测唤醒词...
2025-08-05 10:40:06,674 - __main__ - INFO - 等待唤醒词...
2025-08-05 10:40:06,676 - hardware.audio_interface - INFO - 开始检测唤醒词...
2025-08-05 10:40:11,679 - __main__ - INFO - 等待唤醒词...
2025-08-05 10:40:11,681 - hardware.audio_interface - INFO - 开始检测唤醒词...
2025-08-05 10:40:16,727 - __main__ - INFO - 等待唤醒词...
2025-08-05 10:40:16,729 - hardware.audio_interface - INFO - 开始检测唤醒词...
2025-08-05 10:40:21,834 - __main__ - INFO - 等待唤醒词...
2025-08-05 10:40:21,835 - hardware.audio_interface - INFO - 开始检测唤醒词...
2025-08-05 10:40:26,899 - __main__ - INFO - 等待唤醒词...
2025-08-05 10:40:26,902 - hardware.audio_interface - INFO - 开始检测唤醒词...
2025-08-05 10:40:31,996 - __main__ - INFO - 等待唤醒词...
2025-08-05 10:40:31,997 - hardware.audio_interface - INFO - 开始检测唤醒词...
2025-08-05 10:40:37,089 - __main__ - INFO - 等待唤醒词...
2025-08-05 10:40:37,090 - hardware.audio_interface - INFO - 开始检测唤醒词...
2025-08-05 10:40:42,189 - __main__ - INFO - 等待唤醒词...
2025-08-05 10:40:42,190 - hardware.audio_interface - INFO - 开始检测唤醒词...
2025-08-05 10:40:47,235 - __main__ - INFO - 等待唤醒词...
2025-08-05 10:40:47,239 - hardware.audio_interface - INFO - 开始检测唤醒词...
2025-08-05 10:40:52,243 - __main__ - INFO - 等待唤醒词...
2025-08-05 10:40:52,244 - hardware.audio_interface - INFO - 开始检测唤醒词...
2025-08-05 10:40:57,286 - __main__ - INFO - 等待唤醒词...
2025-08-05 10:40:57,287 - hardware.audio_interface - INFO - 开始检测唤醒词...
2025-08-05 10:41:02,363 - __main__ - INFO - 等待唤醒词...
2025-08-05 10:41:02,364 - hardware.audio_interface - INFO - 开始检测唤醒词...
2025-08-05 10:41:07,404 - __main__ - INFO - 等待唤醒词...
2025-08-05 10:41:07,405 - hardware.audio_interface - INFO - 开始检测唤醒词...
2025-08-05 10:41:12,485 - __main__ - INFO - 等待唤醒词...
2025-08-05 10:41:12,488 - hardware.audio_interface - INFO - 开始检测唤醒词...
2025-08-05 10:41:17,502 - __main__ - INFO - 等待唤醒词...
2025-08-05 10:41:17,504 - hardware.audio_interface - INFO - 开始检测唤醒词...
2025-08-05 10:41:22,544 - __main__ - INFO - 等待唤醒词...
2025-08-05 10:41:22,546 - hardware.audio_interface - INFO - 开始检测唤醒词...
2025-08-05 10:41:27,583 - __main__ - INFO - 等待唤醒词...
2025-08-05 10:41:27,584 - hardware.audio_interface - INFO - 开始检测唤醒词...
2025-08-05 10:41:32,676 - __main__ - INFO - 等待唤醒词...
2025-08-05 10:41:32,677 - hardware.audio_interface - INFO - 开始检测唤醒词...
2025-08-05 10:41:37,770 - __main__ - INFO - 等待唤醒词...
2025-08-05 10:41:37,771 - hardware.audio_interface - INFO - 开始检测唤醒词...
2025-08-05 10:41:42,878 - __main__ - INFO - 等待唤醒词...
2025-08-05 10:41:42,879 - hardware.audio_interface - INFO - 开始检测唤醒词...
2025-08-05 10:41:47,976 - __main__ - INFO - 等待唤醒词...
2025-08-05 10:41:47,978 - hardware.audio_interface - INFO - 开始检测唤醒词...
2025-08-05 10:41:53,028 - __main__ - INFO - 等待唤醒词...
2025-08-05 10:41:53,029 - hardware.audio_interface - INFO - 开始检测唤醒词...
2025-08-05 10:41:58,091 - __main__ - INFO - 等待唤醒词...
2025-08-05 10:41:58,093 - hardware.audio_interface - INFO - 开始检测唤醒词...
2025-08-05 10:42:03,131 - __main__ - INFO - 等待唤醒词...
2025-08-05 10:42:03,132 - hardware.audio_interface - INFO - 开始检测唤醒词...
2025-08-05 10:42:08,221 - __main__ - INFO - 等待唤醒词...
2025-08-05 10:42:08,222 - hardware.audio_interface - INFO - 开始检测唤醒词...
2025-08-05 10:42:13,290 - __main__ - INFO - 等待唤醒词...
2025-08-05 10:42:13,293 - hardware.audio_interface - INFO - 开始检测唤醒词...
2025-08-05 10:42:18,328 - __main__ - INFO - 等待唤醒词...
2025-08-05 10:42:18,329 - hardware.audio_interface - INFO - 开始检测唤醒词...
2025-08-05 10:42:23,428 - __main__ - INFO - 等待唤醒词...
2025-08-05 10:42:23,430 - hardware.audio_interface - INFO - 开始检测唤醒词...
2025-08-05 10:42:28,534 - __main__ - INFO - 等待唤醒词...
2025-08-05 10:42:28,535 - hardware.audio_interface - INFO - 开始检测唤醒词...
2025-08-05 10:42:33,577 - __main__ - INFO - 等待唤醒词...
2025-08-05 10:42:33,578 - hardware.audio_interface - INFO - 开始检测唤醒词...
2025-08-05 10:42:38,591 - __main__ - INFO - 等待唤醒词...
2025-08-05 10:42:38,592 - hardware.audio_interface - INFO - 开始检测唤醒词...
2025-08-05 10:42:43,616 - __main__ - INFO - 等待唤醒词...
2025-08-05 10:42:43,619 - hardware.audio_interface - INFO - 开始检测唤醒词...
2025-08-05 10:42:48,674 - __main__ - INFO - 等待唤醒词...
2025-08-05 10:42:48,676 - hardware.audio_interface - INFO - 开始检测唤醒词...
2025-08-05 10:42:53,740 - __main__ - INFO - 等待唤醒词...
2025-08-05 10:42:53,741 - hardware.audio_interface - INFO - 开始检测唤醒词...
2025-08-05 10:42:58,750 - __main__ - INFO - 等待唤醒词...
2025-08-05 10:42:58,752 - hardware.audio_interface - INFO - 开始检测唤醒词...
2025-08-05 10:43:03,833 - __main__ - INFO - 等待唤醒词...
2025-08-05 10:43:03,835 - hardware.audio_interface - INFO - 开始检测唤醒词...
2025-08-05 10:43:08,837 - __main__ - INFO - 等待唤醒词...
2025-08-05 10:43:08,842 - hardware.audio_interface - INFO - 开始检测唤醒词...
2025-08-05 10:43:13,876 - __main__ - INFO - 等待唤醒词...
2025-08-05 10:43:13,878 - hardware.audio_interface - INFO - 开始检测唤醒词...
2025-08-05 10:43:18,969 - __main__ - INFO - 等待唤醒词...
2025-08-05 10:43:18,971 - hardware.audio_interface - INFO - 开始检测唤醒词...
2025-08-05 10:43:24,070 - __main__ - INFO - 等待唤醒词...
2025-08-05 10:43:24,071 - hardware.audio_interface - INFO - 开始检测唤醒词...
2025-08-05 10:43:29,132 - __main__ - INFO - 等待唤醒词...
2025-08-05 10:43:29,134 - hardware.audio_interface - INFO - 开始检测唤醒词...
2025-08-05 10:43:34,149 - __main__ - INFO - 等待唤醒词...
2025-08-05 10:43:34,151 - hardware.audio_interface - INFO - 开始检测唤醒词...
2025-08-05 10:43:39,210 - __main__ - INFO - 等待唤醒词...
2025-08-05 10:43:39,212 - hardware.audio_interface - INFO - 开始检测唤醒词...
2025-08-05 10:43:44,280 - __main__ - INFO - 等待唤醒词...
2025-08-05 10:43:44,282 - hardware.audio_interface - INFO - 开始检测唤醒词...
2025-08-05 10:43:49,288 - __main__ - INFO - 等待唤醒词...
2025-08-05 10:43:49,290 - hardware.audio_interface - INFO - 开始检测唤醒词...
2025-08-05 10:43:54,347 - __main__ - INFO - 等待唤醒词...
2025-08-05 10:43:54,352 - hardware.audio_interface - INFO - 开始检测唤醒词...
2025-08-05 10:43:59,384 - __main__ - INFO - 等待唤醒词...
2025-08-05 10:43:59,385 - hardware.audio_interface - INFO - 开始检测唤醒词...
2025-08-05 10:44:04,425 - __main__ - INFO - 等待唤醒词...
2025-08-05 10:44:04,426 - hardware.audio_interface - INFO - 开始检测唤醒词...
2025-08-05 10:44:09,520 - __main__ - INFO - 等待唤醒词...
2025-08-05 10:44:09,521 - hardware.audio_interface - INFO - 开始检测唤醒词...
2025-08-05 10:44:14,548 - __main__ - INFO - 等待唤醒词...
2025-08-05 10:44:14,550 - hardware.audio_interface - INFO - 开始检测唤醒词...
2025-08-05 10:44:19,552 - __main__ - INFO - 等待唤醒词...
2025-08-05 10:44:19,554 - hardware.audio_interface - INFO - 开始检测唤醒词...
2025-08-05 10:44:24,611 - __main__ - INFO - 等待唤醒词...
2025-08-05 10:44:24,612 - hardware.audio_interface - INFO - 开始检测唤醒词...
2025-08-05 10:44:29,621 - __main__ - INFO - 等待唤醒词...
2025-08-05 10:44:29,622 - hardware.audio_interface - INFO - 开始检测唤醒词...
2025-08-05 10:44:34,690 - __main__ - INFO - 等待唤醒词...
2025-08-05 10:44:34,691 - hardware.audio_interface - INFO - 开始检测唤醒词...
2025-08-05 10:44:39,707 - __main__ - INFO - 等待唤醒词...
2025-08-05 10:44:39,725 - hardware.audio_interface - INFO - 开始检测唤醒词...
2025-08-05 10:44:44,796 - __main__ - INFO - 等待唤醒词...
2025-08-05 10:44:44,797 - hardware.audio_interface - INFO - 开始检测唤醒词...
2025-08-05 10:44:49,806 - __main__ - INFO - 等待唤醒词...
2025-08-05 10:44:49,808 - hardware.audio_interface - INFO - 开始检测唤醒词...
2025-08-05 10:44:54,912 - __main__ - INFO - 等待唤醒词...
2025-08-05 10:44:54,914 - hardware.audio_interface - INFO - 开始检测唤醒词...
2025-08-05 10:44:59,918 - __main__ - INFO - 等待唤醒词...
2025-08-05 10:44:59,920 - hardware.audio_interface - INFO - 开始检测唤醒词...
2025-08-05 10:45:04,975 - __main__ - INFO - 等待唤醒词...
2025-08-05 10:45:04,977 - hardware.audio_interface - INFO - 开始检测唤醒词...
2025-08-05 10:45:10,066 - __main__ - INFO - 等待唤醒词...
2025-08-05 10:45:10,068 - hardware.audio_interface - INFO - 开始检测唤醒词...
2025-08-05 10:45:13,928 - apscheduler.executors.default - INFO - Running job "CleanupScheduler._cleanup_task (trigger: interval[0:10:00], next run at: 2025-08-05 10:55:13 CST)" (scheduled at 2025-08-05 10:45:13.928387+08:00)
2025-08-05 10:45:13,928 - utils.cleaner - INFO - 完成安全清理，共删除 0 个旧文件
2025-08-05 10:45:13,928 - apscheduler.executors.default - INFO - Job "CleanupScheduler._cleanup_task (trigger: interval[0:10:00], next run at: 2025-08-05 10:55:13 CST)" executed successfully
2025-08-05 10:45:15,155 - __main__ - INFO - 等待唤醒词...
2025-08-05 10:45:15,156 - hardware.audio_interface - INFO - 开始检测唤醒词...
2025-08-05 10:45:20,191 - __main__ - INFO - 等待唤醒词...
2025-08-05 10:45:20,193 - hardware.audio_interface - INFO - 开始检测唤醒词...
2025-08-05 10:45:25,217 - __main__ - INFO - 等待唤醒词...
2025-08-05 10:45:25,220 - hardware.audio_interface - INFO - 开始检测唤醒词...
2025-08-05 10:45:30,274 - __main__ - INFO - 等待唤醒词...
2025-08-05 10:45:30,275 - hardware.audio_interface - INFO - 开始检测唤醒词...
2025-08-05 10:45:35,367 - __main__ - INFO - 等待唤醒词...
2025-08-05 10:45:35,369 - hardware.audio_interface - INFO - 开始检测唤醒词...
2025-08-05 10:45:40,410 - __main__ - INFO - 等待唤醒词...
2025-08-05 10:45:40,412 - hardware.audio_interface - INFO - 开始检测唤醒词...
2025-08-05 10:45:45,496 - __main__ - INFO - 等待唤醒词...
2025-08-05 10:45:45,498 - hardware.audio_interface - INFO - 开始检测唤醒词...
2025-08-05 10:45:50,503 - __main__ - INFO - 等待唤醒词...
2025-08-05 10:45:50,506 - hardware.audio_interface - INFO - 开始检测唤醒词...
2025-08-05 10:45:55,542 - __main__ - INFO - 等待唤醒词...
2025-08-05 10:45:55,544 - hardware.audio_interface - INFO - 开始检测唤醒词...
2025-08-05 10:46:00,589 - __main__ - INFO - 等待唤醒词...
2025-08-05 10:46:00,591 - hardware.audio_interface - INFO - 开始检测唤醒词...
2025-08-05 10:46:05,681 - __main__ - INFO - 等待唤醒词...
2025-08-05 10:46:05,683 - hardware.audio_interface - INFO - 开始检测唤醒词...
2025-08-05 10:46:10,739 - __main__ - INFO - 等待唤醒词...
2025-08-05 10:46:10,741 - hardware.audio_interface - INFO - 开始检测唤醒词...
2025-08-05 10:46:15,826 - __main__ - INFO - 等待唤醒词...
2025-08-05 10:46:15,828 - hardware.audio_interface - INFO - 开始检测唤醒词...
2025-08-05 10:46:20,923 - __main__ - INFO - 等待唤醒词...
2025-08-05 10:46:20,924 - hardware.audio_interface - INFO - 开始检测唤醒词...
2025-08-05 10:46:25,936 - __main__ - INFO - 等待唤醒词...
2025-08-05 10:46:25,937 - hardware.audio_interface - INFO - 开始检测唤醒词...
2025-08-05 10:46:30,956 - __main__ - INFO - 等待唤醒词...
2025-08-05 10:46:30,957 - hardware.audio_interface - INFO - 开始检测唤醒词...
2025-08-05 10:46:36,000 - __main__ - INFO - 等待唤醒词...
2025-08-05 10:46:36,002 - hardware.audio_interface - INFO - 开始检测唤醒词...
2025-08-05 10:46:41,036 - __main__ - INFO - 等待唤醒词...
2025-08-05 10:46:41,037 - hardware.audio_interface - INFO - 开始检测唤醒词...
2025-08-05 10:46:46,078 - __main__ - INFO - 等待唤醒词...
2025-08-05 10:46:46,079 - hardware.audio_interface - INFO - 开始检测唤醒词...
2025-08-05 10:46:51,125 - __main__ - INFO - 等待唤醒词...
2025-08-05 10:46:51,127 - hardware.audio_interface - INFO - 开始检测唤醒词...
2025-08-05 10:46:56,164 - __main__ - INFO - 等待唤醒词...
2025-08-05 10:46:56,165 - hardware.audio_interface - INFO - 开始检测唤醒词...
2025-08-05 10:47:01,255 - __main__ - INFO - 等待唤醒词...
2025-08-05 10:47:01,261 - hardware.audio_interface - INFO - 开始检测唤醒词...
2025-08-05 10:47:06,292 - __main__ - INFO - 等待唤醒词...
2025-08-05 10:47:06,294 - hardware.audio_interface - INFO - 开始检测唤醒词...
2025-08-05 10:47:11,385 - __main__ - INFO - 等待唤醒词...
2025-08-05 10:47:11,387 - hardware.audio_interface - INFO - 开始检测唤醒词...
2025-08-05 10:47:16,425 - __main__ - INFO - 等待唤醒词...
2025-08-05 10:47:16,426 - hardware.audio_interface - INFO - 开始检测唤醒词...
2025-08-05 10:47:21,512 - __main__ - INFO - 等待唤醒词...
2025-08-05 10:47:21,513 - hardware.audio_interface - INFO - 开始检测唤醒词...
2025-08-05 10:47:26,566 - __main__ - INFO - 等待唤醒词...
2025-08-05 10:47:26,577 - hardware.audio_interface - INFO - 开始检测唤醒词...
2025-08-05 10:47:31,608 - __main__ - INFO - 等待唤醒词...
2025-08-05 10:47:31,610 - hardware.audio_interface - INFO - 开始检测唤醒词...
2025-08-05 10:47:36,703 - __main__ - INFO - 等待唤醒词...
2025-08-05 10:47:36,704 - hardware.audio_interface - INFO - 开始检测唤醒词...
2025-08-05 10:47:41,785 - __main__ - INFO - 等待唤醒词...
2025-08-05 10:47:41,787 - hardware.audio_interface - INFO - 开始检测唤醒词...
2025-08-05 10:47:46,894 - __main__ - INFO - 等待唤醒词...
2025-08-05 10:47:46,895 - hardware.audio_interface - INFO - 开始检测唤醒词...
2025-08-05 10:47:51,897 - __main__ - INFO - 等待唤醒词...
2025-08-05 10:47:51,899 - hardware.audio_interface - INFO - 开始检测唤醒词...
2025-08-05 10:47:56,933 - __main__ - INFO - 等待唤醒词...
2025-08-05 10:47:56,934 - hardware.audio_interface - INFO - 开始检测唤醒词...
2025-08-05 10:48:02,018 - __main__ - INFO - 等待唤醒词...
2025-08-05 10:48:02,019 - hardware.audio_interface - INFO - 开始检测唤醒词...
2025-08-05 10:48:07,112 - __main__ - INFO - 等待唤醒词...
2025-08-05 10:48:07,113 - hardware.audio_interface - INFO - 开始检测唤醒词...
2025-08-05 10:48:12,205 - __main__ - INFO - 等待唤醒词...
2025-08-05 10:48:12,207 - hardware.audio_interface - INFO - 开始检测唤醒词...
2025-08-05 10:48:17,248 - __main__ - INFO - 等待唤醒词...
2025-08-05 10:48:17,250 - hardware.audio_interface - INFO - 开始检测唤醒词...
2025-08-05 10:48:22,342 - __main__ - INFO - 等待唤醒词...
2025-08-05 10:48:22,343 - hardware.audio_interface - INFO - 开始检测唤醒词...
2025-08-05 10:48:27,434 - __main__ - INFO - 等待唤醒词...
2025-08-05 10:48:27,435 - hardware.audio_interface - INFO - 开始检测唤醒词...
2025-08-05 10:48:32,528 - __main__ - INFO - 等待唤醒词...
2025-08-05 10:48:32,529 - hardware.audio_interface - INFO - 开始检测唤醒词...
2025-08-05 10:48:37,570 - __main__ - INFO - 等待唤醒词...
2025-08-05 10:48:37,572 - hardware.audio_interface - INFO - 开始检测唤醒词...
2025-08-05 10:48:42,611 - __main__ - INFO - 等待唤醒词...
2025-08-05 10:48:42,612 - hardware.audio_interface - INFO - 开始检测唤醒词...
2025-08-05 10:48:47,654 - __main__ - INFO - 等待唤醒词...
2025-08-05 10:48:47,656 - hardware.audio_interface - INFO - 开始检测唤醒词...
2025-08-05 10:48:52,749 - __main__ - INFO - 等待唤醒词...
2025-08-05 10:48:52,751 - hardware.audio_interface - INFO - 开始检测唤醒词...
2025-08-05 10:48:57,843 - __main__ - INFO - 等待唤醒词...
2025-08-05 10:48:57,844 - hardware.audio_interface - INFO - 开始检测唤醒词...
2025-08-05 10:49:02,939 - __main__ - INFO - 等待唤醒词...
2025-08-05 10:49:02,940 - hardware.audio_interface - INFO - 开始检测唤醒词...
2025-08-05 10:49:08,033 - __main__ - INFO - 等待唤醒词...
2025-08-05 10:49:08,034 - hardware.audio_interface - INFO - 开始检测唤醒词...
2025-08-05 10:49:13,128 - __main__ - INFO - 等待唤醒词...
2025-08-05 10:49:13,130 - hardware.audio_interface - INFO - 开始检测唤醒词...
2025-08-05 10:49:18,168 - __main__ - INFO - 等待唤醒词...
2025-08-05 10:49:18,169 - hardware.audio_interface - INFO - 开始检测唤醒词...
2025-08-05 10:49:23,265 - __main__ - INFO - 等待唤醒词...
2025-08-05 10:49:23,266 - hardware.audio_interface - INFO - 开始检测唤醒词...
2025-08-05 10:49:28,360 - __main__ - INFO - 等待唤醒词...
2025-08-05 10:49:28,362 - hardware.audio_interface - INFO - 开始检测唤醒词...
2025-08-05 10:49:33,452 - __main__ - INFO - 等待唤醒词...
2025-08-05 10:49:33,454 - hardware.audio_interface - INFO - 开始检测唤醒词...
2025-08-05 10:49:38,547 - __main__ - INFO - 等待唤醒词...
2025-08-05 10:49:38,548 - hardware.audio_interface - INFO - 开始检测唤醒词...
2025-08-05 10:49:43,596 - __main__ - INFO - 等待唤醒词...
2025-08-05 10:49:43,598 - hardware.audio_interface - INFO - 开始检测唤醒词...
2025-08-05 10:49:48,650 - __main__ - INFO - 等待唤醒词...
2025-08-05 10:49:48,652 - hardware.audio_interface - INFO - 开始检测唤醒词...
2025-08-05 10:49:53,745 - __main__ - INFO - 等待唤醒词...
2025-08-05 10:49:53,746 - hardware.audio_interface - INFO - 开始检测唤醒词...
2025-08-05 10:49:58,786 - __main__ - INFO - 等待唤醒词...
2025-08-05 10:49:58,787 - hardware.audio_interface - INFO - 开始检测唤醒词...
2025-08-05 10:50:03,882 - __main__ - INFO - 等待唤醒词...
2025-08-05 10:50:03,884 - hardware.audio_interface - INFO - 开始检测唤醒词...
2025-08-05 10:50:08,976 - __main__ - INFO - 等待唤醒词...
2025-08-05 10:50:08,978 - hardware.audio_interface - INFO - 开始检测唤醒词...
2025-08-05 10:50:14,016 - __main__ - INFO - 等待唤醒词...
2025-08-05 10:50:14,017 - hardware.audio_interface - INFO - 开始检测唤醒词...
2025-08-05 10:50:19,109 - __main__ - INFO - 等待唤醒词...
2025-08-05 10:50:19,110 - hardware.audio_interface - INFO - 开始检测唤醒词...
2025-08-05 10:50:24,152 - __main__ - INFO - 等待唤醒词...
2025-08-05 10:50:24,154 - hardware.audio_interface - INFO - 开始检测唤醒词...
2025-08-05 10:50:29,250 - __main__ - INFO - 等待唤醒词...
2025-08-05 10:50:29,251 - hardware.audio_interface - INFO - 开始检测唤醒词...
2025-08-05 10:50:34,291 - __main__ - INFO - 等待唤醒词...
2025-08-05 10:50:34,292 - hardware.audio_interface - INFO - 开始检测唤醒词...
2025-08-05 10:50:39,384 - __main__ - INFO - 等待唤醒词...
2025-08-05 10:50:39,385 - hardware.audio_interface - INFO - 开始检测唤醒词...
2025-08-05 10:50:44,431 - __main__ - INFO - 等待唤醒词...
2025-08-05 10:50:44,433 - hardware.audio_interface - INFO - 开始检测唤醒词...
2025-08-05 10:50:49,472 - __main__ - INFO - 等待唤醒词...
2025-08-05 10:50:49,473 - hardware.audio_interface - INFO - 开始检测唤醒词...
2025-08-05 10:50:54,512 - __main__ - INFO - 等待唤醒词...
2025-08-05 10:50:54,513 - hardware.audio_interface - INFO - 开始检测唤醒词...
2025-08-05 10:50:59,557 - __main__ - INFO - 等待唤醒词...
2025-08-05 10:50:59,558 - hardware.audio_interface - INFO - 开始检测唤醒词...
2025-08-05 10:51:04,652 - __main__ - INFO - 等待唤醒词...
2025-08-05 10:51:04,653 - hardware.audio_interface - INFO - 开始检测唤醒词...
2025-08-05 10:51:09,742 - __main__ - INFO - 等待唤醒词...
2025-08-05 10:51:09,743 - hardware.audio_interface - INFO - 开始检测唤醒词...
2025-08-05 10:51:14,835 - __main__ - INFO - 等待唤醒词...
2025-08-05 10:51:14,836 - hardware.audio_interface - INFO - 开始检测唤醒词...
2025-08-05 10:51:19,878 - __main__ - INFO - 等待唤醒词...
2025-08-05 10:51:19,879 - hardware.audio_interface - INFO - 开始检测唤醒词...
2025-08-05 10:51:24,917 - __main__ - INFO - 等待唤醒词...
2025-08-05 10:51:24,918 - hardware.audio_interface - INFO - 开始检测唤醒词...
2025-08-05 10:51:30,006 - __main__ - INFO - 等待唤醒词...
2025-08-05 10:51:30,007 - hardware.audio_interface - INFO - 开始检测唤醒词...
2025-08-05 10:51:35,101 - __main__ - INFO - 等待唤醒词...
2025-08-05 10:51:35,102 - hardware.audio_interface - INFO - 开始检测唤醒词...
2025-08-05 10:51:40,143 - __main__ - INFO - 等待唤醒词...
2025-08-05 10:51:40,144 - hardware.audio_interface - INFO - 开始检测唤醒词...
2025-08-05 10:51:45,187 - __main__ - INFO - 等待唤醒词...
2025-08-05 10:51:45,188 - hardware.audio_interface - INFO - 开始检测唤醒词...
2025-08-05 10:51:50,281 - __main__ - INFO - 等待唤醒词...
2025-08-05 10:51:50,282 - hardware.audio_interface - INFO - 开始检测唤醒词...
2025-08-05 10:51:55,376 - __main__ - INFO - 等待唤醒词...
2025-08-05 10:51:55,378 - hardware.audio_interface - INFO - 开始检测唤醒词...
2025-08-05 10:52:00,473 - __main__ - INFO - 等待唤醒词...
2025-08-05 10:52:00,474 - hardware.audio_interface - INFO - 开始检测唤醒词...
2025-08-05 10:52:05,568 - __main__ - INFO - 等待唤醒词...
2025-08-05 10:52:05,569 - hardware.audio_interface - INFO - 开始检测唤醒词...
2025-08-05 10:52:10,664 - __main__ - INFO - 等待唤醒词...
2025-08-05 10:52:10,665 - hardware.audio_interface - INFO - 开始检测唤醒词...
2025-08-05 10:52:15,758 - __main__ - INFO - 等待唤醒词...
2025-08-05 10:52:15,759 - hardware.audio_interface - INFO - 开始检测唤醒词...
2025-08-05 10:52:20,854 - __main__ - INFO - 等待唤醒词...
2025-08-05 10:52:20,856 - hardware.audio_interface - INFO - 开始检测唤醒词...
2025-08-05 10:52:25,950 - __main__ - INFO - 等待唤醒词...
2025-08-05 10:52:25,951 - hardware.audio_interface - INFO - 开始检测唤醒词...
2025-08-05 10:52:31,042 - __main__ - INFO - 等待唤醒词...
2025-08-05 10:52:31,044 - hardware.audio_interface - INFO - 开始检测唤醒词...
2025-08-05 10:52:36,083 - __main__ - INFO - 等待唤醒词...
2025-08-05 10:52:36,084 - hardware.audio_interface - INFO - 开始检测唤醒词...
2025-08-05 10:52:41,176 - __main__ - INFO - 等待唤醒词...
2025-08-05 10:52:41,177 - hardware.audio_interface - INFO - 开始检测唤醒词...
2025-08-05 10:52:46,270 - __main__ - INFO - 等待唤醒词...
2025-08-05 10:52:46,271 - hardware.audio_interface - INFO - 开始检测唤醒词...
2025-08-05 10:52:51,362 - __main__ - INFO - 等待唤醒词...
2025-08-05 10:52:51,363 - hardware.audio_interface - INFO - 开始检测唤醒词...
2025-08-05 10:52:56,458 - __main__ - INFO - 等待唤醒词...
2025-08-05 10:52:56,459 - hardware.audio_interface - INFO - 开始检测唤醒词...
2025-08-05 10:53:01,553 - __main__ - INFO - 等待唤醒词...
2025-08-05 10:53:01,555 - hardware.audio_interface - INFO - 开始检测唤醒词...
2025-08-05 10:53:06,647 - __main__ - INFO - 等待唤醒词...
2025-08-05 10:53:06,649 - hardware.audio_interface - INFO - 开始检测唤醒词...
2025-08-05 10:53:11,686 - __main__ - INFO - 等待唤醒词...
2025-08-05 10:53:11,687 - hardware.audio_interface - INFO - 开始检测唤醒词...
2025-08-05 10:53:16,778 - __main__ - INFO - 等待唤醒词...
2025-08-05 10:53:16,779 - hardware.audio_interface - INFO - 开始检测唤醒词...
2025-08-05 10:53:21,872 - __main__ - INFO - 等待唤醒词...
2025-08-05 10:53:21,873 - hardware.audio_interface - INFO - 开始检测唤醒词...
2025-08-05 10:53:26,916 - __main__ - INFO - 等待唤醒词...
2025-08-05 10:53:26,917 - hardware.audio_interface - INFO - 开始检测唤醒词...
2025-08-05 10:53:32,010 - __main__ - INFO - 等待唤醒词...
2025-08-05 10:53:32,012 - hardware.audio_interface - INFO - 开始检测唤醒词...
2025-08-05 10:53:37,053 - __main__ - INFO - 等待唤醒词...
2025-08-05 10:53:37,054 - hardware.audio_interface - INFO - 开始检测唤醒词...
2025-08-05 10:53:42,146 - __main__ - INFO - 等待唤醒词...
2025-08-05 10:53:42,148 - hardware.audio_interface - INFO - 开始检测唤醒词...
2025-08-05 10:53:47,187 - __main__ - INFO - 等待唤醒词...
2025-08-05 10:53:47,188 - hardware.audio_interface - INFO - 开始检测唤醒词...
2025-08-05 10:53:52,227 - __main__ - INFO - 等待唤醒词...
2025-08-05 10:53:52,229 - hardware.audio_interface - INFO - 开始检测唤醒词...
2025-08-05 10:53:57,269 - __main__ - INFO - 等待唤醒词...
2025-08-05 10:53:57,271 - hardware.audio_interface - INFO - 开始检测唤醒词...
2025-08-05 10:54:02,359 - __main__ - INFO - 等待唤醒词...
2025-08-05 10:54:02,360 - hardware.audio_interface - INFO - 开始检测唤醒词...
2025-08-05 10:54:07,454 - __main__ - INFO - 等待唤醒词...
2025-08-05 10:54:07,455 - hardware.audio_interface - INFO - 开始检测唤醒词...
2025-08-05 10:54:12,495 - __main__ - INFO - 等待唤醒词...
2025-08-05 10:54:12,497 - hardware.audio_interface - INFO - 开始检测唤醒词...
2025-08-05 10:54:17,537 - __main__ - INFO - 等待唤醒词...
2025-08-05 10:54:17,538 - hardware.audio_interface - INFO - 开始检测唤醒词...
2025-08-05 10:54:22,585 - __main__ - INFO - 等待唤醒词...
2025-08-05 10:54:22,587 - hardware.audio_interface - INFO - 开始检测唤醒词...
2025-08-05 10:54:27,686 - __main__ - INFO - 等待唤醒词...
2025-08-05 10:54:27,687 - hardware.audio_interface - INFO - 开始检测唤醒词...
2025-08-05 10:54:32,727 - __main__ - INFO - 等待唤醒词...
2025-08-05 10:54:32,729 - hardware.audio_interface - INFO - 开始检测唤醒词...
2025-08-05 10:54:37,766 - __main__ - INFO - 等待唤醒词...
2025-08-05 10:54:37,767 - hardware.audio_interface - INFO - 开始检测唤醒词...
2025-08-05 10:54:42,858 - __main__ - INFO - 等待唤醒词...
2025-08-05 10:54:42,859 - hardware.audio_interface - INFO - 开始检测唤醒词...
2025-08-05 10:54:47,952 - __main__ - INFO - 等待唤醒词...
2025-08-05 10:54:47,953 - hardware.audio_interface - INFO - 开始检测唤醒词...
2025-08-05 10:54:53,044 - __main__ - INFO - 等待唤醒词...
2025-08-05 10:54:53,045 - hardware.audio_interface - INFO - 开始检测唤醒词...
2025-08-05 10:54:58,140 - __main__ - INFO - 等待唤醒词...
2025-08-05 10:54:58,142 - hardware.audio_interface - INFO - 开始检测唤醒词...
2025-08-05 10:55:03,235 - __main__ - INFO - 等待唤醒词...
2025-08-05 10:55:03,236 - hardware.audio_interface - INFO - 开始检测唤醒词...
2025-08-05 10:55:08,275 - __main__ - INFO - 等待唤醒词...
2025-08-05 10:55:08,276 - hardware.audio_interface - INFO - 开始检测唤醒词...
2025-08-05 10:55:13,314 - __main__ - INFO - 等待唤醒词...
2025-08-05 10:55:13,315 - hardware.audio_interface - INFO - 开始检测唤醒词...
2025-08-05 10:55:13,928 - apscheduler.executors.default - INFO - Running job "CleanupScheduler._cleanup_task (trigger: interval[0:10:00], next run at: 2025-08-05 11:05:13 CST)" (scheduled at 2025-08-05 10:55:13.928387+08:00)
2025-08-05 10:55:13,928 - utils.cleaner - INFO - 完成安全清理，共删除 0 个旧文件
2025-08-05 10:55:13,928 - apscheduler.executors.default - INFO - Job "CleanupScheduler._cleanup_task (trigger: interval[0:10:00], next run at: 2025-08-05 11:05:13 CST)" executed successfully
2025-08-05 10:55:18,405 - __main__ - INFO - 等待唤醒词...
2025-08-05 10:55:18,406 - hardware.audio_interface - INFO - 开始检测唤醒词...
2025-08-05 10:55:23,447 - __main__ - INFO - 等待唤醒词...
2025-08-05 10:55:23,448 - hardware.audio_interface - INFO - 开始检测唤醒词...
2025-08-05 10:55:28,535 - __main__ - INFO - 等待唤醒词...
2025-08-05 10:55:28,536 - hardware.audio_interface - INFO - 开始检测唤醒词...
2025-08-05 10:55:33,625 - __main__ - INFO - 等待唤醒词...
2025-08-05 10:55:33,627 - hardware.audio_interface - INFO - 开始检测唤醒词...
2025-08-05 10:55:38,720 - __main__ - INFO - 等待唤醒词...
2025-08-05 10:55:38,722 - hardware.audio_interface - INFO - 开始检测唤醒词...
2025-08-05 10:55:43,812 - __main__ - INFO - 等待唤醒词...
2025-08-05 10:55:43,814 - hardware.audio_interface - INFO - 开始检测唤醒词...
2025-08-05 10:55:48,867 - __main__ - INFO - 等待唤醒词...
2025-08-05 10:55:48,868 - hardware.audio_interface - INFO - 开始检测唤醒词...
2025-08-05 10:55:53,923 - __main__ - INFO - 等待唤醒词...
2025-08-05 10:55:53,924 - hardware.audio_interface - INFO - 开始检测唤醒词...
2025-08-05 10:55:58,964 - __main__ - INFO - 等待唤醒词...
2025-08-05 10:55:58,965 - hardware.audio_interface - INFO - 开始检测唤醒词...
2025-08-05 10:56:04,057 - __main__ - INFO - 等待唤醒词...
2025-08-05 10:56:04,058 - hardware.audio_interface - INFO - 开始检测唤醒词...
2025-08-05 10:56:09,097 - __main__ - INFO - 等待唤醒词...
2025-08-05 10:56:09,099 - hardware.audio_interface - INFO - 开始检测唤醒词...
2025-08-05 10:56:14,154 - __main__ - INFO - 等待唤醒词...
2025-08-05 10:56:14,155 - hardware.audio_interface - INFO - 开始检测唤醒词...
2025-08-05 10:56:19,191 - __main__ - INFO - 等待唤醒词...
2025-08-05 10:56:19,192 - hardware.audio_interface - INFO - 开始检测唤醒词...
2025-08-05 10:56:24,231 - __main__ - INFO - 等待唤醒词...
2025-08-05 10:56:24,233 - hardware.audio_interface - INFO - 开始检测唤醒词...
2025-08-05 10:56:29,267 - __main__ - INFO - 等待唤醒词...
2025-08-05 10:56:29,269 - hardware.audio_interface - INFO - 开始检测唤醒词...
2025-08-05 10:56:34,306 - __main__ - INFO - 等待唤醒词...
2025-08-05 10:56:34,307 - hardware.audio_interface - INFO - 开始检测唤醒词...
2025-08-05 10:56:39,360 - __main__ - INFO - 等待唤醒词...
2025-08-05 10:56:39,362 - hardware.audio_interface - INFO - 开始检测唤醒词...
2025-08-05 10:56:44,408 - __main__ - INFO - 等待唤醒词...
2025-08-05 10:56:44,409 - hardware.audio_interface - INFO - 开始检测唤醒词...
2025-08-05 10:56:49,515 - __main__ - INFO - 等待唤醒词...
2025-08-05 10:56:49,516 - hardware.audio_interface - INFO - 开始检测唤醒词...
2025-08-05 10:56:54,556 - __main__ - INFO - 等待唤醒词...
2025-08-05 10:56:54,558 - hardware.audio_interface - INFO - 开始检测唤醒词...
2025-08-05 10:56:59,598 - __main__ - INFO - 等待唤醒词...
2025-08-05 10:56:59,600 - hardware.audio_interface - INFO - 开始检测唤醒词...
2025-08-05 10:57:04,639 - __main__ - INFO - 等待唤醒词...
2025-08-05 10:57:04,641 - hardware.audio_interface - INFO - 开始检测唤醒词...
2025-08-05 10:57:09,675 - __main__ - INFO - 等待唤醒词...
2025-08-05 10:57:09,677 - hardware.audio_interface - INFO - 开始检测唤醒词...
2025-08-05 10:57:14,711 - __main__ - INFO - 等待唤醒词...
2025-08-05 10:57:14,713 - hardware.audio_interface - INFO - 开始检测唤醒词...
2025-08-05 10:57:19,750 - __main__ - INFO - 等待唤醒词...
2025-08-05 10:57:19,752 - hardware.audio_interface - INFO - 开始检测唤醒词...
2025-08-05 10:57:24,790 - __main__ - INFO - 等待唤醒词...
2025-08-05 10:57:24,792 - hardware.audio_interface - INFO - 开始检测唤醒词...
2025-08-05 10:57:29,802 - __main__ - INFO - 等待唤醒词...
2025-08-05 10:57:29,803 - hardware.audio_interface - INFO - 开始检测唤醒词...
2025-08-05 10:57:34,819 - __main__ - INFO - 等待唤醒词...
2025-08-05 10:57:34,821 - hardware.audio_interface - INFO - 开始检测唤醒词...
2025-08-05 10:57:39,821 - __main__ - INFO - 等待唤醒词...
2025-08-05 10:57:39,823 - hardware.audio_interface - INFO - 开始检测唤醒词...
2025-08-05 10:57:44,824 - __main__ - INFO - 等待唤醒词...
2025-08-05 10:57:44,825 - hardware.audio_interface - INFO - 开始检测唤醒词...
2025-08-05 10:57:49,830 - __main__ - INFO - 等待唤醒词...
2025-08-05 10:57:49,831 - hardware.audio_interface - INFO - 开始检测唤醒词...
2025-08-05 10:57:54,937 - __main__ - INFO - 等待唤醒词...
2025-08-05 10:57:54,938 - hardware.audio_interface - INFO - 开始检测唤醒词...
2025-08-05 10:57:59,939 - __main__ - INFO - 等待唤醒词...
2025-08-05 10:57:59,940 - hardware.audio_interface - INFO - 开始检测唤醒词...
2025-08-05 10:58:04,941 - __main__ - INFO - 等待唤醒词...
2025-08-05 10:58:04,943 - hardware.audio_interface - INFO - 开始检测唤醒词...
2025-08-05 10:58:10,049 - __main__ - INFO - 等待唤醒词...
2025-08-05 10:58:10,050 - hardware.audio_interface - INFO - 开始检测唤醒词...
2025-08-05 10:58:15,052 - __main__ - INFO - 等待唤醒词...
2025-08-05 10:58:15,054 - hardware.audio_interface - INFO - 开始检测唤醒词...
2025-08-05 10:58:20,144 - __main__ - INFO - 等待唤醒词...
2025-08-05 10:58:20,145 - hardware.audio_interface - INFO - 开始检测唤醒词...
2025-08-05 10:58:25,236 - __main__ - INFO - 等待唤醒词...
2025-08-05 10:58:25,237 - hardware.audio_interface - INFO - 开始检测唤醒词...
2025-08-05 10:58:30,326 - __main__ - INFO - 等待唤醒词...
2025-08-05 10:58:30,327 - hardware.audio_interface - INFO - 开始检测唤醒词...
2025-08-05 10:58:35,419 - __main__ - INFO - 等待唤醒词...
2025-08-05 10:58:35,420 - hardware.audio_interface - INFO - 开始检测唤醒词...
2025-08-05 10:58:40,515 - __main__ - INFO - 等待唤醒词...
2025-08-05 10:58:40,516 - hardware.audio_interface - INFO - 开始检测唤醒词...
2025-08-05 10:58:45,620 - __main__ - INFO - 等待唤醒词...
2025-08-05 10:58:45,621 - hardware.audio_interface - INFO - 开始检测唤醒词...
2025-08-05 10:58:50,709 - __main__ - INFO - 等待唤醒词...
2025-08-05 10:58:50,710 - hardware.audio_interface - INFO - 开始检测唤醒词...
2025-08-05 10:58:55,747 - __main__ - INFO - 等待唤醒词...
2025-08-05 10:58:55,748 - hardware.audio_interface - INFO - 开始检测唤醒词...
2025-08-05 10:59:00,844 - __main__ - INFO - 等待唤醒词...
2025-08-05 10:59:00,845 - hardware.audio_interface - INFO - 开始检测唤醒词...
2025-08-05 10:59:05,886 - __main__ - INFO - 等待唤醒词...
2025-08-05 10:59:05,887 - hardware.audio_interface - INFO - 开始检测唤醒词...
2025-08-05 10:59:10,925 - __main__ - INFO - 等待唤醒词...
2025-08-05 10:59:10,926 - hardware.audio_interface - INFO - 开始检测唤醒词...
2025-08-05 10:59:15,963 - __main__ - INFO - 等待唤醒词...
2025-08-05 10:59:15,964 - hardware.audio_interface - INFO - 开始检测唤醒词...
2025-08-05 10:59:21,019 - __main__ - INFO - 等待唤醒词...
2025-08-05 10:59:21,020 - hardware.audio_interface - INFO - 开始检测唤醒词...
2025-08-05 10:59:26,063 - __main__ - INFO - 等待唤醒词...
2025-08-05 10:59:26,065 - hardware.audio_interface - INFO - 开始检测唤醒词...
2025-08-05 10:59:31,120 - __main__ - INFO - 等待唤醒词...
2025-08-05 10:59:31,121 - hardware.audio_interface - INFO - 开始检测唤醒词...
2025-08-05 10:59:36,158 - __main__ - INFO - 等待唤醒词...
2025-08-05 10:59:36,159 - hardware.audio_interface - INFO - 开始检测唤醒词...
2025-08-05 10:59:41,195 - __main__ - INFO - 等待唤醒词...
2025-08-05 10:59:41,196 - hardware.audio_interface - INFO - 开始检测唤醒词...
2025-08-05 10:59:46,231 - __main__ - INFO - 等待唤醒词...
2025-08-05 10:59:46,232 - hardware.audio_interface - INFO - 开始检测唤醒词...
2025-08-05 10:59:51,324 - __main__ - INFO - 等待唤醒词...
2025-08-05 10:59:51,326 - hardware.audio_interface - INFO - 开始检测唤醒词...
2025-08-05 10:59:56,420 - __main__ - INFO - 等待唤醒词...
2025-08-05 10:59:56,423 - hardware.audio_interface - INFO - 开始检测唤醒词...
2025-08-05 11:00:01,459 - __main__ - INFO - 等待唤醒词...
2025-08-05 11:00:01,461 - hardware.audio_interface - INFO - 开始检测唤醒词...
2025-08-05 11:00:06,500 - __main__ - INFO - 等待唤醒词...
2025-08-05 11:00:06,501 - hardware.audio_interface - INFO - 开始检测唤醒词...
2025-08-05 11:00:11,599 - __main__ - INFO - 等待唤醒词...
2025-08-05 11:00:11,600 - hardware.audio_interface - INFO - 开始检测唤醒词...
2025-08-05 11:00:16,659 - __main__ - INFO - 等待唤醒词...
2025-08-05 11:00:16,660 - hardware.audio_interface - INFO - 开始检测唤醒词...
2025-08-05 11:00:21,713 - __main__ - INFO - 等待唤醒词...
2025-08-05 11:00:21,714 - hardware.audio_interface - INFO - 开始检测唤醒词...
2025-08-05 11:00:26,751 - __main__ - INFO - 等待唤醒词...
2025-08-05 11:00:26,752 - hardware.audio_interface - INFO - 开始检测唤醒词...
2025-08-05 11:00:31,766 - __main__ - INFO - 等待唤醒词...
2025-08-05 11:00:31,767 - hardware.audio_interface - INFO - 开始检测唤醒词...
2025-08-05 11:00:36,859 - __main__ - INFO - 等待唤醒词...
2025-08-05 11:00:36,860 - hardware.audio_interface - INFO - 开始检测唤醒词...
2025-08-05 11:00:41,896 - __main__ - INFO - 等待唤醒词...
2025-08-05 11:00:41,897 - hardware.audio_interface - INFO - 开始检测唤醒词...
2025-08-05 11:00:46,990 - __main__ - INFO - 等待唤醒词...
2025-08-05 11:00:46,991 - hardware.audio_interface - INFO - 开始检测唤醒词...
2025-08-05 11:00:52,031 - __main__ - INFO - 等待唤醒词...
2025-08-05 11:00:52,033 - hardware.audio_interface - INFO - 开始检测唤醒词...
2025-08-05 11:00:57,070 - __main__ - INFO - 等待唤醒词...
2025-08-05 11:00:57,071 - hardware.audio_interface - INFO - 开始检测唤醒词...
2025-08-05 11:01:02,104 - __main__ - INFO - 等待唤醒词...
2025-08-05 11:01:02,105 - hardware.audio_interface - INFO - 开始检测唤醒词...
2025-08-05 11:01:07,108 - __main__ - INFO - 等待唤醒词...
2025-08-05 11:01:07,109 - hardware.audio_interface - INFO - 开始检测唤醒词...
2025-08-05 11:01:12,201 - __main__ - INFO - 等待唤醒词...
2025-08-05 11:01:12,203 - hardware.audio_interface - INFO - 开始检测唤醒词...
2025-08-05 11:01:17,309 - __main__ - INFO - 等待唤醒词...
2025-08-05 11:01:17,310 - hardware.audio_interface - INFO - 开始检测唤醒词...
2025-08-05 11:01:22,350 - __main__ - INFO - 等待唤醒词...
2025-08-05 11:01:22,352 - hardware.audio_interface - INFO - 开始检测唤醒词...
2025-08-05 11:01:27,389 - __main__ - INFO - 等待唤醒词...
2025-08-05 11:01:27,390 - hardware.audio_interface - INFO - 开始检测唤醒词...
2025-08-05 11:01:32,429 - __main__ - INFO - 等待唤醒词...
2025-08-05 11:01:32,431 - hardware.audio_interface - INFO - 开始检测唤醒词...
2025-08-05 11:01:37,468 - __main__ - INFO - 等待唤醒词...
2025-08-05 11:01:37,469 - hardware.audio_interface - INFO - 开始检测唤醒词...
2025-08-05 11:01:42,513 - __main__ - INFO - 等待唤醒词...
2025-08-05 11:01:42,514 - hardware.audio_interface - INFO - 开始检测唤醒词...
2025-08-05 11:01:47,551 - __main__ - INFO - 等待唤醒词...
2025-08-05 11:01:47,553 - hardware.audio_interface - INFO - 开始检测唤醒词...
2025-08-05 11:01:52,586 - __main__ - INFO - 等待唤醒词...
2025-08-05 11:01:52,587 - hardware.audio_interface - INFO - 开始检测唤醒词...
2025-08-05 11:01:57,589 - __main__ - INFO - 等待唤醒词...
2025-08-05 11:01:57,590 - hardware.audio_interface - INFO - 开始检测唤醒词...
2025-08-05 11:02:02,629 - __main__ - INFO - 等待唤醒词...
2025-08-05 11:02:02,631 - hardware.audio_interface - INFO - 开始检测唤醒词...
2025-08-05 11:02:07,671 - __main__ - INFO - 等待唤醒词...
2025-08-05 11:02:07,673 - hardware.audio_interface - INFO - 开始检测唤醒词...
2025-08-05 11:02:12,712 - __main__ - INFO - 等待唤醒词...
2025-08-05 11:02:12,713 - hardware.audio_interface - INFO - 开始检测唤醒词...
2025-08-05 11:02:17,752 - __main__ - INFO - 等待唤醒词...
2025-08-05 11:02:17,754 - hardware.audio_interface - INFO - 开始检测唤醒词...
2025-08-05 11:02:22,789 - __main__ - INFO - 等待唤醒词...
2025-08-05 11:02:22,790 - hardware.audio_interface - INFO - 开始检测唤醒词...
2025-08-05 11:02:27,828 - __main__ - INFO - 等待唤醒词...
2025-08-05 11:02:27,829 - hardware.audio_interface - INFO - 开始检测唤醒词...
2025-08-05 11:02:32,866 - __main__ - INFO - 等待唤醒词...
2025-08-05 11:02:32,868 - hardware.audio_interface - INFO - 开始检测唤醒词...
2025-08-05 11:02:37,971 - __main__ - INFO - 等待唤醒词...
2025-08-05 11:02:37,972 - hardware.audio_interface - INFO - 开始检测唤醒词...
2025-08-05 11:02:43,066 - __main__ - INFO - 等待唤醒词...
2025-08-05 11:02:43,067 - hardware.audio_interface - INFO - 开始检测唤醒词...
2025-08-05 11:02:48,108 - __main__ - INFO - 等待唤醒词...
2025-08-05 11:02:48,109 - hardware.audio_interface - INFO - 开始检测唤醒词...
2025-08-05 11:02:53,150 - __main__ - INFO - 等待唤醒词...
2025-08-05 11:02:53,151 - hardware.audio_interface - INFO - 开始检测唤醒词...
2025-08-05 11:02:58,244 - __main__ - INFO - 等待唤醒词...
2025-08-05 11:02:58,245 - hardware.audio_interface - INFO - 开始检测唤醒词...
2025-08-05 11:03:03,338 - __main__ - INFO - 等待唤醒词...
2025-08-05 11:03:03,339 - hardware.audio_interface - INFO - 开始检测唤醒词...
2025-08-05 11:03:08,431 - __main__ - INFO - 等待唤醒词...
2025-08-05 11:03:08,432 - hardware.audio_interface - INFO - 开始检测唤醒词...
2025-08-05 11:03:13,527 - __main__ - INFO - 等待唤醒词...
2025-08-05 11:03:13,528 - hardware.audio_interface - INFO - 开始检测唤醒词...
2025-08-05 11:03:18,571 - __main__ - INFO - 等待唤醒词...
2025-08-05 11:03:18,573 - hardware.audio_interface - INFO - 开始检测唤醒词...
2025-08-05 11:03:23,666 - __main__ - INFO - 等待唤醒词...
2025-08-05 11:03:23,668 - hardware.audio_interface - INFO - 开始检测唤醒词...
2025-08-05 11:03:28,710 - __main__ - INFO - 等待唤醒词...
2025-08-05 11:03:28,711 - hardware.audio_interface - INFO - 开始检测唤醒词...
2025-08-05 11:03:33,752 - __main__ - INFO - 等待唤醒词...
2025-08-05 11:03:33,753 - hardware.audio_interface - INFO - 开始检测唤醒词...
2025-08-05 11:03:38,846 - __main__ - INFO - 等待唤醒词...
2025-08-05 11:03:38,847 - hardware.audio_interface - INFO - 开始检测唤醒词...
2025-08-05 11:03:43,883 - __main__ - INFO - 等待唤醒词...
2025-08-05 11:03:43,884 - hardware.audio_interface - INFO - 开始检测唤醒词...
2025-08-05 11:03:48,976 - __main__ - INFO - 等待唤醒词...
2025-08-05 11:03:48,977 - hardware.audio_interface - INFO - 开始检测唤醒词...
2025-08-05 11:03:54,069 - __main__ - INFO - 等待唤醒词...
2025-08-05 11:03:54,070 - hardware.audio_interface - INFO - 开始检测唤醒词...
2025-08-05 11:03:59,073 - __main__ - INFO - 等待唤醒词...
2025-08-05 11:03:59,076 - hardware.audio_interface - INFO - 开始检测唤醒词...
2025-08-05 11:04:04,181 - __main__ - INFO - 等待唤醒词...
2025-08-05 11:04:04,182 - hardware.audio_interface - INFO - 开始检测唤醒词...
2025-08-05 11:04:09,185 - __main__ - INFO - 等待唤醒词...
2025-08-05 11:04:09,187 - hardware.audio_interface - INFO - 开始检测唤醒词...
2025-08-05 11:04:14,280 - __main__ - INFO - 等待唤醒词...
2025-08-05 11:04:14,286 - hardware.audio_interface - INFO - 开始检测唤醒词...
2025-08-05 11:04:19,370 - __main__ - INFO - 等待唤醒词...
2025-08-05 11:04:19,371 - hardware.audio_interface - INFO - 开始检测唤醒词...
2025-08-05 11:04:24,462 - __main__ - INFO - 等待唤醒词...
2025-08-05 11:04:24,463 - hardware.audio_interface - INFO - 开始检测唤醒词...
2025-08-05 11:04:29,482 - __main__ - INFO - 等待唤醒词...
2025-08-05 11:04:29,484 - hardware.audio_interface - INFO - 开始检测唤醒词...
2025-08-05 11:04:34,498 - __main__ - INFO - 等待唤醒词...
2025-08-05 11:04:34,499 - hardware.audio_interface - INFO - 开始检测唤醒词...
2025-08-05 11:04:39,593 - __main__ - INFO - 等待唤醒词...
2025-08-05 11:04:39,594 - hardware.audio_interface - INFO - 开始检测唤醒词...
2025-08-05 11:04:44,637 - __main__ - INFO - 等待唤醒词...
2025-08-05 11:04:44,639 - hardware.audio_interface - INFO - 开始检测唤醒词...
2025-08-05 11:04:49,735 - __main__ - INFO - 等待唤醒词...
2025-08-05 11:04:49,737 - hardware.audio_interface - INFO - 开始检测唤醒词...
2025-08-05 11:04:54,828 - __main__ - INFO - 等待唤醒词...
2025-08-05 11:04:54,830 - hardware.audio_interface - INFO - 开始检测唤醒词...
2025-08-05 11:04:59,923 - __main__ - INFO - 等待唤醒词...
2025-08-05 11:04:59,925 - hardware.audio_interface - INFO - 开始检测唤醒词...
2025-08-05 11:05:04,967 - __main__ - INFO - 等待唤醒词...
2025-08-05 11:05:04,968 - hardware.audio_interface - INFO - 开始检测唤醒词...
2025-08-05 11:05:10,014 - __main__ - INFO - 等待唤醒词...
2025-08-05 11:05:10,016 - hardware.audio_interface - INFO - 开始检测唤醒词...
2025-08-05 11:05:13,928 - apscheduler.executors.default - INFO - Running job "CleanupScheduler._cleanup_task (trigger: interval[0:10:00], next run at: 2025-08-05 11:15:13 CST)" (scheduled at 2025-08-05 11:05:13.928387+08:00)
2025-08-05 11:05:13,929 - utils.cleaner - INFO - 完成安全清理，共删除 0 个旧文件
2025-08-05 11:05:13,929 - apscheduler.executors.default - INFO - Job "CleanupScheduler._cleanup_task (trigger: interval[0:10:00], next run at: 2025-08-05 11:15:13 CST)" executed successfully
2025-08-05 11:05:15,110 - __main__ - INFO - 等待唤醒词...
2025-08-05 11:05:15,112 - hardware.audio_interface - INFO - 开始检测唤醒词...
2025-08-05 11:05:20,150 - __main__ - INFO - 等待唤醒词...
2025-08-05 11:05:20,151 - hardware.audio_interface - INFO - 开始检测唤醒词...
2025-08-05 11:05:25,245 - __main__ - INFO - 等待唤醒词...
2025-08-05 11:05:25,246 - hardware.audio_interface - INFO - 开始检测唤醒词...
2025-08-05 11:05:30,340 - __main__ - INFO - 等待唤醒词...
2025-08-05 11:05:30,342 - hardware.audio_interface - INFO - 开始检测唤醒词...
2025-08-05 11:05:35,434 - __main__ - INFO - 等待唤醒词...
2025-08-05 11:05:35,435 - hardware.audio_interface - INFO - 开始检测唤醒词...
2025-08-05 11:05:40,529 - __main__ - INFO - 等待唤醒词...
2025-08-05 11:05:40,531 - hardware.audio_interface - INFO - 开始检测唤醒词...
2025-08-05 11:05:45,571 - __main__ - INFO - 等待唤醒词...
2025-08-05 11:05:45,572 - hardware.audio_interface - INFO - 开始检测唤醒词...
2025-08-05 11:05:50,615 - __main__ - INFO - 等待唤醒词...
2025-08-05 11:05:50,616 - hardware.audio_interface - INFO - 开始检测唤醒词...
2025-08-05 11:05:55,713 - __main__ - INFO - 等待唤醒词...
2025-08-05 11:05:55,715 - hardware.audio_interface - INFO - 开始检测唤醒词...
2025-08-05 11:06:00,728 - __main__ - INFO - 等待唤醒词...
2025-08-05 11:06:00,729 - hardware.audio_interface - INFO - 开始检测唤醒词...
2025-08-05 11:06:05,736 - __main__ - INFO - 等待唤醒词...
2025-08-05 11:06:05,738 - hardware.audio_interface - INFO - 开始检测唤醒词...
2025-08-05 11:06:10,844 - __main__ - INFO - 等待唤醒词...
2025-08-05 11:06:10,846 - hardware.audio_interface - INFO - 开始检测唤醒词...
2025-08-05 11:06:15,848 - __main__ - INFO - 等待唤醒词...
2025-08-05 11:06:15,849 - hardware.audio_interface - INFO - 开始检测唤醒词...
2025-08-05 11:06:20,955 - __main__ - INFO - 等待唤醒词...
2025-08-05 11:06:20,957 - hardware.audio_interface - INFO - 开始检测唤醒词...
2025-08-05 11:06:26,050 - __main__ - INFO - 等待唤醒词...
2025-08-05 11:06:26,051 - hardware.audio_interface - INFO - 开始检测唤醒词...
2025-08-05 11:06:31,092 - __main__ - INFO - 等待唤醒词...
2025-08-05 11:06:31,094 - hardware.audio_interface - INFO - 开始检测唤醒词...
2025-08-05 11:06:36,133 - __main__ - INFO - 等待唤醒词...
2025-08-05 11:06:36,135 - hardware.audio_interface - INFO - 开始检测唤醒词...
2025-08-05 11:06:41,175 - __main__ - INFO - 等待唤醒词...
2025-08-05 11:06:41,176 - hardware.audio_interface - INFO - 开始检测唤醒词...
2025-08-05 11:06:46,263 - __main__ - INFO - 等待唤醒词...
2025-08-05 11:06:46,265 - hardware.audio_interface - INFO - 开始检测唤醒词...
2025-08-05 11:06:51,319 - __main__ - INFO - 等待唤醒词...
2025-08-05 11:06:51,320 - hardware.audio_interface - INFO - 开始检测唤醒词...
2025-08-05 11:06:56,359 - __main__ - INFO - 等待唤醒词...
2025-08-05 11:06:56,360 - hardware.audio_interface - INFO - 开始检测唤醒词...
2025-08-05 11:07:01,395 - __main__ - INFO - 等待唤醒词...
2025-08-05 11:07:01,396 - hardware.audio_interface - INFO - 开始检测唤醒词...
2025-08-05 11:07:06,437 - __main__ - INFO - 等待唤醒词...
2025-08-05 11:07:06,438 - hardware.audio_interface - INFO - 开始检测唤醒词...
2025-08-05 11:07:11,481 - __main__ - INFO - 等待唤醒词...
2025-08-05 11:07:11,482 - hardware.audio_interface - INFO - 开始检测唤醒词...
2025-08-05 11:07:16,532 - __main__ - INFO - 等待唤醒词...
2025-08-05 11:07:16,533 - hardware.audio_interface - INFO - 开始检测唤醒词...
2025-08-05 11:07:21,571 - __main__ - INFO - 等待唤醒词...
2025-08-05 11:07:21,572 - hardware.audio_interface - INFO - 开始检测唤醒词...
2025-08-05 11:07:26,668 - __main__ - INFO - 等待唤醒词...
2025-08-05 11:07:26,669 - hardware.audio_interface - INFO - 开始检测唤醒词...
2025-08-05 11:07:31,711 - __main__ - INFO - 等待唤醒词...
2025-08-05 11:07:31,712 - hardware.audio_interface - INFO - 开始检测唤醒词...
2025-08-05 11:07:36,751 - __main__ - INFO - 等待唤醒词...
2025-08-05 11:07:36,752 - hardware.audio_interface - INFO - 开始检测唤醒词...
2025-08-05 11:07:41,847 - __main__ - INFO - 等待唤醒词...
2025-08-05 11:07:41,849 - hardware.audio_interface - INFO - 开始检测唤醒词...
2025-08-05 11:07:46,892 - __main__ - INFO - 等待唤醒词...
2025-08-05 11:07:46,894 - hardware.audio_interface - INFO - 开始检测唤醒词...
2025-08-05 11:07:51,988 - __main__ - INFO - 等待唤醒词...
2025-08-05 11:07:51,991 - hardware.audio_interface - INFO - 开始检测唤醒词...
2025-08-05 11:07:57,078 - __main__ - INFO - 等待唤醒词...
2025-08-05 11:07:57,079 - hardware.audio_interface - INFO - 开始检测唤醒词...
2025-08-05 11:08:02,118 - __main__ - INFO - 等待唤醒词...
2025-08-05 11:08:02,120 - hardware.audio_interface - INFO - 开始检测唤醒词...
2025-08-05 11:08:07,157 - __main__ - INFO - 等待唤醒词...
2025-08-05 11:08:07,158 - hardware.audio_interface - INFO - 开始检测唤醒词...
2025-08-05 11:08:12,249 - __main__ - INFO - 等待唤醒词...
2025-08-05 11:08:12,250 - hardware.audio_interface - INFO - 开始检测唤醒词...
2025-08-05 11:08:17,345 - __main__ - INFO - 等待唤醒词...
2025-08-05 11:08:17,346 - hardware.audio_interface - INFO - 开始检测唤醒词...
2025-08-05 11:08:22,386 - __main__ - INFO - 等待唤醒词...
2025-08-05 11:08:22,389 - hardware.audio_interface - INFO - 开始检测唤醒词...
2025-08-05 11:08:27,428 - __main__ - INFO - 等待唤醒词...
2025-08-05 11:08:27,429 - hardware.audio_interface - INFO - 开始检测唤醒词...
2025-08-05 11:08:32,472 - __main__ - INFO - 等待唤醒词...
2025-08-05 11:08:32,474 - hardware.audio_interface - INFO - 开始检测唤醒词...
2025-08-05 11:08:37,520 - __main__ - INFO - 等待唤醒词...
2025-08-05 11:08:37,522 - hardware.audio_interface - INFO - 开始检测唤醒词...
2025-08-05 11:08:42,617 - __main__ - INFO - 等待唤醒词...
2025-08-05 11:08:42,619 - hardware.audio_interface - INFO - 开始检测唤醒词...
2025-08-05 11:08:47,666 - __main__ - INFO - 等待唤醒词...
2025-08-05 11:08:47,668 - hardware.audio_interface - INFO - 开始检测唤醒词...
2025-08-05 11:08:52,766 - __main__ - INFO - 等待唤醒词...
2025-08-05 11:08:52,767 - hardware.audio_interface - INFO - 开始检测唤醒词...
2025-08-05 11:08:57,862 - __main__ - INFO - 等待唤醒词...
2025-08-05 11:08:57,864 - hardware.audio_interface - INFO - 开始检测唤醒词...
2025-08-05 11:09:02,902 - __main__ - INFO - 等待唤醒词...
2025-08-05 11:09:02,904 - hardware.audio_interface - INFO - 开始检测唤醒词...
2025-08-05 11:09:08,001 - __main__ - INFO - 等待唤醒词...
2025-08-05 11:09:08,002 - hardware.audio_interface - INFO - 开始检测唤醒词...
2025-08-05 11:09:13,043 - __main__ - INFO - 等待唤醒词...
2025-08-05 11:09:13,045 - hardware.audio_interface - INFO - 开始检测唤醒词...
2025-08-05 11:09:18,135 - __main__ - INFO - 等待唤醒词...
2025-08-05 11:09:18,136 - hardware.audio_interface - INFO - 开始检测唤醒词...
2025-08-05 11:09:23,178 - __main__ - INFO - 等待唤醒词...
2025-08-05 11:09:23,179 - hardware.audio_interface - INFO - 开始检测唤醒词...
2025-08-05 11:09:28,272 - __main__ - INFO - 等待唤醒词...
2025-08-05 11:09:28,274 - hardware.audio_interface - INFO - 开始检测唤醒词...
2025-08-05 11:09:33,362 - __main__ - INFO - 等待唤醒词...
2025-08-05 11:09:33,364 - hardware.audio_interface - INFO - 开始检测唤醒词...
2025-08-05 11:09:38,398 - __main__ - INFO - 等待唤醒词...
2025-08-05 11:09:38,400 - hardware.audio_interface - INFO - 开始检测唤醒词...
2025-08-05 11:09:43,451 - __main__ - INFO - 等待唤醒词...
2025-08-05 11:09:43,452 - hardware.audio_interface - INFO - 开始检测唤醒词...
2025-08-05 11:09:48,507 - __main__ - INFO - 等待唤醒词...
2025-08-05 11:09:48,508 - hardware.audio_interface - INFO - 开始检测唤醒词...
2025-08-05 11:09:53,651 - __main__ - INFO - 等待唤醒词...
2025-08-05 11:09:53,652 - hardware.audio_interface - INFO - 开始检测唤醒词...
2025-08-05 11:09:58,708 - __main__ - INFO - 等待唤醒词...
2025-08-05 11:09:58,710 - hardware.audio_interface - INFO - 开始检测唤醒词...
2025-08-05 11:10:03,744 - __main__ - INFO - 等待唤醒词...
2025-08-05 11:10:03,745 - hardware.audio_interface - INFO - 开始检测唤醒词...
2025-08-05 11:10:08,780 - __main__ - INFO - 等待唤醒词...
2025-08-05 11:10:08,782 - hardware.audio_interface - INFO - 开始检测唤醒词...
2025-08-05 11:10:13,815 - __main__ - INFO - 等待唤醒词...
2025-08-05 11:10:13,817 - hardware.audio_interface - INFO - 开始检测唤醒词...
2025-08-05 11:10:18,825 - __main__ - INFO - 等待唤醒词...
2025-08-05 11:10:18,826 - hardware.audio_interface - INFO - 开始检测唤醒词...
2025-08-05 11:10:23,840 - __main__ - INFO - 等待唤醒词...
2025-08-05 11:10:23,841 - hardware.audio_interface - INFO - 开始检测唤醒词...
2025-08-05 11:10:28,842 - __main__ - INFO - 等待唤醒词...
2025-08-05 11:10:28,843 - hardware.audio_interface - INFO - 开始检测唤醒词...
2025-08-05 11:10:33,879 - __main__ - INFO - 等待唤醒词...
2025-08-05 11:10:33,881 - hardware.audio_interface - INFO - 开始检测唤醒词...
2025-08-05 11:10:38,919 - __main__ - INFO - 等待唤醒词...
2025-08-05 11:10:38,921 - hardware.audio_interface - INFO - 开始检测唤醒词...
2025-08-05 11:10:43,956 - __main__ - INFO - 等待唤醒词...
2025-08-05 11:10:43,957 - hardware.audio_interface - INFO - 开始检测唤醒词...
2025-08-05 11:10:48,962 - __main__ - INFO - 等待唤醒词...
2025-08-05 11:10:48,964 - hardware.audio_interface - INFO - 开始检测唤醒词...
2025-08-05 11:10:53,967 - __main__ - INFO - 等待唤醒词...
2025-08-05 11:10:53,968 - hardware.audio_interface - INFO - 开始检测唤醒词...
2025-08-05 11:10:58,981 - __main__ - INFO - 等待唤醒词...
2025-08-05 11:10:58,982 - hardware.audio_interface - INFO - 开始检测唤醒词...
2025-08-05 11:11:04,020 - __main__ - INFO - 等待唤醒词...
2025-08-05 11:11:04,022 - hardware.audio_interface - INFO - 开始检测唤醒词...
2025-08-05 11:11:09,120 - __main__ - INFO - 等待唤醒词...
2025-08-05 11:11:09,122 - hardware.audio_interface - INFO - 开始检测唤醒词...
2025-08-05 11:11:14,183 - __main__ - INFO - 等待唤醒词...
2025-08-05 11:11:14,185 - hardware.audio_interface - INFO - 开始检测唤醒词...
2025-08-05 11:11:19,271 - __main__ - INFO - 等待唤醒词...
2025-08-05 11:11:19,273 - hardware.audio_interface - INFO - 开始检测唤醒词...
2025-08-05 11:11:24,334 - __main__ - INFO - 等待唤醒词...
2025-08-05 11:11:24,336 - hardware.audio_interface - INFO - 开始检测唤醒词...
2025-08-05 11:11:29,418 - __main__ - INFO - 等待唤醒词...
2025-08-05 11:11:29,420 - hardware.audio_interface - INFO - 开始检测唤醒词...
2025-08-05 11:11:34,454 - __main__ - INFO - 等待唤醒词...
2025-08-05 11:11:34,455 - hardware.audio_interface - INFO - 开始检测唤醒词...
2025-08-05 11:11:39,540 - __main__ - INFO - 等待唤醒词...
2025-08-05 11:11:39,541 - hardware.audio_interface - INFO - 开始检测唤醒词...
2025-08-05 11:11:44,626 - __main__ - INFO - 等待唤醒词...
2025-08-05 11:11:44,628 - hardware.audio_interface - INFO - 开始检测唤醒词...
2025-08-05 11:11:49,712 - __main__ - INFO - 等待唤醒词...
2025-08-05 11:11:49,714 - hardware.audio_interface - INFO - 开始检测唤醒词...
2025-08-05 11:11:54,747 - __main__ - INFO - 等待唤醒词...
2025-08-05 11:11:54,749 - hardware.audio_interface - INFO - 开始检测唤醒词...
2025-08-05 11:11:59,753 - __main__ - INFO - 等待唤醒词...
2025-08-05 11:11:59,755 - hardware.audio_interface - INFO - 开始检测唤醒词...
2025-08-05 11:12:04,819 - __main__ - INFO - 等待唤醒词...
2025-08-05 11:12:04,821 - hardware.audio_interface - INFO - 开始检测唤醒词...
2025-08-05 11:12:09,878 - __main__ - INFO - 等待唤醒词...
2025-08-05 11:12:09,879 - hardware.audio_interface - INFO - 开始检测唤醒词...
2025-08-05 11:12:14,925 - __main__ - INFO - 等待唤醒词...
2025-08-05 11:12:14,926 - hardware.audio_interface - INFO - 开始检测唤醒词...
2025-08-05 11:12:19,987 - __main__ - INFO - 等待唤醒词...
2025-08-05 11:12:19,989 - hardware.audio_interface - INFO - 开始检测唤醒词...
2025-08-05 11:12:25,028 - __main__ - INFO - 等待唤醒词...
2025-08-05 11:12:25,029 - hardware.audio_interface - INFO - 开始检测唤醒词...
2025-08-05 11:12:30,065 - __main__ - INFO - 等待唤醒词...
2025-08-05 11:12:30,067 - hardware.audio_interface - INFO - 开始检测唤醒词...
2025-08-05 11:12:35,104 - __main__ - INFO - 等待唤醒词...
2025-08-05 11:12:35,105 - hardware.audio_interface - INFO - 开始检测唤醒词...
2025-08-05 11:12:40,149 - __main__ - INFO - 等待唤醒词...
2025-08-05 11:12:40,151 - hardware.audio_interface - INFO - 开始检测唤醒词...
2025-08-05 11:12:45,194 - __main__ - INFO - 等待唤醒词...
2025-08-05 11:12:45,196 - hardware.audio_interface - INFO - 开始检测唤醒词...
2025-08-05 11:12:50,232 - __main__ - INFO - 等待唤醒词...
2025-08-05 11:12:50,234 - hardware.audio_interface - INFO - 开始检测唤醒词...
2025-08-05 11:12:55,276 - __main__ - INFO - 等待唤醒词...
2025-08-05 11:12:55,278 - hardware.audio_interface - INFO - 开始检测唤醒词...
2025-08-05 11:13:00,340 - __main__ - INFO - 等待唤醒词...
2025-08-05 11:13:00,342 - hardware.audio_interface - INFO - 开始检测唤醒词...
2025-08-05 11:13:05,356 - __main__ - INFO - 等待唤醒词...
2025-08-05 11:13:05,357 - hardware.audio_interface - INFO - 开始检测唤醒词...
2025-08-05 11:13:10,411 - __main__ - INFO - 等待唤醒词...
2025-08-05 11:13:10,413 - hardware.audio_interface - INFO - 开始检测唤醒词...
2025-08-05 11:13:15,452 - __main__ - INFO - 等待唤醒词...
2025-08-05 11:13:15,454 - hardware.audio_interface - INFO - 开始检测唤醒词...
2025-08-05 11:13:20,492 - __main__ - INFO - 等待唤醒词...
2025-08-05 11:13:20,494 - hardware.audio_interface - INFO - 开始检测唤醒词...
2025-08-05 11:13:25,531 - __main__ - INFO - 等待唤醒词...
2025-08-05 11:13:25,533 - hardware.audio_interface - INFO - 开始检测唤醒词...
2025-08-05 11:13:30,594 - __main__ - INFO - 等待唤醒词...
2025-08-05 11:13:30,596 - hardware.audio_interface - INFO - 开始检测唤醒词...
2025-08-05 11:13:35,652 - __main__ - INFO - 等待唤醒词...
2025-08-05 11:13:35,653 - hardware.audio_interface - INFO - 开始检测唤醒词...
2025-08-05 11:13:40,689 - __main__ - INFO - 等待唤醒词...
2025-08-05 11:13:40,690 - hardware.audio_interface - INFO - 开始检测唤醒词...
2025-08-05 11:13:45,727 - __main__ - INFO - 等待唤醒词...
2025-08-05 11:13:45,733 - hardware.audio_interface - INFO - 开始检测唤醒词...
2025-08-05 11:13:50,765 - __main__ - INFO - 等待唤醒词...
2025-08-05 11:13:50,766 - hardware.audio_interface - INFO - 开始检测唤醒词...
2025-08-05 11:13:55,801 - __main__ - INFO - 等待唤醒词...
2025-08-05 11:13:55,803 - hardware.audio_interface - INFO - 开始检测唤醒词...
2025-08-05 11:14:00,805 - __main__ - INFO - 等待唤醒词...
2025-08-05 11:14:00,807 - hardware.audio_interface - INFO - 开始检测唤醒词...
2025-08-05 11:14:05,843 - __main__ - INFO - 等待唤醒词...
2025-08-05 11:14:05,844 - hardware.audio_interface - INFO - 开始检测唤醒词...
2025-08-05 11:14:10,881 - __main__ - INFO - 等待唤醒词...
2025-08-05 11:14:10,882 - hardware.audio_interface - INFO - 开始检测唤醒词...
2025-08-05 11:14:15,922 - __main__ - INFO - 等待唤醒词...
2025-08-05 11:14:15,924 - hardware.audio_interface - INFO - 开始检测唤醒词...
2025-08-05 11:14:20,962 - __main__ - INFO - 等待唤醒词...
2025-08-05 11:14:20,963 - hardware.audio_interface - INFO - 开始检测唤醒词...
2025-08-05 11:14:25,999 - __main__ - INFO - 等待唤醒词...
2025-08-05 11:14:26,002 - hardware.audio_interface - INFO - 开始检测唤醒词...
2025-08-05 11:14:31,039 - __main__ - INFO - 等待唤醒词...
2025-08-05 11:14:31,041 - hardware.audio_interface - INFO - 开始检测唤醒词...
2025-08-05 11:14:36,079 - __main__ - INFO - 等待唤醒词...
2025-08-05 11:14:36,081 - hardware.audio_interface - INFO - 开始检测唤醒词...
2025-08-05 11:14:41,143 - __main__ - INFO - 等待唤醒词...
2025-08-05 11:14:41,145 - hardware.audio_interface - INFO - 开始检测唤醒词...
2025-08-05 11:14:46,200 - __main__ - INFO - 等待唤醒词...
2025-08-05 11:14:46,201 - hardware.audio_interface - INFO - 开始检测唤醒词...
2025-08-05 11:14:51,238 - __main__ - INFO - 等待唤醒词...
2025-08-05 11:14:51,239 - hardware.audio_interface - INFO - 开始检测唤醒词...
2025-08-05 11:14:56,294 - __main__ - INFO - 等待唤醒词...
2025-08-05 11:14:56,296 - hardware.audio_interface - INFO - 开始检测唤醒词...
2025-08-05 11:15:01,334 - __main__ - INFO - 等待唤醒词...
2025-08-05 11:15:01,335 - hardware.audio_interface - INFO - 开始检测唤醒词...
2025-08-05 11:15:06,370 - __main__ - INFO - 等待唤醒词...
2025-08-05 11:15:06,371 - hardware.audio_interface - INFO - 开始检测唤醒词...
2025-08-05 11:15:11,410 - __main__ - INFO - 等待唤醒词...
2025-08-05 11:15:11,411 - hardware.audio_interface - INFO - 开始检测唤醒词...
2025-08-05 11:15:13,928 - apscheduler.executors.default - INFO - Running job "CleanupScheduler._cleanup_task (trigger: interval[0:10:00], next run at: 2025-08-05 11:25:13 CST)" (scheduled at 2025-08-05 11:15:13.928387+08:00)
2025-08-05 11:15:13,928 - utils.cleaner - INFO - 完成安全清理，共删除 0 个旧文件
2025-08-05 11:15:13,929 - apscheduler.executors.default - INFO - Job "CleanupScheduler._cleanup_task (trigger: interval[0:10:00], next run at: 2025-08-05 11:25:13 CST)" executed successfully
2025-08-05 11:15:16,448 - __main__ - INFO - 等待唤醒词...
2025-08-05 11:15:16,450 - hardware.audio_interface - INFO - 开始检测唤醒词...
2025-08-05 11:15:21,486 - __main__ - INFO - 等待唤醒词...
2025-08-05 11:15:21,488 - hardware.audio_interface - INFO - 开始检测唤醒词...
2025-08-05 11:15:26,526 - __main__ - INFO - 等待唤醒词...
2025-08-05 11:15:26,528 - hardware.audio_interface - INFO - 开始检测唤醒词...
2025-08-05 11:15:31,567 - __main__ - INFO - 等待唤醒词...
2025-08-05 11:15:31,568 - hardware.audio_interface - INFO - 开始检测唤醒词...
2025-08-05 11:15:36,608 - __main__ - INFO - 等待唤醒词...
2025-08-05 11:15:36,610 - hardware.audio_interface - INFO - 开始检测唤醒词...
2025-08-05 11:15:41,646 - __main__ - INFO - 等待唤醒词...
2025-08-05 11:15:41,648 - hardware.audio_interface - INFO - 开始检测唤醒词...
2025-08-05 11:15:46,692 - __main__ - INFO - 等待唤醒词...
2025-08-05 11:15:46,694 - hardware.audio_interface - INFO - 开始检测唤醒词...
2025-08-05 11:15:51,732 - __main__ - INFO - 等待唤醒词...
2025-08-05 11:15:51,733 - hardware.audio_interface - INFO - 开始检测唤醒词...
2025-08-05 11:15:56,783 - __main__ - INFO - 等待唤醒词...
2025-08-05 11:15:56,784 - hardware.audio_interface - INFO - 开始检测唤醒词...
2025-08-05 11:16:01,850 - __main__ - INFO - 等待唤醒词...
2025-08-05 11:16:01,851 - hardware.audio_interface - INFO - 开始检测唤醒词...
2025-08-05 11:16:06,889 - __main__ - INFO - 等待唤醒词...
2025-08-05 11:16:06,891 - hardware.audio_interface - INFO - 开始检测唤醒词...
2025-08-05 11:16:11,928 - __main__ - INFO - 等待唤醒词...
2025-08-05 11:16:11,934 - hardware.audio_interface - INFO - 开始检测唤醒词...
2025-08-05 11:16:16,991 - __main__ - INFO - 等待唤醒词...
2025-08-05 11:16:16,992 - hardware.audio_interface - INFO - 开始检测唤醒词...
2025-08-05 11:16:22,010 - __main__ - INFO - 等待唤醒词...
2025-08-05 11:16:22,011 - hardware.audio_interface - INFO - 开始检测唤醒词...
2025-08-05 11:16:27,107 - __main__ - INFO - 等待唤醒词...
2025-08-05 11:16:27,109 - hardware.audio_interface - INFO - 开始检测唤醒词...
2025-08-05 11:16:32,164 - __main__ - INFO - 等待唤醒词...
2025-08-05 11:16:32,166 - hardware.audio_interface - INFO - 开始检测唤醒词...
2025-08-05 11:16:37,267 - __main__ - INFO - 等待唤醒词...
2025-08-05 11:16:37,269 - hardware.audio_interface - INFO - 开始检测唤醒词...
2025-08-05 11:16:42,306 - __main__ - INFO - 等待唤醒词...
2025-08-05 11:16:42,307 - hardware.audio_interface - INFO - 开始检测唤醒词...
2025-08-05 11:16:47,370 - __main__ - INFO - 等待唤醒词...
2025-08-05 11:16:47,371 - hardware.audio_interface - INFO - 开始检测唤醒词...
2025-08-05 11:16:52,379 - __main__ - INFO - 等待唤醒词...
2025-08-05 11:16:52,380 - hardware.audio_interface - INFO - 开始检测唤醒词...
2025-08-05 11:16:57,469 - __main__ - INFO - 等待唤醒词...
2025-08-05 11:16:57,470 - hardware.audio_interface - INFO - 开始检测唤醒词...
2025-08-05 11:17:02,531 - __main__ - INFO - 等待唤醒词...
2025-08-05 11:17:02,532 - hardware.audio_interface - INFO - 开始检测唤醒词...
2025-08-05 11:17:07,540 - __main__ - INFO - 等待唤醒词...
2025-08-05 11:17:07,541 - hardware.audio_interface - INFO - 开始检测唤醒词...
2025-08-05 11:17:12,548 - __main__ - INFO - 等待唤醒词...
2025-08-05 11:17:12,549 - hardware.audio_interface - INFO - 开始检测唤醒词...
2025-08-05 11:17:17,610 - __main__ - INFO - 等待唤醒词...
2025-08-05 11:17:17,612 - hardware.audio_interface - INFO - 开始检测唤醒词...
2025-08-05 11:17:22,615 - __main__ - INFO - 等待唤醒词...
2025-08-05 11:17:22,616 - hardware.audio_interface - INFO - 开始检测唤醒词...
2025-08-05 11:17:27,654 - __main__ - INFO - 等待唤醒词...
2025-08-05 11:17:27,655 - hardware.audio_interface - INFO - 开始检测唤醒词...
2025-08-05 11:17:32,692 - __main__ - INFO - 等待唤醒词...
2025-08-05 11:17:32,693 - hardware.audio_interface - INFO - 开始检测唤醒词...
2025-08-05 11:17:37,742 - __main__ - INFO - 等待唤醒词...
2025-08-05 11:17:37,744 - hardware.audio_interface - INFO - 开始检测唤醒词...
2025-08-05 11:17:42,784 - __main__ - INFO - 等待唤醒词...
2025-08-05 11:17:42,785 - hardware.audio_interface - INFO - 开始检测唤醒词...
2025-08-05 11:17:47,851 - __main__ - INFO - 等待唤醒词...
2025-08-05 11:17:47,853 - hardware.audio_interface - INFO - 开始检测唤醒词...
2025-08-05 11:17:52,914 - __main__ - INFO - 等待唤醒词...
2025-08-05 11:17:52,915 - hardware.audio_interface - INFO - 开始检测唤醒词...
2025-08-05 11:17:57,976 - __main__ - INFO - 等待唤醒词...
2025-08-05 11:17:57,977 - hardware.audio_interface - INFO - 开始检测唤醒词...
2025-08-05 11:18:03,065 - __main__ - INFO - 等待唤醒词...
2025-08-05 11:18:03,066 - hardware.audio_interface - INFO - 开始检测唤醒词...
2025-08-05 11:18:08,096 - __main__ - INFO - 等待唤醒词...
2025-08-05 11:18:08,098 - hardware.audio_interface - INFO - 开始检测唤醒词...
2025-08-05 11:18:13,187 - __main__ - INFO - 等待唤醒词...
2025-08-05 11:18:13,188 - hardware.audio_interface - INFO - 开始检测唤醒词...
2025-08-05 11:18:18,217 - __main__ - INFO - 等待唤醒词...
2025-08-05 11:18:18,219 - hardware.audio_interface - INFO - 开始检测唤醒词...
2025-08-05 11:18:23,280 - __main__ - INFO - 等待唤醒词...
2025-08-05 11:18:23,281 - hardware.audio_interface - INFO - 开始检测唤醒词...
2025-08-05 11:18:28,342 - __main__ - INFO - 等待唤醒词...
2025-08-05 11:18:28,343 - hardware.audio_interface - INFO - 开始检测唤醒词...
2025-08-05 11:18:33,396 - __main__ - INFO - 等待唤醒词...
2025-08-05 11:18:33,399 - hardware.audio_interface - INFO - 开始检测唤醒词...
2025-08-05 11:18:38,442 - __main__ - INFO - 等待唤醒词...
2025-08-05 11:18:38,444 - hardware.audio_interface - INFO - 开始检测唤醒词...
2025-08-05 11:18:43,483 - __main__ - INFO - 等待唤醒词...
2025-08-05 11:18:43,484 - hardware.audio_interface - INFO - 开始检测唤醒词...
2025-08-05 11:18:48,519 - __main__ - INFO - 等待唤醒词...
2025-08-05 11:18:48,521 - hardware.audio_interface - INFO - 开始检测唤醒词...
2025-08-05 11:18:53,557 - __main__ - INFO - 等待唤醒词...
2025-08-05 11:18:53,558 - hardware.audio_interface - INFO - 开始检测唤醒词...
2025-08-05 11:18:58,595 - __main__ - INFO - 等待唤醒词...
2025-08-05 11:18:58,597 - hardware.audio_interface - INFO - 开始检测唤醒词...
2025-08-05 11:19:03,640 - __main__ - INFO - 等待唤醒词...
2025-08-05 11:19:03,642 - hardware.audio_interface - INFO - 开始检测唤醒词...
2025-08-05 11:19:08,680 - __main__ - INFO - 等待唤醒词...
2025-08-05 11:19:08,681 - hardware.audio_interface - INFO - 开始检测唤醒词...
2025-08-05 11:19:13,717 - __main__ - INFO - 等待唤醒词...
2025-08-05 11:19:13,719 - hardware.audio_interface - INFO - 开始检测唤醒词...
2025-08-05 11:19:18,778 - __main__ - INFO - 等待唤醒词...
2025-08-05 11:19:18,779 - hardware.audio_interface - INFO - 开始检测唤醒词...
2025-08-05 11:19:23,821 - __main__ - INFO - 等待唤醒词...
2025-08-05 11:19:23,823 - hardware.audio_interface - INFO - 开始检测唤醒词...
2025-08-05 11:19:28,859 - __main__ - INFO - 等待唤醒词...
2025-08-05 11:19:28,860 - hardware.audio_interface - INFO - 开始检测唤醒词...
2025-08-05 11:19:33,960 - __main__ - INFO - 等待唤醒词...
2025-08-05 11:19:33,961 - hardware.audio_interface - INFO - 开始检测唤醒词...
2025-08-05 11:19:39,023 - __main__ - INFO - 等待唤醒词...
2025-08-05 11:19:39,024 - hardware.audio_interface - INFO - 开始检测唤醒词...
2025-08-05 11:19:44,065 - __main__ - INFO - 等待唤醒词...
2025-08-05 11:19:44,066 - hardware.audio_interface - INFO - 开始检测唤醒词...
2025-08-05 11:19:49,169 - __main__ - INFO - 等待唤醒词...
2025-08-05 11:19:49,170 - hardware.audio_interface - INFO - 开始检测唤醒词...
2025-08-05 11:19:54,209 - __main__ - INFO - 等待唤醒词...
2025-08-05 11:19:54,210 - hardware.audio_interface - INFO - 开始检测唤醒词...
2025-08-05 11:19:59,307 - __main__ - INFO - 等待唤醒词...
2025-08-05 11:19:59,308 - hardware.audio_interface - INFO - 开始检测唤醒词...
2025-08-05 11:20:04,372 - __main__ - INFO - 等待唤醒词...
2025-08-05 11:20:04,374 - hardware.audio_interface - INFO - 开始检测唤醒词...
2025-08-05 11:20:09,462 - __main__ - INFO - 等待唤醒词...
2025-08-05 11:20:09,464 - hardware.audio_interface - INFO - 开始检测唤醒词...
2025-08-05 11:20:14,466 - __main__ - INFO - 等待唤醒词...
2025-08-05 11:20:14,467 - hardware.audio_interface - INFO - 开始检测唤醒词...
2025-08-05 11:20:19,533 - __main__ - INFO - 等待唤醒词...
2025-08-05 11:20:19,534 - hardware.audio_interface - INFO - 开始检测唤醒词...
2025-08-05 11:20:24,594 - __main__ - INFO - 等待唤醒词...
2025-08-05 11:20:24,596 - hardware.audio_interface - INFO - 开始检测唤醒词...
2025-08-05 11:20:29,604 - __main__ - INFO - 等待唤醒词...
2025-08-05 11:20:29,605 - hardware.audio_interface - INFO - 开始检测唤醒词...
2025-08-05 11:20:34,663 - __main__ - INFO - 等待唤醒词...
2025-08-05 11:20:34,664 - hardware.audio_interface - INFO - 开始检测唤醒词...
2025-08-05 11:20:39,726 - __main__ - INFO - 等待唤醒词...
2025-08-05 11:20:39,727 - hardware.audio_interface - INFO - 开始检测唤醒词...
2025-08-05 11:20:44,788 - __main__ - INFO - 等待唤醒词...
2025-08-05 11:20:44,789 - hardware.audio_interface - INFO - 开始检测唤醒词...
2025-08-05 11:20:49,872 - __main__ - INFO - 等待唤醒词...
2025-08-05 11:20:49,874 - hardware.audio_interface - INFO - 开始检测唤醒词...
2025-08-05 11:20:54,959 - __main__ - INFO - 等待唤醒词...
2025-08-05 11:20:54,960 - hardware.audio_interface - INFO - 开始检测唤醒词...
2025-08-05 11:21:00,018 - __main__ - INFO - 等待唤醒词...
2025-08-05 11:21:00,019 - hardware.audio_interface - INFO - 开始检测唤醒词...
2025-08-05 11:21:05,107 - __main__ - INFO - 等待唤醒词...
2025-08-05 11:21:05,108 - hardware.audio_interface - INFO - 开始检测唤醒词...
2025-08-05 11:21:10,165 - __main__ - INFO - 等待唤醒词...
2025-08-05 11:21:10,166 - hardware.audio_interface - INFO - 开始检测唤醒词...
2025-08-05 11:21:15,201 - __main__ - INFO - 等待唤醒词...
2025-08-05 11:21:15,203 - hardware.audio_interface - INFO - 开始检测唤醒词...
2025-08-05 11:21:20,209 - __main__ - INFO - 等待唤醒词...
2025-08-05 11:21:20,210 - hardware.audio_interface - INFO - 开始检测唤醒词...
2025-08-05 11:21:25,281 - __main__ - INFO - 等待唤醒词...
2025-08-05 11:21:25,282 - hardware.audio_interface - INFO - 开始检测唤醒词...
2025-08-05 11:21:30,344 - __main__ - INFO - 等待唤醒词...
2025-08-05 11:21:30,345 - hardware.audio_interface - INFO - 开始检测唤醒词...
2025-08-05 11:21:35,437 - __main__ - INFO - 等待唤醒词...
2025-08-05 11:21:35,439 - hardware.audio_interface - INFO - 开始检测唤醒词...
2025-08-05 11:21:40,545 - __main__ - INFO - 等待唤醒词...
2025-08-05 11:21:40,546 - hardware.audio_interface - INFO - 开始检测唤醒词...
2025-08-05 11:21:45,556 - __main__ - INFO - 等待唤醒词...
2025-08-05 11:21:45,558 - hardware.audio_interface - INFO - 开始检测唤醒词...
2025-08-05 11:21:50,645 - __main__ - INFO - 等待唤醒词...
2025-08-05 11:21:50,646 - hardware.audio_interface - INFO - 开始检测唤醒词...
2025-08-05 11:21:55,675 - __main__ - INFO - 等待唤醒词...
2025-08-05 11:21:55,676 - hardware.audio_interface - INFO - 开始检测唤醒词...
2025-08-05 11:22:00,765 - __main__ - INFO - 等待唤醒词...
2025-08-05 11:22:00,766 - hardware.audio_interface - INFO - 开始检测唤醒词...
2025-08-05 11:22:05,854 - __main__ - INFO - 等待唤醒词...
2025-08-05 11:22:05,855 - hardware.audio_interface - INFO - 开始检测唤醒词...
2025-08-05 11:22:10,917 - __main__ - INFO - 等待唤醒词...
2025-08-05 11:22:10,918 - hardware.audio_interface - INFO - 开始检测唤醒词...
2025-08-05 11:22:15,920 - __main__ - INFO - 等待唤醒词...
2025-08-05 11:22:15,921 - hardware.audio_interface - INFO - 开始检测唤醒词...
2025-08-05 11:22:20,970 - __main__ - INFO - 等待唤醒词...
2025-08-05 11:22:20,971 - hardware.audio_interface - INFO - 开始检测唤醒词...
2025-08-05 11:22:26,050 - __main__ - INFO - 等待唤醒词...
2025-08-05 11:22:26,051 - hardware.audio_interface - INFO - 开始检测唤醒词...
2025-08-05 11:22:31,059 - __main__ - INFO - 等待唤醒词...
2025-08-05 11:22:31,060 - hardware.audio_interface - INFO - 开始检测唤醒词...
2025-08-05 11:22:36,068 - __main__ - INFO - 等待唤醒词...
2025-08-05 11:22:36,070 - hardware.audio_interface - INFO - 开始检测唤醒词...
2025-08-05 11:22:41,099 - __main__ - INFO - 等待唤醒词...
2025-08-05 11:22:41,101 - hardware.audio_interface - INFO - 开始检测唤醒词...
2025-08-05 11:22:46,188 - __main__ - INFO - 等待唤醒词...
2025-08-05 11:22:46,190 - hardware.audio_interface - INFO - 开始检测唤醒词...
2025-08-05 11:22:51,273 - __main__ - INFO - 等待唤醒词...
2025-08-05 11:22:51,275 - hardware.audio_interface - INFO - 开始检测唤醒词...
2025-08-05 11:22:56,345 - __main__ - INFO - 等待唤醒词...
2025-08-05 11:22:56,346 - hardware.audio_interface - INFO - 开始检测唤醒词...
2025-08-05 11:23:01,408 - __main__ - INFO - 等待唤醒词...
2025-08-05 11:23:01,409 - hardware.audio_interface - INFO - 开始检测唤醒词...
2025-08-05 11:23:06,463 - __main__ - INFO - 等待唤醒词...
2025-08-05 11:23:06,465 - hardware.audio_interface - INFO - 开始检测唤醒词...
2025-08-05 11:23:11,497 - __main__ - INFO - 等待唤醒词...
2025-08-05 11:23:11,498 - hardware.audio_interface - INFO - 开始检测唤醒词...
2025-08-05 11:23:16,536 - __main__ - INFO - 等待唤醒词...
2025-08-05 11:23:16,537 - hardware.audio_interface - INFO - 开始检测唤醒词...
2025-08-05 11:23:21,582 - __main__ - INFO - 等待唤醒词...
2025-08-05 11:23:21,583 - hardware.audio_interface - INFO - 开始检测唤醒词...
2025-08-05 11:23:26,647 - __main__ - INFO - 等待唤醒词...
2025-08-05 11:23:26,648 - hardware.audio_interface - INFO - 开始检测唤醒词...
2025-08-05 11:23:31,658 - __main__ - INFO - 等待唤醒词...
2025-08-05 11:23:31,660 - hardware.audio_interface - INFO - 开始检测唤醒词...
2025-08-05 11:23:36,721 - __main__ - INFO - 等待唤醒词...
2025-08-05 11:23:36,722 - hardware.audio_interface - INFO - 开始检测唤醒词...
2025-08-05 11:23:41,780 - __main__ - INFO - 等待唤醒词...
2025-08-05 11:23:41,781 - hardware.audio_interface - INFO - 开始检测唤醒词...
2025-08-05 11:23:46,816 - __main__ - INFO - 等待唤醒词...
2025-08-05 11:23:46,817 - hardware.audio_interface - INFO - 开始检测唤醒词...
2025-08-05 11:23:51,851 - __main__ - INFO - 等待唤醒词...
2025-08-05 11:23:51,852 - hardware.audio_interface - INFO - 开始检测唤醒词...
2025-08-05 11:23:56,910 - __main__ - INFO - 等待唤醒词...
2025-08-05 11:23:56,911 - hardware.audio_interface - INFO - 开始检测唤醒词...
2025-08-05 11:24:01,966 - __main__ - INFO - 等待唤醒词...
2025-08-05 11:24:01,967 - hardware.audio_interface - INFO - 开始检测唤醒词...
2025-08-05 11:24:07,025 - __main__ - INFO - 等待唤醒词...
2025-08-05 11:24:07,026 - hardware.audio_interface - INFO - 开始检测唤醒词...
2025-08-05 11:24:12,079 - __main__ - INFO - 等待唤醒词...
2025-08-05 11:24:12,080 - hardware.audio_interface - INFO - 开始检测唤醒词...
2025-08-05 11:24:17,092 - __main__ - INFO - 等待唤醒词...
2025-08-05 11:24:17,093 - hardware.audio_interface - INFO - 开始检测唤醒词...
2025-08-05 11:24:22,149 - __main__ - INFO - 等待唤醒词...
2025-08-05 11:24:22,150 - hardware.audio_interface - INFO - 开始检测唤醒词...
2025-08-05 11:24:27,204 - __main__ - INFO - 等待唤醒词...
2025-08-05 11:24:27,205 - hardware.audio_interface - INFO - 开始检测唤醒词...
2025-08-05 11:24:32,243 - __main__ - INFO - 等待唤醒词...
2025-08-05 11:24:32,245 - hardware.audio_interface - INFO - 开始检测唤醒词...
2025-08-05 11:24:37,279 - __main__ - INFO - 等待唤醒词...
2025-08-05 11:24:37,280 - hardware.audio_interface - INFO - 开始检测唤醒词...
2025-08-05 11:24:42,320 - __main__ - INFO - 等待唤醒词...
2025-08-05 11:24:42,321 - hardware.audio_interface - INFO - 开始检测唤醒词...
2025-08-05 11:24:47,359 - __main__ - INFO - 等待唤醒词...
2025-08-05 11:24:47,360 - hardware.audio_interface - INFO - 开始检测唤醒词...
2025-08-05 11:24:52,423 - __main__ - INFO - 等待唤醒词...
2025-08-05 11:24:52,424 - hardware.audio_interface - INFO - 开始检测唤醒词...
2025-08-05 11:24:57,485 - __main__ - INFO - 等待唤醒词...
2025-08-05 11:24:57,487 - hardware.audio_interface - INFO - 开始检测唤醒词...
2025-08-05 11:25:02,540 - __main__ - INFO - 等待唤醒词...
2025-08-05 11:25:02,541 - hardware.audio_interface - INFO - 开始检测唤醒词...
2025-08-05 11:25:07,577 - __main__ - INFO - 等待唤醒词...
2025-08-05 11:25:07,578 - hardware.audio_interface - INFO - 开始检测唤醒词...
2025-08-05 11:25:12,643 - __main__ - INFO - 等待唤醒词...
2025-08-05 11:25:12,644 - hardware.audio_interface - INFO - 开始检测唤醒词...
2025-08-05 11:25:13,928 - apscheduler.executors.default - INFO - Running job "CleanupScheduler._cleanup_task (trigger: interval[0:10:00], next run at: 2025-08-05 11:35:13 CST)" (scheduled at 2025-08-05 11:25:13.928387+08:00)
2025-08-05 11:25:13,928 - utils.cleaner - INFO - 完成安全清理，共删除 0 个旧文件
2025-08-05 11:25:13,929 - apscheduler.executors.default - INFO - Job "CleanupScheduler._cleanup_task (trigger: interval[0:10:00], next run at: 2025-08-05 11:35:13 CST)" executed successfully
2025-08-05 11:25:17,678 - __main__ - INFO - 等待唤醒词...
2025-08-05 11:25:17,680 - hardware.audio_interface - INFO - 开始检测唤醒词...
2025-08-05 11:25:22,716 - __main__ - INFO - 等待唤醒词...
2025-08-05 11:25:22,717 - hardware.audio_interface - INFO - 开始检测唤醒词...
2025-08-05 11:25:27,755 - __main__ - INFO - 等待唤醒词...
2025-08-05 11:25:27,756 - hardware.audio_interface - INFO - 开始检测唤醒词...
2025-08-05 11:25:32,794 - __main__ - INFO - 等待唤醒词...
2025-08-05 11:25:32,795 - hardware.audio_interface - INFO - 开始检测唤醒词...
2025-08-05 11:25:37,858 - __main__ - INFO - 等待唤醒词...
2025-08-05 11:25:37,860 - hardware.audio_interface - INFO - 开始检测唤醒词...
2025-08-05 11:25:42,866 - __main__ - INFO - 等待唤醒词...
2025-08-05 11:25:42,867 - hardware.audio_interface - INFO - 开始检测唤醒词...
2025-08-05 11:25:47,949 - __main__ - INFO - 等待唤醒词...
2025-08-05 11:25:47,951 - hardware.audio_interface - INFO - 开始检测唤醒词...
2025-08-05 11:25:53,048 - __main__ - INFO - 等待唤醒词...
2025-08-05 11:25:53,049 - hardware.audio_interface - INFO - 开始检测唤醒词...
2025-08-05 11:25:58,053 - __main__ - INFO - 等待唤醒词...
2025-08-05 11:25:58,054 - hardware.audio_interface - INFO - 开始检测唤醒词...
2025-08-05 11:26:03,091 - __main__ - INFO - 等待唤醒词...
2025-08-05 11:26:03,092 - hardware.audio_interface - INFO - 开始检测唤醒词...
2025-08-05 11:26:08,133 - __main__ - INFO - 等待唤醒词...
2025-08-05 11:26:08,135 - hardware.audio_interface - INFO - 开始检测唤醒词...
2025-08-05 11:26:13,173 - __main__ - INFO - 等待唤醒词...
2025-08-05 11:26:13,175 - hardware.audio_interface - INFO - 开始检测唤醒词...
2025-08-05 11:26:18,229 - __main__ - INFO - 等待唤醒词...
2025-08-05 11:26:18,230 - hardware.audio_interface - INFO - 开始检测唤醒词...
2025-08-05 11:26:23,292 - __main__ - INFO - 等待唤醒词...
2025-08-05 11:26:23,293 - hardware.audio_interface - INFO - 开始检测唤醒词...
2025-08-05 11:26:28,347 - __main__ - INFO - 等待唤醒词...
2025-08-05 11:26:28,349 - hardware.audio_interface - INFO - 开始检测唤醒词...
2025-08-05 11:26:33,384 - __main__ - INFO - 等待唤醒词...
2025-08-05 11:26:33,386 - hardware.audio_interface - INFO - 开始检测唤醒词...
2025-08-05 11:26:38,422 - __main__ - INFO - 等待唤醒词...
2025-08-05 11:26:38,424 - hardware.audio_interface - INFO - 开始检测唤醒词...
2025-08-05 11:26:43,460 - __main__ - INFO - 等待唤醒词...
2025-08-05 11:26:43,461 - hardware.audio_interface - INFO - 开始检测唤醒词...
2025-08-05 11:26:48,496 - __main__ - INFO - 等待唤醒词...
2025-08-05 11:26:48,497 - hardware.audio_interface - INFO - 开始检测唤醒词...
2025-08-05 11:26:53,553 - __main__ - INFO - 等待唤醒词...
2025-08-05 11:26:53,554 - hardware.audio_interface - INFO - 开始检测唤醒词...
2025-08-05 11:26:58,592 - __main__ - INFO - 等待唤醒词...
2025-08-05 11:26:58,594 - hardware.audio_interface - INFO - 开始检测唤醒词...
2025-08-05 11:27:03,631 - __main__ - INFO - 等待唤醒词...
2025-08-05 11:27:03,632 - hardware.audio_interface - INFO - 开始检测唤醒词...
2025-08-05 11:27:08,667 - __main__ - INFO - 等待唤醒词...
2025-08-05 11:27:08,669 - hardware.audio_interface - INFO - 开始检测唤醒词...
2025-08-05 11:27:13,706 - __main__ - INFO - 等待唤醒词...
2025-08-05 11:27:13,707 - hardware.audio_interface - INFO - 开始检测唤醒词...
2025-08-05 11:27:18,761 - __main__ - INFO - 等待唤醒词...
2025-08-05 11:27:18,762 - hardware.audio_interface - INFO - 开始检测唤醒词...
2025-08-05 11:27:23,799 - __main__ - INFO - 等待唤醒词...
2025-08-05 11:27:23,800 - hardware.audio_interface - INFO - 开始检测唤醒词...
2025-08-05 11:27:28,831 - __main__ - INFO - 等待唤醒词...
2025-08-05 11:27:28,832 - hardware.audio_interface - INFO - 开始检测唤醒词...
2025-08-05 11:27:33,920 - __main__ - INFO - 等待唤醒词...
2025-08-05 11:27:33,921 - hardware.audio_interface - INFO - 开始检测唤醒词...
2025-08-05 11:27:38,979 - __main__ - INFO - 等待唤醒词...
2025-08-05 11:27:38,980 - hardware.audio_interface - INFO - 开始检测唤醒词...
2025-08-05 11:27:44,020 - __main__ - INFO - 等待唤醒词...
2025-08-05 11:27:44,022 - hardware.audio_interface - INFO - 开始检测唤醒词...
2025-08-05 11:27:49,059 - __main__ - INFO - 等待唤醒词...
2025-08-05 11:27:49,061 - hardware.audio_interface - INFO - 开始检测唤醒词...
2025-08-05 11:27:54,097 - __main__ - INFO - 等待唤醒词...
2025-08-05 11:27:54,099 - hardware.audio_interface - INFO - 开始检测唤醒词...
2025-08-05 11:27:59,136 - __main__ - INFO - 等待唤醒词...
2025-08-05 11:27:59,138 - hardware.audio_interface - INFO - 开始检测唤醒词...
2025-08-05 11:28:04,176 - __main__ - INFO - 等待唤醒词...
2025-08-05 11:28:04,178 - hardware.audio_interface - INFO - 开始检测唤醒词...
2025-08-05 11:28:09,241 - __main__ - INFO - 等待唤醒词...
2025-08-05 11:28:09,242 - hardware.audio_interface - INFO - 开始检测唤醒词...
2025-08-05 11:28:14,252 - __main__ - INFO - 等待唤醒词...
2025-08-05 11:28:14,254 - hardware.audio_interface - INFO - 开始检测唤醒词...
2025-08-05 11:28:19,259 - __main__ - INFO - 等待唤醒词...
2025-08-05 11:28:19,261 - hardware.audio_interface - INFO - 开始检测唤醒词...
2025-08-05 11:28:24,300 - __main__ - INFO - 等待唤醒词...
2025-08-05 11:28:24,301 - hardware.audio_interface - INFO - 开始检测唤醒词...
2025-08-05 11:28:29,303 - __main__ - INFO - 等待唤醒词...
2025-08-05 11:28:29,305 - hardware.audio_interface - INFO - 开始检测唤醒词...
2025-08-05 11:28:34,342 - __main__ - INFO - 等待唤醒词...
2025-08-05 11:28:34,343 - hardware.audio_interface - INFO - 开始检测唤醒词...
2025-08-05 11:28:39,399 - __main__ - INFO - 等待唤醒词...
2025-08-05 11:28:39,401 - hardware.audio_interface - INFO - 开始检测唤醒词...
2025-08-05 11:28:44,439 - __main__ - INFO - 等待唤醒词...
2025-08-05 11:28:44,440 - hardware.audio_interface - INFO - 开始检测唤醒词...
2025-08-05 11:28:49,480 - __main__ - INFO - 等待唤醒词...
2025-08-05 11:28:49,482 - hardware.audio_interface - INFO - 开始检测唤醒词...
2025-08-05 11:28:54,517 - __main__ - INFO - 等待唤醒词...
2025-08-05 11:28:54,518 - hardware.audio_interface - INFO - 开始检测唤醒词...
2025-08-05 11:28:59,554 - __main__ - INFO - 等待唤醒词...
2025-08-05 11:28:59,555 - hardware.audio_interface - INFO - 开始检测唤醒词...
2025-08-05 11:29:04,594 - __main__ - INFO - 等待唤醒词...
2025-08-05 11:29:04,595 - hardware.audio_interface - INFO - 开始检测唤醒词...
2025-08-05 11:29:09,633 - __main__ - INFO - 等待唤醒词...
2025-08-05 11:29:09,634 - hardware.audio_interface - INFO - 开始检测唤醒词...
2025-08-05 11:29:14,673 - __main__ - INFO - 等待唤醒词...
2025-08-05 11:29:14,674 - hardware.audio_interface - INFO - 开始检测唤醒词...
2025-08-05 11:29:19,712 - __main__ - INFO - 等待唤醒词...
2025-08-05 11:29:19,713 - hardware.audio_interface - INFO - 开始检测唤醒词...
2025-08-05 11:29:24,751 - __main__ - INFO - 等待唤醒词...
2025-08-05 11:29:24,753 - hardware.audio_interface - INFO - 开始检测唤醒词...
2025-08-05 11:29:29,789 - __main__ - INFO - 等待唤醒词...
2025-08-05 11:29:29,790 - hardware.audio_interface - INFO - 开始检测唤醒词...
2025-08-05 11:29:34,830 - __main__ - INFO - 等待唤醒词...
2025-08-05 11:29:34,832 - hardware.audio_interface - INFO - 开始检测唤醒词...
2025-08-05 11:29:39,868 - __main__ - INFO - 等待唤醒词...
2025-08-05 11:29:39,869 - hardware.audio_interface - INFO - 开始检测唤醒词...
2025-08-05 11:29:44,924 - __main__ - INFO - 等待唤醒词...
2025-08-05 11:29:44,925 - hardware.audio_interface - INFO - 开始检测唤醒词...
2025-08-05 11:29:49,960 - __main__ - INFO - 等待唤醒词...
2025-08-05 11:29:49,961 - hardware.audio_interface - INFO - 开始检测唤醒词...
2025-08-05 11:29:55,027 - __main__ - INFO - 等待唤醒词...
2025-08-05 11:29:55,029 - hardware.audio_interface - INFO - 开始检测唤醒词...
2025-08-05 11:30:00,037 - __main__ - INFO - 等待唤醒词...
2025-08-05 11:30:00,038 - hardware.audio_interface - INFO - 开始检测唤醒词...
2025-08-05 11:30:05,072 - __main__ - INFO - 等待唤醒词...
2025-08-05 11:30:05,074 - hardware.audio_interface - INFO - 开始检测唤醒词...
2025-08-05 11:30:10,108 - __main__ - INFO - 等待唤醒词...
2025-08-05 11:30:10,110 - hardware.audio_interface - INFO - 开始检测唤醒词...
2025-08-05 11:30:15,140 - __main__ - INFO - 等待唤醒词...
2025-08-05 11:30:15,141 - hardware.audio_interface - INFO - 开始检测唤醒词...
2025-08-05 11:30:20,225 - __main__ - INFO - 等待唤醒词...
2025-08-05 11:30:20,226 - hardware.audio_interface - INFO - 开始检测唤醒词...
2025-08-05 11:30:25,237 - __main__ - INFO - 等待唤醒词...
2025-08-05 11:30:25,238 - hardware.audio_interface - INFO - 开始检测唤醒词...
2025-08-05 11:30:30,246 - __main__ - INFO - 等待唤醒词...
2025-08-05 11:30:30,248 - hardware.audio_interface - INFO - 开始检测唤醒词...
2025-08-05 11:30:35,255 - __main__ - INFO - 等待唤醒词...
2025-08-05 11:30:35,257 - hardware.audio_interface - INFO - 开始检测唤醒词...
2025-08-05 11:30:40,267 - __main__ - INFO - 等待唤醒词...
2025-08-05 11:30:40,268 - hardware.audio_interface - INFO - 开始检测唤醒词...
2025-08-05 11:30:45,297 - __main__ - INFO - 等待唤醒词...
2025-08-05 11:30:45,298 - hardware.audio_interface - INFO - 开始检测唤醒词...
2025-08-05 11:30:50,384 - __main__ - INFO - 等待唤醒词...
2025-08-05 11:30:50,385 - hardware.audio_interface - INFO - 开始检测唤醒词...
2025-08-05 11:30:55,443 - __main__ - INFO - 等待唤醒词...
2025-08-05 11:30:55,444 - hardware.audio_interface - INFO - 开始检测唤醒词...
2025-08-05 11:31:00,480 - __main__ - INFO - 等待唤醒词...
2025-08-05 11:31:00,484 - hardware.audio_interface - INFO - 开始检测唤醒词...
2025-08-05 11:31:05,490 - __main__ - INFO - 等待唤醒词...
2025-08-05 11:31:05,492 - hardware.audio_interface - INFO - 开始检测唤醒词...
2025-08-05 11:31:10,528 - __main__ - INFO - 等待唤醒词...
2025-08-05 11:31:10,529 - hardware.audio_interface - INFO - 开始检测唤醒词...
2025-08-05 11:31:15,565 - __main__ - INFO - 等待唤醒词...
2025-08-05 11:31:15,567 - hardware.audio_interface - INFO - 开始检测唤醒词...
2025-08-05 11:31:20,605 - __main__ - INFO - 等待唤醒词...
2025-08-05 11:31:20,606 - hardware.audio_interface - INFO - 开始检测唤醒词...
2025-08-05 11:31:25,642 - __main__ - INFO - 等待唤醒词...
2025-08-05 11:31:25,644 - hardware.audio_interface - INFO - 开始检测唤醒词...
2025-08-05 11:31:30,679 - __main__ - INFO - 等待唤醒词...
2025-08-05 11:31:30,681 - hardware.audio_interface - INFO - 开始检测唤醒词...
2025-08-05 11:31:35,718 - __main__ - INFO - 等待唤醒词...
2025-08-05 11:31:35,720 - hardware.audio_interface - INFO - 开始检测唤醒词...
2025-08-05 11:31:40,756 - __main__ - INFO - 等待唤醒词...
2025-08-05 11:31:40,757 - hardware.audio_interface - INFO - 开始检测唤醒词...
2025-08-05 11:31:45,795 - __main__ - INFO - 等待唤醒词...
2025-08-05 11:31:45,796 - hardware.audio_interface - INFO - 开始检测唤醒词...
2025-08-05 11:31:50,833 - __main__ - INFO - 等待唤醒词...
2025-08-05 11:31:50,834 - hardware.audio_interface - INFO - 开始检测唤醒词...
2025-08-05 11:31:55,870 - __main__ - INFO - 等待唤醒词...
2025-08-05 11:31:55,871 - hardware.audio_interface - INFO - 开始检测唤醒词...
2025-08-05 11:32:00,924 - __main__ - INFO - 等待唤醒词...
2025-08-05 11:32:00,926 - hardware.audio_interface - INFO - 开始检测唤醒词...
2025-08-05 11:32:05,965 - __main__ - INFO - 等待唤醒词...
2025-08-05 11:32:05,967 - hardware.audio_interface - INFO - 开始检测唤醒词...
2025-08-05 11:32:11,005 - __main__ - INFO - 等待唤醒词...
2025-08-05 11:32:11,006 - hardware.audio_interface - INFO - 开始检测唤醒词...
2025-08-05 11:32:16,046 - __main__ - INFO - 等待唤醒词...
2025-08-05 11:32:16,048 - hardware.audio_interface - INFO - 开始检测唤醒词...
2025-08-05 11:32:21,119 - __main__ - INFO - 等待唤醒词...
2025-08-05 11:32:21,121 - hardware.audio_interface - INFO - 开始检测唤醒词...
2025-08-05 11:32:26,175 - __main__ - INFO - 等待唤醒词...
2025-08-05 11:32:26,177 - hardware.audio_interface - INFO - 开始检测唤醒词...
2025-08-05 11:32:31,215 - __main__ - INFO - 等待唤醒词...
2025-08-05 11:32:31,216 - hardware.audio_interface - INFO - 开始检测唤醒词...
2025-08-05 11:32:36,255 - __main__ - INFO - 等待唤醒词...
2025-08-05 11:32:36,257 - hardware.audio_interface - INFO - 开始检测唤醒词...
2025-08-05 11:32:41,294 - __main__ - INFO - 等待唤醒词...
2025-08-05 11:32:41,295 - hardware.audio_interface - INFO - 开始检测唤醒词...
2025-08-05 11:32:46,350 - __main__ - INFO - 等待唤醒词...
2025-08-05 11:32:46,351 - hardware.audio_interface - INFO - 开始检测唤醒词...
2025-08-05 11:32:51,386 - __main__ - INFO - 等待唤醒词...
2025-08-05 11:32:51,387 - hardware.audio_interface - INFO - 开始检测唤醒词...
2025-08-05 11:32:56,441 - __main__ - INFO - 等待唤醒词...
2025-08-05 11:32:56,442 - hardware.audio_interface - INFO - 开始检测唤醒词...
2025-08-05 11:33:01,498 - __main__ - INFO - 等待唤醒词...
2025-08-05 11:33:01,500 - hardware.audio_interface - INFO - 开始检测唤醒词...
2025-08-05 11:33:06,537 - __main__ - INFO - 等待唤醒词...
2025-08-05 11:33:06,539 - hardware.audio_interface - INFO - 开始检测唤醒词...
2025-08-05 11:33:11,577 - __main__ - INFO - 等待唤醒词...
2025-08-05 11:33:11,578 - hardware.audio_interface - INFO - 开始检测唤醒词...
2025-08-05 11:33:16,615 - __main__ - INFO - 等待唤醒词...
2025-08-05 11:33:16,616 - hardware.audio_interface - INFO - 开始检测唤醒词...
2025-08-05 11:33:21,654 - __main__ - INFO - 等待唤醒词...
2025-08-05 11:33:21,656 - hardware.audio_interface - INFO - 开始检测唤醒词...
2025-08-05 11:33:26,719 - __main__ - INFO - 等待唤醒词...
2025-08-05 11:33:26,720 - hardware.audio_interface - INFO - 开始检测唤醒词...
2025-08-05 11:33:31,806 - __main__ - INFO - 等待唤醒词...
2025-08-05 11:33:31,808 - hardware.audio_interface - INFO - 开始检测唤醒词...
2025-08-05 11:33:36,845 - __main__ - INFO - 等待唤醒词...
2025-08-05 11:33:36,846 - hardware.audio_interface - INFO - 开始检测唤醒词...
2025-08-05 11:33:41,902 - __main__ - INFO - 等待唤醒词...
2025-08-05 11:33:41,903 - hardware.audio_interface - INFO - 开始检测唤醒词...
2025-08-05 11:33:46,940 - __main__ - INFO - 等待唤醒词...
2025-08-05 11:33:46,942 - hardware.audio_interface - INFO - 开始检测唤醒词...
2025-08-05 11:33:51,977 - __main__ - INFO - 等待唤醒词...
2025-08-05 11:33:51,978 - hardware.audio_interface - INFO - 开始检测唤醒词...
2025-08-05 11:33:57,016 - __main__ - INFO - 等待唤醒词...
2025-08-05 11:33:57,018 - hardware.audio_interface - INFO - 开始检测唤醒词...
2025-08-05 11:34:02,056 - __main__ - INFO - 等待唤醒词...
2025-08-05 11:34:02,058 - hardware.audio_interface - INFO - 开始检测唤醒词...
2025-08-05 11:34:07,095 - __main__ - INFO - 等待唤醒词...
2025-08-05 11:34:07,096 - hardware.audio_interface - INFO - 开始检测唤醒词...
2025-08-05 11:34:12,167 - __main__ - INFO - 等待唤醒词...
2025-08-05 11:34:12,168 - hardware.audio_interface - INFO - 开始检测唤醒词...
2025-08-05 11:34:17,222 - __main__ - INFO - 等待唤醒词...
2025-08-05 11:34:17,223 - hardware.audio_interface - INFO - 开始检测唤醒词...
2025-08-05 11:34:22,258 - __main__ - INFO - 等待唤醒词...
2025-08-05 11:34:22,259 - hardware.audio_interface - INFO - 开始检测唤醒词...
2025-08-05 11:34:27,322 - __main__ - INFO - 等待唤醒词...
2025-08-05 11:34:27,323 - hardware.audio_interface - INFO - 开始检测唤醒词...
2025-08-05 11:34:32,355 - __main__ - INFO - 等待唤醒词...
2025-08-05 11:34:32,357 - hardware.audio_interface - INFO - 开始检测唤醒词...
2025-08-05 11:34:37,451 - __main__ - INFO - 等待唤醒词...
2025-08-05 11:34:37,452 - hardware.audio_interface - INFO - 开始检测唤醒词...
2025-08-05 11:34:42,508 - __main__ - INFO - 等待唤醒词...
2025-08-05 11:34:42,510 - hardware.audio_interface - INFO - 开始检测唤醒词...
2025-08-05 11:34:47,547 - __main__ - INFO - 等待唤醒词...
2025-08-05 11:34:47,548 - hardware.audio_interface - INFO - 开始检测唤醒词...
2025-08-05 11:34:52,586 - __main__ - INFO - 等待唤醒词...
2025-08-05 11:34:52,588 - hardware.audio_interface - INFO - 开始检测唤醒词...
2025-08-05 11:34:57,625 - __main__ - INFO - 等待唤醒词...
2025-08-05 11:34:57,626 - hardware.audio_interface - INFO - 开始检测唤醒词...
2025-08-05 11:35:02,681 - __main__ - INFO - 等待唤醒词...
2025-08-05 11:35:02,683 - hardware.audio_interface - INFO - 开始检测唤醒词...
2025-08-05 11:35:07,728 - __main__ - INFO - 等待唤醒词...
2025-08-05 11:35:07,730 - hardware.audio_interface - INFO - 开始检测唤醒词...
2025-08-05 11:35:12,778 - __main__ - INFO - 等待唤醒词...
2025-08-05 11:35:12,779 - hardware.audio_interface - INFO - 开始检测唤醒词...
2025-08-05 11:35:13,928 - apscheduler.executors.default - INFO - Running job "CleanupScheduler._cleanup_task (trigger: interval[0:10:00], next run at: 2025-08-05 11:45:13 CST)" (scheduled at 2025-08-05 11:35:13.928387+08:00)
2025-08-05 11:35:13,928 - utils.cleaner - INFO - 完成安全清理，共删除 0 个旧文件
2025-08-05 11:35:13,928 - apscheduler.executors.default - INFO - Job "CleanupScheduler._cleanup_task (trigger: interval[0:10:00], next run at: 2025-08-05 11:45:13 CST)" executed successfully
2025-08-05 11:35:17,835 - __main__ - INFO - 等待唤醒词...
2025-08-05 11:35:17,836 - hardware.audio_interface - INFO - 开始检测唤醒词...
2025-08-05 11:35:22,874 - __main__ - INFO - 等待唤醒词...
2025-08-05 11:35:22,876 - hardware.audio_interface - INFO - 开始检测唤醒词...
2025-08-05 11:35:27,937 - __main__ - INFO - 等待唤醒词...
2025-08-05 11:35:27,938 - hardware.audio_interface - INFO - 开始检测唤醒词...
2025-08-05 11:35:33,027 - __main__ - INFO - 等待唤醒词...
2025-08-05 11:35:33,029 - hardware.audio_interface - INFO - 开始检测唤醒词...
2025-08-05 11:35:38,057 - __main__ - INFO - 等待唤醒词...
2025-08-05 11:35:38,058 - hardware.audio_interface - INFO - 开始检测唤醒词...
2025-08-05 11:35:43,145 - __main__ - INFO - 等待唤醒词...
2025-08-05 11:35:43,147 - hardware.audio_interface - INFO - 开始检测唤醒词...
2025-08-05 11:35:48,207 - __main__ - INFO - 等待唤醒词...
2025-08-05 11:35:48,208 - hardware.audio_interface - INFO - 开始检测唤醒词...
2025-08-05 11:35:53,223 - __main__ - INFO - 等待唤醒词...
2025-08-05 11:35:53,224 - hardware.audio_interface - INFO - 开始检测唤醒词...
2025-08-05 11:35:58,234 - __main__ - INFO - 等待唤醒词...
2025-08-05 11:35:58,235 - hardware.audio_interface - INFO - 开始检测唤醒词...
2025-08-05 11:36:03,326 - __main__ - INFO - 等待唤醒词...
2025-08-05 11:36:03,328 - hardware.audio_interface - INFO - 开始检测唤醒词...
2025-08-05 11:36:08,331 - __main__ - INFO - 等待唤醒词...
2025-08-05 11:36:08,333 - hardware.audio_interface - INFO - 开始检测唤醒词...
2025-08-05 11:36:13,367 - __main__ - INFO - 等待唤醒词...
2025-08-05 11:36:13,368 - hardware.audio_interface - INFO - 开始检测唤醒词...
2025-08-05 11:36:18,432 - __main__ - INFO - 等待唤醒词...
2025-08-05 11:36:18,433 - hardware.audio_interface - INFO - 开始检测唤醒词...
2025-08-05 11:36:23,525 - __main__ - INFO - 等待唤醒词...
2025-08-05 11:36:23,526 - hardware.audio_interface - INFO - 开始检测唤醒词...
2025-08-05 11:36:28,534 - __main__ - INFO - 等待唤醒词...
2025-08-05 11:36:28,535 - hardware.audio_interface - INFO - 开始检测唤醒词...
2025-08-05 11:36:33,594 - __main__ - INFO - 等待唤醒词...
2025-08-05 11:36:33,596 - hardware.audio_interface - INFO - 开始检测唤醒词...
2025-08-05 11:36:38,628 - __main__ - INFO - 等待唤醒词...
2025-08-05 11:36:38,629 - hardware.audio_interface - INFO - 开始检测唤醒词...
2025-08-05 11:36:43,716 - __main__ - INFO - 等待唤醒词...
2025-08-05 11:36:43,717 - hardware.audio_interface - INFO - 开始检测唤醒词...
2025-08-05 11:36:48,800 - __main__ - INFO - 等待唤醒词...
2025-08-05 11:36:48,801 - hardware.audio_interface - INFO - 开始检测唤醒词...
2025-08-05 11:36:53,865 - __main__ - INFO - 等待唤醒词...
2025-08-05 11:36:53,866 - hardware.audio_interface - INFO - 开始检测唤醒词...
2025-08-05 11:36:58,905 - __main__ - INFO - 等待唤醒词...
2025-08-05 11:36:58,906 - hardware.audio_interface - INFO - 开始检测唤醒词...
2025-08-05 11:37:04,004 - __main__ - INFO - 等待唤醒词...
2025-08-05 11:37:04,005 - hardware.audio_interface - INFO - 开始检测唤醒词...
2025-08-05 11:37:09,014 - __main__ - INFO - 等待唤醒词...
2025-08-05 11:37:09,016 - hardware.audio_interface - INFO - 开始检测唤醒词...
2025-08-05 11:37:14,101 - __main__ - INFO - 等待唤醒词...
2025-08-05 11:37:14,102 - hardware.audio_interface - INFO - 开始检测唤醒词...
2025-08-05 11:37:19,187 - __main__ - INFO - 等待唤醒词...
2025-08-05 11:37:19,188 - hardware.audio_interface - INFO - 开始检测唤醒词...
2025-08-05 11:37:24,221 - __main__ - INFO - 等待唤醒词...
2025-08-05 11:37:24,222 - hardware.audio_interface - INFO - 开始检测唤醒词...
2025-08-05 11:37:29,256 - __main__ - INFO - 等待唤醒词...
2025-08-05 11:37:29,257 - hardware.audio_interface - INFO - 开始检测唤醒词...
2025-08-05 11:37:34,318 - __main__ - INFO - 等待唤醒词...
2025-08-05 11:37:34,319 - hardware.audio_interface - INFO - 开始检测唤醒词...
2025-08-05 11:37:39,402 - __main__ - INFO - 等待唤醒词...
2025-08-05 11:37:39,403 - hardware.audio_interface - INFO - 开始检测唤醒词...
2025-08-05 11:37:44,437 - __main__ - INFO - 等待唤醒词...
2025-08-05 11:37:44,439 - hardware.audio_interface - INFO - 开始检测唤醒词...
2025-08-05 11:37:49,443 - __main__ - INFO - 等待唤醒词...
2025-08-05 11:37:49,445 - hardware.audio_interface - INFO - 开始检测唤醒词...
2025-08-05 11:37:54,481 - __main__ - INFO - 等待唤醒词...
2025-08-05 11:37:54,483 - hardware.audio_interface - INFO - 开始检测唤醒词...
2025-08-05 11:37:59,520 - __main__ - INFO - 等待唤醒词...
2025-08-05 11:37:59,521 - hardware.audio_interface - INFO - 开始检测唤醒词...
2025-08-05 11:38:04,557 - __main__ - INFO - 等待唤醒词...
2025-08-05 11:38:04,558 - hardware.audio_interface - INFO - 开始检测唤醒词...
2025-08-05 11:38:09,594 - __main__ - INFO - 等待唤醒词...
2025-08-05 11:38:09,595 - hardware.audio_interface - INFO - 开始检测唤醒词...
2025-08-05 11:38:14,632 - __main__ - INFO - 等待唤醒词...
2025-08-05 11:38:14,633 - hardware.audio_interface - INFO - 开始检测唤醒词...
2025-08-05 11:38:19,671 - __main__ - INFO - 等待唤醒词...
2025-08-05 11:38:19,672 - hardware.audio_interface - INFO - 开始检测唤醒词...
2025-08-05 11:38:24,709 - __main__ - INFO - 等待唤醒词...
2025-08-05 11:38:24,710 - hardware.audio_interface - INFO - 开始检测唤醒词...
2025-08-05 11:38:29,773 - __main__ - INFO - 等待唤醒词...
2025-08-05 11:38:29,774 - hardware.audio_interface - INFO - 开始检测唤醒词...
2025-08-05 11:38:34,809 - __main__ - INFO - 等待唤醒词...
2025-08-05 11:38:34,810 - hardware.audio_interface - INFO - 开始检测唤醒词...
2025-08-05 11:38:39,869 - __main__ - INFO - 等待唤醒词...
2025-08-05 11:38:39,871 - hardware.audio_interface - INFO - 开始检测唤醒词...
2025-08-05 11:38:44,907 - __main__ - INFO - 等待唤醒词...
2025-08-05 11:38:44,908 - hardware.audio_interface - INFO - 开始检测唤醒词...
2025-08-05 11:38:49,964 - __main__ - INFO - 等待唤醒词...
2025-08-05 11:38:49,965 - hardware.audio_interface - INFO - 开始检测唤醒词...
2025-08-05 11:38:55,027 - __main__ - INFO - 等待唤醒词...
2025-08-05 11:38:55,031 - hardware.audio_interface - INFO - 开始检测唤醒词...
2025-08-05 11:39:00,035 - __main__ - INFO - 等待唤醒词...
2025-08-05 11:39:00,036 - hardware.audio_interface - INFO - 开始检测唤醒词...
2025-08-05 11:39:05,073 - __main__ - INFO - 等待唤醒词...
2025-08-05 11:39:05,075 - hardware.audio_interface - INFO - 开始检测唤醒词...
2025-08-05 11:39:10,124 - __main__ - INFO - 等待唤醒词...
2025-08-05 11:39:10,125 - hardware.audio_interface - INFO - 开始检测唤醒词...
2025-08-05 11:39:15,176 - __main__ - INFO - 等待唤醒词...
2025-08-05 11:39:15,177 - hardware.audio_interface - INFO - 开始检测唤醒词...
2025-08-05 11:39:20,213 - __main__ - INFO - 等待唤醒词...
2025-08-05 11:39:20,214 - hardware.audio_interface - INFO - 开始检测唤醒词...
2025-08-05 11:39:25,219 - __main__ - INFO - 等待唤醒词...
2025-08-05 11:39:25,220 - hardware.audio_interface - INFO - 开始检测唤醒词...
2025-08-05 11:39:30,231 - __main__ - INFO - 等待唤醒词...
2025-08-05 11:39:30,232 - hardware.audio_interface - INFO - 开始检测唤醒词...
2025-08-05 11:39:35,272 - __main__ - INFO - 等待唤醒词...
2025-08-05 11:39:35,273 - hardware.audio_interface - INFO - 开始检测唤醒词...
2025-08-05 11:39:40,312 - __main__ - INFO - 等待唤醒词...
2025-08-05 11:39:40,313 - hardware.audio_interface - INFO - 开始检测唤醒词...
2025-08-05 11:39:45,349 - __main__ - INFO - 等待唤醒词...
2025-08-05 11:39:45,351 - hardware.audio_interface - INFO - 开始检测唤醒词...
2025-08-05 11:39:50,387 - __main__ - INFO - 等待唤醒词...
2025-08-05 11:39:50,390 - hardware.audio_interface - INFO - 开始检测唤醒词...
2025-08-05 11:39:55,428 - __main__ - INFO - 等待唤醒词...
2025-08-05 11:39:55,429 - hardware.audio_interface - INFO - 开始检测唤醒词...
2025-08-05 11:40:00,469 - __main__ - INFO - 等待唤醒词...
2025-08-05 11:40:00,470 - hardware.audio_interface - INFO - 开始检测唤醒词...
2025-08-05 11:40:05,569 - __main__ - INFO - 等待唤醒词...
2025-08-05 11:40:05,571 - hardware.audio_interface - INFO - 开始检测唤醒词...
2025-08-05 11:40:10,607 - __main__ - INFO - 等待唤醒词...
2025-08-05 11:40:10,608 - hardware.audio_interface - INFO - 开始检测唤醒词...
2025-08-05 11:40:15,643 - __main__ - INFO - 等待唤醒词...
2025-08-05 11:40:15,644 - hardware.audio_interface - INFO - 开始检测唤醒词...
2025-08-05 11:40:20,689 - __main__ - INFO - 等待唤醒词...
2025-08-05 11:40:20,690 - hardware.audio_interface - INFO - 开始检测唤醒词...
2025-08-05 11:40:25,729 - __main__ - INFO - 等待唤醒词...
2025-08-05 11:40:25,730 - hardware.audio_interface - INFO - 开始检测唤醒词...
2025-08-05 11:40:30,766 - __main__ - INFO - 等待唤醒词...
2025-08-05 11:40:30,767 - hardware.audio_interface - INFO - 开始检测唤醒词...
2025-08-05 11:40:35,804 - __main__ - INFO - 等待唤醒词...
2025-08-05 11:40:35,805 - hardware.audio_interface - INFO - 开始检测唤醒词...
2025-08-05 11:40:40,840 - __main__ - INFO - 等待唤醒词...
2025-08-05 11:40:40,842 - hardware.audio_interface - INFO - 开始检测唤醒词...
2025-08-05 11:40:45,879 - __main__ - INFO - 等待唤醒词...
2025-08-05 11:40:45,880 - hardware.audio_interface - INFO - 开始检测唤醒词...
2025-08-05 11:40:50,925 - __main__ - INFO - 等待唤醒词...
2025-08-05 11:40:50,926 - hardware.audio_interface - INFO - 开始检测唤醒词...
2025-08-05 11:40:55,967 - __main__ - INFO - 等待唤醒词...
2025-08-05 11:40:55,968 - hardware.audio_interface - INFO - 开始检测唤醒词...
2025-08-05 11:41:01,005 - __main__ - INFO - 等待唤醒词...
2025-08-05 11:41:01,007 - hardware.audio_interface - INFO - 开始检测唤醒词...
2025-08-05 11:41:06,100 - __main__ - INFO - 等待唤醒词...
2025-08-05 11:41:06,102 - hardware.audio_interface - INFO - 开始检测唤醒词...
2025-08-05 11:41:11,143 - __main__ - INFO - 等待唤醒词...
2025-08-05 11:41:11,144 - hardware.audio_interface - INFO - 开始检测唤醒词...
2025-08-05 11:41:16,240 - __main__ - INFO - 等待唤醒词...
2025-08-05 11:41:16,242 - hardware.audio_interface - INFO - 开始检测唤醒词...
2025-08-05 11:41:21,280 - __main__ - INFO - 等待唤醒词...
2025-08-05 11:41:21,282 - hardware.audio_interface - INFO - 开始检测唤醒词...
2025-08-05 11:41:26,377 - __main__ - INFO - 等待唤醒词...
2025-08-05 11:41:26,378 - hardware.audio_interface - INFO - 开始检测唤醒词...
2025-08-05 11:41:31,420 - __main__ - INFO - 等待唤醒词...
2025-08-05 11:41:31,421 - hardware.audio_interface - INFO - 开始检测唤醒词...
2025-08-05 11:41:36,455 - __main__ - INFO - 等待唤醒词...
2025-08-05 11:41:36,457 - hardware.audio_interface - INFO - 开始检测唤醒词...
2025-08-05 11:41:41,551 - __main__ - INFO - 等待唤醒词...
2025-08-05 11:41:41,553 - hardware.audio_interface - INFO - 开始检测唤醒词...
2025-08-05 11:41:46,646 - __main__ - INFO - 等待唤醒词...
2025-08-05 11:41:46,647 - hardware.audio_interface - INFO - 开始检测唤醒词...
2025-08-05 11:41:51,739 - __main__ - INFO - 等待唤醒词...
2025-08-05 11:41:51,741 - hardware.audio_interface - INFO - 开始检测唤醒词...
2025-08-05 11:41:56,782 - __main__ - INFO - 等待唤醒词...
2025-08-05 11:41:56,784 - hardware.audio_interface - INFO - 开始检测唤醒词...
2025-08-05 11:42:01,824 - __main__ - INFO - 等待唤醒词...
2025-08-05 11:42:01,825 - hardware.audio_interface - INFO - 开始检测唤醒词...
2025-08-05 11:42:06,918 - __main__ - INFO - 等待唤醒词...
2025-08-05 11:42:06,920 - hardware.audio_interface - INFO - 开始检测唤醒词...
2025-08-05 11:42:12,014 - __main__ - INFO - 等待唤醒词...
2025-08-05 11:42:12,015 - hardware.audio_interface - INFO - 开始检测唤醒词...
2025-08-05 11:42:17,055 - __main__ - INFO - 等待唤醒词...
2025-08-05 11:42:17,057 - hardware.audio_interface - INFO - 开始检测唤醒词...
2025-08-05 11:42:22,151 - __main__ - INFO - 等待唤醒词...
2025-08-05 11:42:22,153 - hardware.audio_interface - INFO - 开始检测唤醒词...
2025-08-05 11:42:27,193 - __main__ - INFO - 等待唤醒词...
2025-08-05 11:42:27,194 - hardware.audio_interface - INFO - 开始检测唤醒词...
2025-08-05 11:42:32,238 - __main__ - INFO - 等待唤醒词...
2025-08-05 11:42:32,239 - hardware.audio_interface - INFO - 开始检测唤醒词...
2025-08-05 11:42:37,331 - __main__ - INFO - 等待唤醒词...
2025-08-05 11:42:37,333 - hardware.audio_interface - INFO - 开始检测唤醒词...
2025-08-05 11:42:42,427 - __main__ - INFO - 等待唤醒词...
2025-08-05 11:42:42,428 - hardware.audio_interface - INFO - 开始检测唤醒词...
2025-08-05 11:42:47,515 - __main__ - INFO - 等待唤醒词...
2025-08-05 11:42:47,517 - hardware.audio_interface - INFO - 开始检测唤醒词...
2025-08-05 11:42:52,570 - __main__ - INFO - 等待唤醒词...
2025-08-05 11:42:52,572 - hardware.audio_interface - INFO - 开始检测唤醒词...
2025-08-05 11:42:57,591 - __main__ - INFO - 等待唤醒词...
2025-08-05 11:42:57,593 - hardware.audio_interface - INFO - 开始检测唤醒词...
2025-08-05 11:43:02,596 - __main__ - INFO - 等待唤醒词...
2025-08-05 11:43:02,598 - hardware.audio_interface - INFO - 开始检测唤醒词...
2025-08-05 11:43:07,600 - __main__ - INFO - 等待唤醒词...
2025-08-05 11:43:07,602 - hardware.audio_interface - INFO - 开始检测唤醒词...
2025-08-05 11:43:12,603 - __main__ - INFO - 等待唤醒词...
2025-08-05 11:43:12,605 - hardware.audio_interface - INFO - 开始检测唤醒词...
2025-08-05 11:43:17,711 - __main__ - INFO - 等待唤醒词...
2025-08-05 11:43:17,712 - hardware.audio_interface - INFO - 开始检测唤醒词...
2025-08-05 11:43:22,714 - __main__ - INFO - 等待唤醒词...
2025-08-05 11:43:22,716 - hardware.audio_interface - INFO - 开始检测唤醒词...
2025-08-05 11:43:27,718 - __main__ - INFO - 等待唤醒词...
2025-08-05 11:43:27,719 - hardware.audio_interface - INFO - 开始检测唤醒词...
2025-08-05 11:43:32,814 - __main__ - INFO - 等待唤醒词...
2025-08-05 11:43:32,816 - hardware.audio_interface - INFO - 开始检测唤醒词...
2025-08-05 11:43:37,909 - __main__ - INFO - 等待唤醒词...
2025-08-05 11:43:37,910 - hardware.audio_interface - INFO - 开始检测唤醒词...
2025-08-05 11:43:42,994 - __main__ - INFO - 等待唤醒词...
2025-08-05 11:43:42,996 - hardware.audio_interface - INFO - 开始检测唤醒词...
2025-08-05 11:43:48,088 - __main__ - INFO - 等待唤醒词...
2025-08-05 11:43:48,090 - hardware.audio_interface - INFO - 开始检测唤醒词...
2025-08-05 11:43:53,182 - __main__ - INFO - 等待唤醒词...
2025-08-05 11:43:53,184 - hardware.audio_interface - INFO - 开始检测唤醒词...
2025-08-05 11:43:58,225 - __main__ - INFO - 等待唤醒词...
2025-08-05 11:43:58,227 - hardware.audio_interface - INFO - 开始检测唤醒词...
2025-08-05 11:44:03,233 - __main__ - INFO - 等待唤醒词...
2025-08-05 11:44:03,234 - hardware.audio_interface - INFO - 开始检测唤醒词...
2025-08-05 11:44:08,289 - __main__ - INFO - 等待唤醒词...
2025-08-05 11:44:08,290 - hardware.audio_interface - INFO - 开始检测唤醒词...
2025-08-05 11:44:13,384 - __main__ - INFO - 等待唤醒词...
2025-08-05 11:44:13,385 - hardware.audio_interface - INFO - 开始检测唤醒词...
2025-08-05 11:44:18,473 - __main__ - INFO - 等待唤醒词...
2025-08-05 11:44:18,474 - hardware.audio_interface - INFO - 开始检测唤醒词...
2025-08-05 11:44:23,510 - __main__ - INFO - 等待唤醒词...
2025-08-05 11:44:23,511 - hardware.audio_interface - INFO - 开始检测唤醒词...
2025-08-05 11:44:28,548 - __main__ - INFO - 等待唤醒词...
2025-08-05 11:44:28,550 - hardware.audio_interface - INFO - 开始检测唤醒词...
2025-08-05 11:44:33,598 - __main__ - INFO - 等待唤醒词...
2025-08-05 11:44:33,600 - hardware.audio_interface - INFO - 开始检测唤醒词...
2025-08-05 11:44:38,698 - __main__ - INFO - 等待唤醒词...
2025-08-05 11:44:38,700 - hardware.audio_interface - INFO - 开始检测唤醒词...
2025-08-05 11:44:43,739 - __main__ - INFO - 等待唤醒词...
2025-08-05 11:44:43,741 - hardware.audio_interface - INFO - 开始检测唤醒词...
2025-08-05 11:44:48,779 - __main__ - INFO - 等待唤醒词...
2025-08-05 11:44:48,781 - hardware.audio_interface - INFO - 开始检测唤醒词...
2025-08-05 11:44:53,813 - __main__ - INFO - 等待唤醒词...
2025-08-05 11:44:53,815 - hardware.audio_interface - INFO - 开始检测唤醒词...
2025-08-05 11:44:58,851 - __main__ - INFO - 等待唤醒词...
2025-08-05 11:44:58,853 - hardware.audio_interface - INFO - 开始检测唤醒词...
2025-08-05 11:45:03,888 - __main__ - INFO - 等待唤醒词...
2025-08-05 11:45:03,890 - hardware.audio_interface - INFO - 开始检测唤醒词...
2025-08-05 11:45:08,926 - __main__ - INFO - 等待唤醒词...
2025-08-05 11:45:08,927 - hardware.audio_interface - INFO - 开始检测唤醒词...
2025-08-05 11:45:13,928 - apscheduler.executors.default - INFO - Running job "CleanupScheduler._cleanup_task (trigger: interval[0:10:00], next run at: 2025-08-05 11:55:13 CST)" (scheduled at 2025-08-05 11:45:13.928387+08:00)
2025-08-05 11:45:13,929 - utils.cleaner - INFO - 完成安全清理，共删除 0 个旧文件
2025-08-05 11:45:13,929 - apscheduler.executors.default - INFO - Job "CleanupScheduler._cleanup_task (trigger: interval[0:10:00], next run at: 2025-08-05 11:55:13 CST)" executed successfully
2025-08-05 11:45:13,967 - __main__ - INFO - 等待唤醒词...
2025-08-05 11:45:13,968 - hardware.audio_interface - INFO - 开始检测唤醒词...
2025-08-05 11:45:18,999 - __main__ - INFO - 等待唤醒词...
2025-08-05 11:45:19,001 - hardware.audio_interface - INFO - 开始检测唤醒词...
2025-08-05 11:45:24,002 - __main__ - INFO - 等待唤醒词...
2025-08-05 11:45:24,004 - hardware.audio_interface - INFO - 开始检测唤醒词...
2025-08-05 11:45:29,036 - __main__ - INFO - 等待唤醒词...
2025-08-05 11:45:29,038 - hardware.audio_interface - INFO - 开始检测唤醒词...
2025-08-05 11:45:34,039 - __main__ - INFO - 等待唤醒词...
2025-08-05 11:45:34,041 - hardware.audio_interface - INFO - 开始检测唤醒词...
2025-08-05 11:45:39,042 - __main__ - INFO - 等待唤醒词...
2025-08-05 11:45:39,043 - hardware.audio_interface - INFO - 开始检测唤醒词...
2025-08-05 11:45:44,080 - __main__ - INFO - 等待唤醒词...
2025-08-05 11:45:44,082 - hardware.audio_interface - INFO - 开始检测唤醒词...
2025-08-05 11:45:49,122 - __main__ - INFO - 等待唤醒词...
2025-08-05 11:45:49,124 - hardware.audio_interface - INFO - 开始检测唤醒词...
2025-08-05 11:45:54,159 - __main__ - INFO - 等待唤醒词...
2025-08-05 11:45:54,161 - hardware.audio_interface - INFO - 开始检测唤醒词...
2025-08-05 11:45:59,203 - __main__ - INFO - 等待唤醒词...
2025-08-05 11:45:59,204 - hardware.audio_interface - INFO - 开始检测唤醒词...
2025-08-05 11:46:04,240 - __main__ - INFO - 等待唤醒词...
2025-08-05 11:46:04,241 - hardware.audio_interface - INFO - 开始检测唤醒词...
2025-08-05 11:46:09,279 - __main__ - INFO - 等待唤醒词...
2025-08-05 11:46:09,281 - hardware.audio_interface - INFO - 开始检测唤醒词...
2025-08-05 11:46:14,318 - __main__ - INFO - 等待唤醒词...
2025-08-05 11:46:14,320 - hardware.audio_interface - INFO - 开始检测唤醒词...
2025-08-05 11:46:19,359 - __main__ - INFO - 等待唤醒词...
2025-08-05 11:46:19,361 - hardware.audio_interface - INFO - 开始检测唤醒词...
2025-08-05 11:46:24,396 - __main__ - INFO - 等待唤醒词...
2025-08-05 11:46:24,402 - hardware.audio_interface - INFO - 开始检测唤醒词...
2025-08-05 11:46:29,498 - __main__ - INFO - 等待唤醒词...
2025-08-05 11:46:29,499 - hardware.audio_interface - INFO - 开始检测唤醒词...
2025-08-05 11:46:34,561 - __main__ - INFO - 等待唤醒词...
2025-08-05 11:46:34,563 - hardware.audio_interface - INFO - 开始检测唤醒词...
2025-08-05 11:46:39,598 - __main__ - INFO - 等待唤醒词...
2025-08-05 11:46:39,599 - hardware.audio_interface - INFO - 开始检测唤醒词...
2025-08-05 11:46:44,636 - __main__ - INFO - 等待唤醒词...
2025-08-05 11:46:44,637 - hardware.audio_interface - INFO - 开始检测唤醒词...
2025-08-05 11:46:49,676 - __main__ - INFO - 等待唤醒词...
2025-08-05 11:46:49,678 - hardware.audio_interface - INFO - 开始检测唤醒词...
2025-08-05 11:46:54,714 - __main__ - INFO - 等待唤醒词...
2025-08-05 11:46:54,716 - hardware.audio_interface - INFO - 开始检测唤醒词...
2025-08-05 11:46:59,770 - __main__ - INFO - 等待唤醒词...
2025-08-05 11:46:59,772 - hardware.audio_interface - INFO - 开始检测唤醒词...
2025-08-05 11:47:04,814 - __main__ - INFO - 等待唤醒词...
2025-08-05 11:47:04,816 - hardware.audio_interface - INFO - 开始检测唤醒词...
2025-08-05 11:47:09,856 - __main__ - INFO - 等待唤醒词...
2025-08-05 11:47:09,857 - hardware.audio_interface - INFO - 开始检测唤醒词...
2025-08-05 11:47:14,896 - __main__ - INFO - 等待唤醒词...
2025-08-05 11:47:14,898 - hardware.audio_interface - INFO - 开始检测唤醒词...
2025-08-05 11:47:19,934 - __main__ - INFO - 等待唤醒词...
2025-08-05 11:47:19,936 - hardware.audio_interface - INFO - 开始检测唤醒词...
2025-08-05 11:47:24,978 - __main__ - INFO - 等待唤醒词...
2025-08-05 11:47:24,980 - hardware.audio_interface - INFO - 开始检测唤醒词...
2025-08-05 11:47:30,019 - __main__ - INFO - 等待唤醒词...
2025-08-05 11:47:30,020 - hardware.audio_interface - INFO - 开始检测唤醒词...
2025-08-05 11:47:35,056 - __main__ - INFO - 等待唤醒词...
2025-08-05 11:47:35,058 - hardware.audio_interface - INFO - 开始检测唤醒词...
2025-08-05 11:47:40,103 - __main__ - INFO - 等待唤醒词...
2025-08-05 11:47:40,104 - hardware.audio_interface - INFO - 开始检测唤醒词...
2025-08-05 11:47:45,144 - __main__ - INFO - 等待唤醒词...
2025-08-05 11:47:45,145 - hardware.audio_interface - INFO - 开始检测唤醒词...
2025-08-05 11:47:50,180 - __main__ - INFO - 等待唤醒词...
2025-08-05 11:47:50,182 - hardware.audio_interface - INFO - 开始检测唤醒词...
2025-08-05 11:47:55,184 - __main__ - INFO - 等待唤醒词...
2025-08-05 11:47:55,186 - hardware.audio_interface - INFO - 开始检测唤醒词...
2025-08-05 11:48:00,187 - __main__ - INFO - 等待唤醒词...
2025-08-05 11:48:00,189 - hardware.audio_interface - INFO - 开始检测唤醒词...
2025-08-05 11:48:05,225 - __main__ - INFO - 等待唤醒词...
2025-08-05 11:48:05,226 - hardware.audio_interface - INFO - 开始检测唤醒词...
2025-08-05 11:48:10,272 - __main__ - INFO - 等待唤醒词...
2025-08-05 11:48:10,273 - hardware.audio_interface - INFO - 开始检测唤醒词...
2025-08-05 11:48:15,312 - __main__ - INFO - 等待唤醒词...
2025-08-05 11:48:15,313 - hardware.audio_interface - INFO - 开始检测唤醒词...
2025-08-05 11:48:20,351 - __main__ - INFO - 等待唤醒词...
2025-08-05 11:48:20,353 - hardware.audio_interface - INFO - 开始检测唤醒词...
2025-08-05 11:48:25,389 - __main__ - INFO - 等待唤醒词...
2025-08-05 11:48:25,390 - hardware.audio_interface - INFO - 开始检测唤醒词...
2025-08-05 11:48:30,426 - __main__ - INFO - 等待唤醒词...
2025-08-05 11:48:30,427 - hardware.audio_interface - INFO - 开始检测唤醒词...
2025-08-05 11:48:35,462 - __main__ - INFO - 等待唤醒词...
2025-08-05 11:48:35,464 - hardware.audio_interface - INFO - 开始检测唤醒词...
2025-08-05 11:48:40,466 - __main__ - INFO - 等待唤醒词...
2025-08-05 11:48:40,467 - hardware.audio_interface - INFO - 开始检测唤醒词...
2025-08-05 11:48:45,468 - __main__ - INFO - 等待唤醒词...
2025-08-05 11:48:45,469 - hardware.audio_interface - INFO - 开始检测唤醒词...
2025-08-05 11:48:50,470 - __main__ - INFO - 等待唤醒词...
2025-08-05 11:48:50,471 - hardware.audio_interface - INFO - 开始检测唤醒词...
2025-08-05 11:48:55,506 - __main__ - INFO - 等待唤醒词...
2025-08-05 11:48:55,507 - hardware.audio_interface - INFO - 开始检测唤醒词...
2025-08-05 11:49:00,547 - __main__ - INFO - 等待唤醒词...
2025-08-05 11:49:00,549 - hardware.audio_interface - INFO - 开始检测唤醒词...
2025-08-05 11:49:05,588 - __main__ - INFO - 等待唤醒词...
2025-08-05 11:49:05,590 - hardware.audio_interface - INFO - 开始检测唤醒词...
2025-08-05 11:49:10,682 - __main__ - INFO - 等待唤醒词...
2025-08-05 11:49:10,683 - hardware.audio_interface - INFO - 开始检测唤醒词...
2025-08-05 11:49:15,782 - __main__ - INFO - 等待唤醒词...
2025-08-05 11:49:15,784 - hardware.audio_interface - INFO - 开始检测唤醒词...
2025-08-05 11:49:20,820 - __main__ - INFO - 等待唤醒词...
2025-08-05 11:49:20,821 - hardware.audio_interface - INFO - 开始检测唤醒词...
2025-08-05 11:49:25,862 - __main__ - INFO - 等待唤醒词...
2025-08-05 11:49:25,865 - hardware.audio_interface - INFO - 开始检测唤醒词...
2025-08-05 11:49:30,902 - __main__ - INFO - 等待唤醒词...
2025-08-05 11:49:30,903 - hardware.audio_interface - INFO - 开始检测唤醒词...
2025-08-05 11:49:35,940 - __main__ - INFO - 等待唤醒词...
2025-08-05 11:49:35,941 - hardware.audio_interface - INFO - 开始检测唤醒词...
2025-08-05 11:49:40,986 - __main__ - INFO - 等待唤醒词...
2025-08-05 11:49:40,988 - hardware.audio_interface - INFO - 开始检测唤醒词...
2025-08-05 11:49:46,026 - __main__ - INFO - 等待唤醒词...
2025-08-05 11:49:46,027 - hardware.audio_interface - INFO - 开始检测唤醒词...
2025-08-05 11:49:51,067 - __main__ - INFO - 等待唤醒词...
2025-08-05 11:49:51,068 - hardware.audio_interface - INFO - 开始检测唤醒词...
2025-08-05 11:49:56,119 - __main__ - INFO - 等待唤醒词...
2025-08-05 11:49:56,121 - hardware.audio_interface - INFO - 开始检测唤醒词...
2025-08-05 11:50:01,158 - __main__ - INFO - 等待唤醒词...
2025-08-05 11:50:01,159 - hardware.audio_interface - INFO - 开始检测唤醒词...
2025-08-05 11:50:06,198 - __main__ - INFO - 等待唤醒词...
2025-08-05 11:50:06,199 - hardware.audio_interface - INFO - 开始检测唤醒词...
2025-08-05 11:50:11,239 - __main__ - INFO - 等待唤醒词...
2025-08-05 11:50:11,240 - hardware.audio_interface - INFO - 开始检测唤醒词...
2025-08-05 11:50:16,277 - __main__ - INFO - 等待唤醒词...
2025-08-05 11:50:16,279 - hardware.audio_interface - INFO - 开始检测唤醒词...
2025-08-05 11:50:21,314 - __main__ - INFO - 等待唤醒词...
2025-08-05 11:50:21,315 - hardware.audio_interface - INFO - 开始检测唤醒词...
2025-08-05 11:50:26,355 - __main__ - INFO - 等待唤醒词...
2025-08-05 11:50:26,357 - hardware.audio_interface - INFO - 开始检测唤醒词...
2025-08-05 11:50:31,396 - __main__ - INFO - 等待唤醒词...
2025-08-05 11:50:31,397 - hardware.audio_interface - INFO - 开始检测唤醒词...
2025-08-05 11:50:36,435 - __main__ - INFO - 等待唤醒词...
2025-08-05 11:50:36,436 - hardware.audio_interface - INFO - 开始检测唤醒词...
2025-08-05 11:50:41,468 - __main__ - INFO - 等待唤醒词...
2025-08-05 11:50:41,470 - hardware.audio_interface - INFO - 开始检测唤醒词...
2025-08-05 11:50:46,569 - __main__ - INFO - 等待唤醒词...
2025-08-05 11:50:46,571 - hardware.audio_interface - INFO - 开始检测唤醒词...
2025-08-05 11:50:51,676 - __main__ - INFO - 等待唤醒词...
2025-08-05 11:50:51,678 - hardware.audio_interface - INFO - 开始检测唤醒词...
2025-08-05 11:50:56,716 - __main__ - INFO - 等待唤醒词...
2025-08-05 11:50:56,717 - hardware.audio_interface - INFO - 开始检测唤醒词...
2025-08-05 11:51:01,778 - __main__ - INFO - 等待唤醒词...
2025-08-05 11:51:01,780 - hardware.audio_interface - INFO - 开始检测唤醒词...
2025-08-05 11:51:06,786 - __main__ - INFO - 等待唤醒词...
2025-08-05 11:51:06,787 - hardware.audio_interface - INFO - 开始检测唤醒词...
2025-08-05 11:51:11,878 - __main__ - INFO - 等待唤醒词...
2025-08-05 11:51:11,879 - hardware.audio_interface - INFO - 开始检测唤醒词...
2025-08-05 11:51:16,935 - __main__ - INFO - 等待唤醒词...
2025-08-05 11:51:16,936 - hardware.audio_interface - INFO - 开始检测唤醒词...
2025-08-05 11:51:21,976 - __main__ - INFO - 等待唤醒词...
2025-08-05 11:51:21,978 - hardware.audio_interface - INFO - 开始检测唤醒词...
2025-08-05 11:51:27,016 - __main__ - INFO - 等待唤醒词...
2025-08-05 11:51:27,017 - hardware.audio_interface - INFO - 开始检测唤醒词...
2025-08-05 11:51:32,056 - __main__ - INFO - 等待唤醒词...
2025-08-05 11:51:32,058 - hardware.audio_interface - INFO - 开始检测唤醒词...
2025-08-05 11:51:37,106 - __main__ - INFO - 等待唤醒词...
2025-08-05 11:51:37,107 - hardware.audio_interface - INFO - 开始检测唤醒词...
2025-08-05 11:51:42,143 - __main__ - INFO - 等待唤醒词...
2025-08-05 11:51:42,145 - hardware.audio_interface - INFO - 开始检测唤醒词...
2025-08-05 11:51:47,182 - __main__ - INFO - 等待唤醒词...
2025-08-05 11:51:47,184 - hardware.audio_interface - INFO - 开始检测唤醒词...
2025-08-05 11:51:52,247 - __main__ - INFO - 等待唤醒词...
2025-08-05 11:51:52,249 - hardware.audio_interface - INFO - 开始检测唤醒词...
2025-08-05 11:51:57,287 - __main__ - INFO - 等待唤醒词...
2025-08-05 11:51:57,288 - hardware.audio_interface - INFO - 开始检测唤醒词...
2025-08-05 11:52:02,315 - __main__ - INFO - 等待唤醒词...
2025-08-05 11:52:02,317 - hardware.audio_interface - INFO - 开始检测唤醒词...
2025-08-05 11:52:07,405 - __main__ - INFO - 等待唤醒词...
2025-08-05 11:52:07,406 - hardware.audio_interface - INFO - 开始检测唤醒词...
2025-08-05 11:52:12,467 - __main__ - INFO - 等待唤醒词...
2025-08-05 11:52:12,468 - hardware.audio_interface - INFO - 开始检测唤醒词...
2025-08-05 11:52:17,526 - __main__ - INFO - 等待唤醒词...
2025-08-05 11:52:17,527 - hardware.audio_interface - INFO - 开始检测唤醒词...
2025-08-05 11:52:22,588 - __main__ - INFO - 等待唤醒词...
2025-08-05 11:52:22,589 - hardware.audio_interface - INFO - 开始检测唤醒词...
2025-08-05 11:52:27,596 - __main__ - INFO - 等待唤醒词...
2025-08-05 11:52:27,597 - hardware.audio_interface - INFO - 开始检测唤醒词...
2025-08-05 11:52:32,603 - __main__ - INFO - 等待唤醒词...
2025-08-05 11:52:32,604 - hardware.audio_interface - INFO - 开始检测唤醒词...
2025-08-05 11:52:37,639 - __main__ - INFO - 等待唤醒词...
2025-08-05 11:52:37,641 - hardware.audio_interface - INFO - 开始检测唤醒词...
2025-08-05 11:52:42,678 - __main__ - INFO - 等待唤醒词...
2025-08-05 11:52:42,679 - hardware.audio_interface - INFO - 开始检测唤醒词...
2025-08-05 11:52:47,717 - __main__ - INFO - 等待唤醒词...
2025-08-05 11:52:47,718 - hardware.audio_interface - INFO - 开始检测唤醒词...
2025-08-05 11:52:52,726 - __main__ - INFO - 等待唤醒词...
2025-08-05 11:52:52,728 - hardware.audio_interface - INFO - 开始检测唤醒词...
2025-08-05 11:52:57,773 - __main__ - INFO - 等待唤醒词...
2025-08-05 11:52:57,774 - hardware.audio_interface - INFO - 开始检测唤醒词...
2025-08-05 11:53:02,811 - __main__ - INFO - 等待唤醒词...
2025-08-05 11:53:02,812 - hardware.audio_interface - INFO - 开始检测唤醒词...
2025-08-05 11:53:07,850 - __main__ - INFO - 等待唤醒词...
2025-08-05 11:53:07,852 - hardware.audio_interface - INFO - 开始检测唤醒词...
2025-08-05 11:53:12,852 - __main__ - INFO - 等待唤醒词...
2025-08-05 11:53:12,854 - hardware.audio_interface - INFO - 开始检测唤醒词...
2025-08-05 11:53:17,899 - __main__ - INFO - 等待唤醒词...
2025-08-05 11:53:17,901 - hardware.audio_interface - INFO - 开始检测唤醒词...
2025-08-05 11:53:23,031 - __main__ - INFO - 等待唤醒词...
2025-08-05 11:53:23,033 - hardware.audio_interface - INFO - 开始检测唤醒词...
2025-08-05 11:53:28,061 - __main__ - INFO - 等待唤醒词...
2025-08-05 11:53:28,063 - hardware.audio_interface - INFO - 开始检测唤醒词...
2025-08-05 11:53:33,097 - __main__ - INFO - 等待唤醒词...
2025-08-05 11:53:33,099 - hardware.audio_interface - INFO - 开始检测唤醒词...
2025-08-05 11:53:38,158 - __main__ - INFO - 等待唤醒词...
2025-08-05 11:53:38,159 - hardware.audio_interface - INFO - 开始检测唤醒词...
2025-08-05 11:53:43,195 - __main__ - INFO - 等待唤醒词...
2025-08-05 11:53:43,197 - hardware.audio_interface - INFO - 开始检测唤醒词...
2025-08-05 11:53:48,239 - __main__ - INFO - 等待唤醒词...
2025-08-05 11:53:48,241 - hardware.audio_interface - INFO - 开始检测唤醒词...
2025-08-05 11:53:53,281 - __main__ - INFO - 等待唤醒词...
2025-08-05 11:53:53,283 - hardware.audio_interface - INFO - 开始检测唤醒词...
2025-08-05 11:53:58,321 - __main__ - INFO - 等待唤醒词...
2025-08-05 11:53:58,322 - hardware.audio_interface - INFO - 开始检测唤醒词...
2025-08-05 11:54:03,385 - __main__ - INFO - 等待唤醒词...
2025-08-05 11:54:03,387 - hardware.audio_interface - INFO - 开始检测唤醒词...
2025-08-05 11:54:08,440 - __main__ - INFO - 等待唤醒词...
2025-08-05 11:54:08,441 - hardware.audio_interface - INFO - 开始检测唤醒词...
2025-08-05 11:54:13,476 - __main__ - INFO - 等待唤醒词...
2025-08-05 11:54:13,478 - hardware.audio_interface - INFO - 开始检测唤醒词...
2025-08-05 11:54:18,519 - __main__ - INFO - 等待唤醒词...
2025-08-05 11:54:18,521 - hardware.audio_interface - INFO - 开始检测唤醒词...
2025-08-05 11:54:23,560 - __main__ - INFO - 等待唤醒词...
2025-08-05 11:54:23,562 - hardware.audio_interface - INFO - 开始检测唤醒词...
2025-08-05 11:54:28,597 - __main__ - INFO - 等待唤醒词...
2025-08-05 11:54:28,599 - hardware.audio_interface - INFO - 开始检测唤醒词...
2025-08-05 11:54:33,637 - __main__ - INFO - 等待唤醒词...
2025-08-05 11:54:33,639 - hardware.audio_interface - INFO - 开始检测唤醒词...
2025-08-05 11:54:38,717 - __main__ - INFO - 等待唤醒词...
2025-08-05 11:54:38,718 - hardware.audio_interface - INFO - 开始检测唤醒词...
2025-08-05 11:54:43,729 - __main__ - INFO - 等待唤醒词...
2025-08-05 11:54:43,730 - hardware.audio_interface - INFO - 开始检测唤醒词...
2025-08-05 11:54:48,814 - __main__ - INFO - 等待唤醒词...
2025-08-05 11:54:48,815 - hardware.audio_interface - INFO - 开始检测唤醒词...
2025-08-05 11:54:53,899 - __main__ - INFO - 等待唤醒词...
2025-08-05 11:54:53,901 - hardware.audio_interface - INFO - 开始检测唤醒词...
2025-08-05 11:54:58,936 - __main__ - INFO - 等待唤醒词...
2025-08-05 11:54:58,937 - hardware.audio_interface - INFO - 开始检测唤醒词...
2025-08-05 11:55:03,940 - __main__ - INFO - 等待唤醒词...
2025-08-05 11:55:03,942 - hardware.audio_interface - INFO - 开始检测唤醒词...
2025-08-05 11:55:09,002 - __main__ - INFO - 等待唤醒词...
2025-08-05 11:55:09,003 - hardware.audio_interface - INFO - 开始检测唤醒词...
2025-08-05 11:55:13,928 - apscheduler.executors.default - INFO - Running job "CleanupScheduler._cleanup_task (trigger: interval[0:10:00], next run at: 2025-08-05 12:05:13 CST)" (scheduled at 2025-08-05 11:55:13.928387+08:00)
2025-08-05 11:55:13,929 - utils.cleaner - INFO - 完成安全清理，共删除 0 个旧文件
2025-08-05 11:55:13,929 - apscheduler.executors.default - INFO - Job "CleanupScheduler._cleanup_task (trigger: interval[0:10:00], next run at: 2025-08-05 12:05:13 CST)" executed successfully
2025-08-05 11:55:14,011 - __main__ - INFO - 等待唤醒词...
2025-08-05 11:55:14,013 - hardware.audio_interface - INFO - 开始检测唤醒词...
2025-08-05 11:55:19,052 - __main__ - INFO - 等待唤醒词...
2025-08-05 11:55:19,054 - hardware.audio_interface - INFO - 开始检测唤醒词...
2025-08-05 11:55:24,110 - __main__ - INFO - 等待唤醒词...
2025-08-05 11:55:24,111 - hardware.audio_interface - INFO - 开始检测唤醒词...
2025-08-05 11:55:29,164 - __main__ - INFO - 等待唤醒词...
2025-08-05 11:55:29,165 - hardware.audio_interface - INFO - 开始检测唤醒词...
2025-08-05 11:55:34,203 - __main__ - INFO - 等待唤醒词...
2025-08-05 11:55:34,204 - hardware.audio_interface - INFO - 开始检测唤醒词...
2025-08-05 11:55:39,241 - __main__ - INFO - 等待唤醒词...
2025-08-05 11:55:39,243 - hardware.audio_interface - INFO - 开始检测唤醒词...
2025-08-05 11:55:44,304 - __main__ - INFO - 等待唤醒词...
2025-08-05 11:55:44,305 - hardware.audio_interface - INFO - 开始检测唤醒词...
2025-08-05 11:55:49,390 - __main__ - INFO - 等待唤醒词...
2025-08-05 11:55:49,392 - hardware.audio_interface - INFO - 开始检测唤醒词...
2025-08-05 11:55:54,477 - __main__ - INFO - 等待唤醒词...
2025-08-05 11:55:54,479 - hardware.audio_interface - INFO - 开始检测唤醒词...
2025-08-05 11:55:59,511 - __main__ - INFO - 等待唤醒词...
2025-08-05 11:55:59,513 - hardware.audio_interface - INFO - 开始检测唤醒词...
2025-08-05 11:56:04,519 - __main__ - INFO - 等待唤醒词...
2025-08-05 11:56:04,521 - hardware.audio_interface - INFO - 开始检测唤醒词...
2025-08-05 11:56:09,555 - __main__ - INFO - 等待唤醒词...
2025-08-05 11:56:09,556 - hardware.audio_interface - INFO - 开始检测唤醒词...
2025-08-05 11:56:14,587 - __main__ - INFO - 等待唤醒词...
2025-08-05 11:56:14,588 - hardware.audio_interface - INFO - 开始检测唤醒词...
2025-08-05 11:56:19,647 - __main__ - INFO - 等待唤醒词...
2025-08-05 11:56:19,648 - hardware.audio_interface - INFO - 开始检测唤醒词...
2025-08-05 11:56:24,690 - __main__ - INFO - 等待唤醒词...
2025-08-05 11:56:24,691 - hardware.audio_interface - INFO - 开始检测唤醒词...
2025-08-05 11:56:29,730 - __main__ - INFO - 等待唤醒词...
2025-08-05 11:56:29,732 - hardware.audio_interface - INFO - 开始检测唤醒词...
2025-08-05 11:56:34,769 - __main__ - INFO - 等待唤醒词...
2025-08-05 11:56:34,771 - hardware.audio_interface - INFO - 开始检测唤醒词...
2025-08-05 11:56:39,808 - __main__ - INFO - 等待唤醒词...
2025-08-05 11:56:39,810 - hardware.audio_interface - INFO - 开始检测唤醒词...
2025-08-05 11:56:44,848 - __main__ - INFO - 等待唤醒词...
2025-08-05 11:56:44,850 - hardware.audio_interface - INFO - 开始检测唤醒词...
2025-08-05 11:56:49,889 - __main__ - INFO - 等待唤醒词...
2025-08-05 11:56:49,890 - hardware.audio_interface - INFO - 开始检测唤醒词...
2025-08-05 11:56:54,924 - __main__ - INFO - 等待唤醒词...
2025-08-05 11:56:54,925 - hardware.audio_interface - INFO - 开始检测唤醒词...
2025-08-05 11:56:59,964 - __main__ - INFO - 等待唤醒词...
2025-08-05 11:56:59,965 - hardware.audio_interface - INFO - 开始检测唤醒词...
2025-08-05 11:57:05,003 - __main__ - INFO - 等待唤醒词...
2025-08-05 11:57:05,004 - hardware.audio_interface - INFO - 开始检测唤醒词...
2025-08-05 11:57:10,057 - __main__ - INFO - 等待唤醒词...
2025-08-05 11:57:10,058 - hardware.audio_interface - INFO - 开始检测唤醒词...
2025-08-05 11:57:15,095 - __main__ - INFO - 等待唤醒词...
2025-08-05 11:57:15,097 - hardware.audio_interface - INFO - 开始检测唤醒词...
2025-08-05 11:57:20,134 - __main__ - INFO - 等待唤醒词...
2025-08-05 11:57:20,135 - hardware.audio_interface - INFO - 开始检测唤醒词...
2025-08-05 11:57:25,171 - __main__ - INFO - 等待唤醒词...
2025-08-05 11:57:25,173 - hardware.audio_interface - INFO - 开始检测唤醒词...
2025-08-05 11:57:30,216 - __main__ - INFO - 等待唤醒词...
2025-08-05 11:57:30,218 - hardware.audio_interface - INFO - 开始检测唤醒词...
2025-08-05 11:57:35,280 - __main__ - INFO - 等待唤醒词...
2025-08-05 11:57:35,282 - hardware.audio_interface - INFO - 开始检测唤醒词...
2025-08-05 11:57:40,290 - __main__ - INFO - 等待唤醒词...
2025-08-05 11:57:40,291 - hardware.audio_interface - INFO - 开始检测唤醒词...
2025-08-05 11:57:45,358 - __main__ - INFO - 等待唤醒词...
2025-08-05 11:57:45,359 - hardware.audio_interface - INFO - 开始检测唤醒词...
2025-08-05 11:57:50,398 - __main__ - INFO - 等待唤醒词...
2025-08-05 11:57:50,399 - hardware.audio_interface - INFO - 开始检测唤醒词...
2025-08-05 11:57:55,440 - __main__ - INFO - 等待唤醒词...
2025-08-05 11:57:55,441 - hardware.audio_interface - INFO - 开始检测唤醒词...
2025-08-05 11:58:00,478 - __main__ - INFO - 等待唤醒词...
2025-08-05 11:58:00,480 - hardware.audio_interface - INFO - 开始检测唤醒词...
2025-08-05 11:58:05,543 - __main__ - INFO - 等待唤醒词...
2025-08-05 11:58:05,545 - hardware.audio_interface - INFO - 开始检测唤醒词...
2025-08-05 11:58:10,688 - __main__ - INFO - 等待唤醒词...
2025-08-05 11:58:10,690 - hardware.audio_interface - INFO - 开始检测唤醒词...
2025-08-05 11:58:15,795 - __main__ - INFO - 等待唤醒词...
2025-08-05 11:58:15,797 - hardware.audio_interface - INFO - 开始检测唤醒词...
2025-08-05 11:58:20,838 - __main__ - INFO - 等待唤醒词...
2025-08-05 11:58:20,839 - hardware.audio_interface - INFO - 开始检测唤醒词...
2025-08-05 11:58:25,876 - __main__ - INFO - 等待唤醒词...
2025-08-05 11:58:25,877 - hardware.audio_interface - INFO - 开始检测唤醒词...
2025-08-05 11:58:30,925 - __main__ - INFO - 等待唤醒词...
2025-08-05 11:58:30,927 - hardware.audio_interface - INFO - 开始检测唤醒词...
2025-08-05 11:58:35,935 - __main__ - INFO - 等待唤醒词...
2025-08-05 11:58:35,937 - hardware.audio_interface - INFO - 开始检测唤醒词...
2025-08-05 11:58:41,023 - __main__ - INFO - 等待唤醒词...
2025-08-05 11:58:41,024 - hardware.audio_interface - INFO - 开始检测唤醒词...
2025-08-05 11:58:46,081 - __main__ - INFO - 等待唤醒词...
2025-08-05 11:58:46,083 - hardware.audio_interface - INFO - 开始检测唤醒词...
2025-08-05 11:58:51,122 - __main__ - INFO - 等待唤醒词...
2025-08-05 11:58:51,123 - hardware.audio_interface - INFO - 开始检测唤醒词...
2025-08-05 11:58:56,125 - __main__ - INFO - 等待唤醒词...
2025-08-05 11:58:56,127 - hardware.audio_interface - INFO - 开始检测唤醒词...
2025-08-05 11:59:01,161 - __main__ - INFO - 等待唤醒词...
2025-08-05 11:59:01,162 - hardware.audio_interface - INFO - 开始检测唤醒词...
2025-08-05 11:59:06,202 - __main__ - INFO - 等待唤醒词...
2025-08-05 11:59:06,203 - hardware.audio_interface - INFO - 开始检测唤醒词...
2025-08-05 11:59:11,242 - __main__ - INFO - 等待唤醒词...
2025-08-05 11:59:11,243 - hardware.audio_interface - INFO - 开始检测唤醒词...
2025-08-05 11:59:16,282 - __main__ - INFO - 等待唤醒词...
2025-08-05 11:59:16,283 - hardware.audio_interface - INFO - 开始检测唤醒词...
2025-08-05 11:59:21,319 - __main__ - INFO - 等待唤醒词...
2025-08-05 11:59:21,321 - hardware.audio_interface - INFO - 开始检测唤醒词...
2025-08-05 11:59:26,360 - __main__ - INFO - 等待唤醒词...
2025-08-05 11:59:26,361 - hardware.audio_interface - INFO - 开始检测唤醒词...
2025-08-05 11:59:31,399 - __main__ - INFO - 等待唤醒词...
2025-08-05 11:59:31,401 - hardware.audio_interface - INFO - 开始检测唤醒词...
2025-08-05 11:59:36,439 - __main__ - INFO - 等待唤醒词...
2025-08-05 11:59:36,440 - hardware.audio_interface - INFO - 开始检测唤醒词...
2025-08-05 11:59:41,476 - __main__ - INFO - 等待唤醒词...
2025-08-05 11:59:41,478 - hardware.audio_interface - INFO - 开始检测唤醒词...
2025-08-05 11:59:46,516 - __main__ - INFO - 等待唤醒词...
2025-08-05 11:59:46,517 - hardware.audio_interface - INFO - 开始检测唤醒词...
2025-08-05 11:59:51,555 - __main__ - INFO - 等待唤醒词...
2025-08-05 11:59:51,556 - hardware.audio_interface - INFO - 开始检测唤醒词...
2025-08-05 11:59:56,610 - __main__ - INFO - 等待唤醒词...
2025-08-05 11:59:56,611 - hardware.audio_interface - INFO - 开始检测唤醒词...
2025-08-05 12:00:01,650 - __main__ - INFO - 等待唤醒词...
2025-08-05 12:00:01,651 - hardware.audio_interface - INFO - 开始检测唤醒词...
2025-08-05 12:00:06,686 - __main__ - INFO - 等待唤醒词...
2025-08-05 12:00:06,687 - hardware.audio_interface - INFO - 开始检测唤醒词...
2025-08-05 12:00:11,726 - __main__ - INFO - 等待唤醒词...
2025-08-05 12:00:11,727 - hardware.audio_interface - INFO - 开始检测唤醒词...
2025-08-05 12:00:16,764 - __main__ - INFO - 等待唤醒词...
2025-08-05 12:00:16,766 - hardware.audio_interface - INFO - 开始检测唤醒词...
2025-08-05 12:00:21,806 - __main__ - INFO - 等待唤醒词...
2025-08-05 12:00:21,807 - hardware.audio_interface - INFO - 开始检测唤醒词...
2025-08-05 12:00:26,844 - __main__ - INFO - 等待唤醒词...
2025-08-05 12:00:26,845 - hardware.audio_interface - INFO - 开始检测唤醒词...
2025-08-05 12:00:31,882 - __main__ - INFO - 等待唤醒词...
2025-08-05 12:00:31,883 - hardware.audio_interface - INFO - 开始检测唤醒词...
2025-08-05 12:00:36,920 - __main__ - INFO - 等待唤醒词...
2025-08-05 12:00:36,922 - hardware.audio_interface - INFO - 开始检测唤醒词...
2025-08-05 12:00:41,977 - __main__ - INFO - 等待唤醒词...
2025-08-05 12:00:41,979 - hardware.audio_interface - INFO - 开始检测唤醒词...
2025-08-05 12:00:47,034 - __main__ - INFO - 等待唤醒词...
2025-08-05 12:00:47,035 - hardware.audio_interface - INFO - 开始检测唤醒词...
2025-08-05 12:00:52,090 - __main__ - INFO - 等待唤醒词...
2025-08-05 12:00:52,091 - hardware.audio_interface - INFO - 开始检测唤醒词...
2025-08-05 12:00:57,125 - __main__ - INFO - 等待唤醒词...
2025-08-05 12:00:57,127 - hardware.audio_interface - INFO - 开始检测唤醒词...
2025-08-05 12:01:02,160 - __main__ - INFO - 等待唤醒词...
2025-08-05 12:01:02,161 - hardware.audio_interface - INFO - 开始检测唤醒词...
2025-08-05 12:01:07,196 - __main__ - INFO - 等待唤醒词...
2025-08-05 12:01:07,197 - hardware.audio_interface - INFO - 开始检测唤醒词...
2025-08-05 12:01:12,199 - __main__ - INFO - 等待唤醒词...
2025-08-05 12:01:12,200 - hardware.audio_interface - INFO - 开始检测唤醒词...
2025-08-05 12:01:17,238 - __main__ - INFO - 等待唤醒词...
2025-08-05 12:01:17,241 - hardware.audio_interface - INFO - 开始检测唤醒词...
2025-08-05 12:01:22,275 - __main__ - INFO - 等待唤醒词...
2025-08-05 12:01:22,276 - hardware.audio_interface - INFO - 开始检测唤醒词...
2025-08-05 12:01:27,310 - __main__ - INFO - 等待唤醒词...
2025-08-05 12:01:27,311 - hardware.audio_interface - INFO - 开始检测唤醒词...
2025-08-05 12:01:32,396 - __main__ - INFO - 等待唤醒词...
2025-08-05 12:01:32,398 - hardware.audio_interface - INFO - 开始检测唤醒词...
2025-08-05 12:01:37,405 - __main__ - INFO - 等待唤醒词...
2025-08-05 12:01:37,406 - hardware.audio_interface - INFO - 开始检测唤醒词...
2025-08-05 12:01:42,444 - __main__ - INFO - 等待唤醒词...
2025-08-05 12:01:42,446 - hardware.audio_interface - INFO - 开始检测唤醒词...
2025-08-05 12:01:47,480 - __main__ - INFO - 等待唤醒词...
2025-08-05 12:01:47,481 - hardware.audio_interface - INFO - 开始检测唤醒词...
2025-08-05 12:01:52,516 - __main__ - INFO - 等待唤醒词...
2025-08-05 12:01:52,517 - hardware.audio_interface - INFO - 开始检测唤醒词...
2025-08-05 12:01:57,600 - __main__ - INFO - 等待唤醒词...
2025-08-05 12:01:57,601 - hardware.audio_interface - INFO - 开始检测唤醒词...
2025-08-05 12:02:02,635 - __main__ - INFO - 等待唤醒词...
2025-08-05 12:02:02,636 - hardware.audio_interface - INFO - 开始检测唤醒词...
2025-08-05 12:02:07,721 - __main__ - INFO - 等待唤醒词...
2025-08-05 12:02:07,722 - hardware.audio_interface - INFO - 开始检测唤醒词...
2025-08-05 12:02:12,724 - __main__ - INFO - 等待唤醒词...
2025-08-05 12:02:12,726 - hardware.audio_interface - INFO - 开始检测唤醒词...
2025-08-05 12:02:17,761 - __main__ - INFO - 等待唤醒词...
2025-08-05 12:02:17,763 - hardware.audio_interface - INFO - 开始检测唤醒词...
2025-08-05 12:02:22,796 - __main__ - INFO - 等待唤醒词...
2025-08-05 12:02:22,798 - hardware.audio_interface - INFO - 开始检测唤醒词...
2025-08-05 12:02:27,887 - __main__ - INFO - 等待唤醒词...
2025-08-05 12:02:27,888 - hardware.audio_interface - INFO - 开始检测唤醒词...
2025-08-05 12:02:32,894 - __main__ - INFO - 等待唤醒词...
2025-08-05 12:02:32,896 - hardware.audio_interface - INFO - 开始检测唤醒词...
2025-08-05 12:02:37,987 - __main__ - INFO - 等待唤醒词...
2025-08-05 12:02:37,989 - hardware.audio_interface - INFO - 开始检测唤醒词...
2025-08-05 12:02:43,044 - __main__ - INFO - 等待唤醒词...
2025-08-05 12:02:43,046 - hardware.audio_interface - INFO - 开始检测唤醒词...
2025-08-05 12:02:48,084 - __main__ - INFO - 等待唤醒词...
2025-08-05 12:02:48,085 - hardware.audio_interface - INFO - 开始检测唤醒词...
2025-08-05 12:02:53,124 - __main__ - INFO - 等待唤醒词...
2025-08-05 12:02:53,125 - hardware.audio_interface - INFO - 开始检测唤醒词...
2025-08-05 12:02:58,164 - __main__ - INFO - 等待唤醒词...
2025-08-05 12:02:58,165 - hardware.audio_interface - INFO - 开始检测唤醒词...
2025-08-05 12:03:03,200 - __main__ - INFO - 等待唤醒词...
2025-08-05 12:03:03,201 - hardware.audio_interface - INFO - 开始检测唤醒词...
2025-08-05 12:03:08,237 - __main__ - INFO - 等待唤醒词...
2025-08-05 12:03:08,238 - hardware.audio_interface - INFO - 开始检测唤醒词...
2025-08-05 12:03:13,247 - __main__ - INFO - 等待唤醒词...
2025-08-05 12:03:13,249 - hardware.audio_interface - INFO - 开始检测唤醒词...
2025-08-05 12:03:18,287 - __main__ - INFO - 等待唤醒词...
2025-08-05 12:03:18,289 - hardware.audio_interface - INFO - 开始检测唤醒词...
2025-08-05 12:03:23,344 - __main__ - INFO - 等待唤醒词...
2025-08-05 12:03:23,346 - hardware.audio_interface - INFO - 开始检测唤醒词...
2025-08-05 12:03:28,381 - __main__ - INFO - 等待唤醒词...
2025-08-05 12:03:28,382 - hardware.audio_interface - INFO - 开始检测唤醒词...
2025-08-05 12:03:33,423 - __main__ - INFO - 等待唤醒词...
2025-08-05 12:03:33,425 - hardware.audio_interface - INFO - 开始检测唤醒词...
2025-08-05 12:03:38,462 - __main__ - INFO - 等待唤醒词...
2025-08-05 12:03:38,463 - hardware.audio_interface - INFO - 开始检测唤醒词...
2025-08-05 12:03:43,535 - __main__ - INFO - 等待唤醒词...
2025-08-05 12:03:43,536 - hardware.audio_interface - INFO - 开始检测唤醒词...
2025-08-05 12:03:48,622 - __main__ - INFO - 等待唤醒词...
2025-08-05 12:03:48,623 - hardware.audio_interface - INFO - 开始检测唤醒词...
2025-08-05 12:03:53,679 - __main__ - INFO - 等待唤醒词...
2025-08-05 12:03:53,680 - hardware.audio_interface - INFO - 开始检测唤醒词...
2025-08-05 12:03:58,716 - __main__ - INFO - 等待唤醒词...
2025-08-05 12:03:58,717 - hardware.audio_interface - INFO - 开始检测唤醒词...
2025-08-05 12:04:03,721 - __main__ - INFO - 等待唤醒词...
2025-08-05 12:04:03,722 - hardware.audio_interface - INFO - 开始检测唤醒词...
2025-08-05 12:04:08,757 - __main__ - INFO - 等待唤醒词...
2025-08-05 12:04:08,759 - hardware.audio_interface - INFO - 开始检测唤醒词...
2025-08-05 12:04:13,788 - __main__ - INFO - 等待唤醒词...
2025-08-05 12:04:13,789 - hardware.audio_interface - INFO - 开始检测唤醒词...
2025-08-05 12:04:18,801 - __main__ - INFO - 等待唤醒词...
2025-08-05 12:04:18,803 - hardware.audio_interface - INFO - 开始检测唤醒词...
2025-08-05 12:04:23,808 - __main__ - INFO - 等待唤醒词...
2025-08-05 12:04:23,810 - hardware.audio_interface - INFO - 开始检测唤醒词...
2025-08-05 12:04:28,843 - __main__ - INFO - 等待唤醒词...
2025-08-05 12:04:28,845 - hardware.audio_interface - INFO - 开始检测唤醒词...
2025-08-05 12:04:33,951 - __main__ - INFO - 等待唤醒词...
2025-08-05 12:04:33,952 - hardware.audio_interface - INFO - 开始检测唤醒词...
2025-08-05 12:04:38,990 - __main__ - INFO - 等待唤醒词...
2025-08-05 12:04:38,991 - hardware.audio_interface - INFO - 开始检测唤醒词...
2025-08-05 12:04:44,065 - __main__ - INFO - 等待唤醒词...
2025-08-05 12:04:44,067 - hardware.audio_interface - INFO - 开始检测唤醒词...
2025-08-05 12:04:49,070 - __main__ - INFO - 等待唤醒词...
2025-08-05 12:04:49,071 - hardware.audio_interface - INFO - 开始检测唤醒词...
2025-08-05 12:04:54,107 - __main__ - INFO - 等待唤醒词...
2025-08-05 12:04:54,109 - hardware.audio_interface - INFO - 开始检测唤醒词...
2025-08-05 12:04:59,146 - __main__ - INFO - 等待唤醒词...
2025-08-05 12:04:59,147 - hardware.audio_interface - INFO - 开始检测唤醒词...
2025-08-05 12:05:04,183 - __main__ - INFO - 等待唤醒词...
2025-08-05 12:05:04,184 - hardware.audio_interface - INFO - 开始检测唤醒词...
2025-08-05 12:05:09,238 - __main__ - INFO - 等待唤醒词...
2025-08-05 12:05:09,239 - hardware.audio_interface - INFO - 开始检测唤醒词...
2025-08-05 12:05:13,928 - apscheduler.executors.default - INFO - Running job "CleanupScheduler._cleanup_task (trigger: interval[0:10:00], next run at: 2025-08-05 12:15:13 CST)" (scheduled at 2025-08-05 12:05:13.928387+08:00)
2025-08-05 12:05:13,928 - utils.cleaner - INFO - 完成安全清理，共删除 0 个旧文件
2025-08-05 12:05:13,928 - apscheduler.executors.default - INFO - Job "CleanupScheduler._cleanup_task (trigger: interval[0:10:00], next run at: 2025-08-05 12:15:13 CST)" executed successfully
2025-08-05 12:05:14,277 - __main__ - INFO - 等待唤醒词...
2025-08-05 12:05:14,279 - hardware.audio_interface - INFO - 开始检测唤醒词...
2025-08-05 12:05:19,334 - __main__ - INFO - 等待唤醒词...
2025-08-05 12:05:19,335 - hardware.audio_interface - INFO - 开始检测唤醒词...
2025-08-05 12:05:24,372 - __main__ - INFO - 等待唤醒词...
2025-08-05 12:05:24,373 - hardware.audio_interface - INFO - 开始检测唤醒词...
2025-08-05 12:05:29,435 - __main__ - INFO - 等待唤醒词...
2025-08-05 12:05:29,436 - hardware.audio_interface - INFO - 开始检测唤醒词...
2025-08-05 12:05:34,445 - __main__ - INFO - 等待唤醒词...
2025-08-05 12:05:34,446 - hardware.audio_interface - INFO - 开始检测唤醒词...
2025-08-05 12:05:39,506 - __main__ - INFO - 等待唤醒词...
2025-08-05 12:05:39,508 - hardware.audio_interface - INFO - 开始检测唤醒词...
2025-08-05 12:05:44,568 - __main__ - INFO - 等待唤醒词...
2025-08-05 12:05:44,570 - hardware.audio_interface - INFO - 开始检测唤醒词...
2025-08-05 12:05:49,631 - __main__ - INFO - 等待唤醒词...
2025-08-05 12:05:49,633 - hardware.audio_interface - INFO - 开始检测唤醒词...
2025-08-05 12:05:54,694 - __main__ - INFO - 等待唤醒词...
2025-08-05 12:05:54,695 - hardware.audio_interface - INFO - 开始检测唤醒词...
2025-08-05 12:05:59,726 - __main__ - INFO - 等待唤醒词...
2025-08-05 12:05:59,727 - hardware.audio_interface - INFO - 开始检测唤醒词...
2025-08-05 12:06:04,822 - __main__ - INFO - 等待唤醒词...
2025-08-05 12:06:04,824 - hardware.audio_interface - INFO - 开始检测唤醒词...
2025-08-05 12:06:09,875 - __main__ - INFO - 等待唤醒词...
2025-08-05 12:06:09,876 - hardware.audio_interface - INFO - 开始检测唤醒词...
2025-08-05 12:06:14,916 - __main__ - INFO - 等待唤醒词...
2025-08-05 12:06:14,917 - hardware.audio_interface - INFO - 开始检测唤醒词...
2025-08-05 12:06:19,985 - __main__ - INFO - 等待唤醒词...
2025-08-05 12:06:19,987 - hardware.audio_interface - INFO - 开始检测唤醒词...
2025-08-05 12:06:25,025 - __main__ - INFO - 等待唤醒词...
2025-08-05 12:06:25,027 - hardware.audio_interface - INFO - 开始检测唤醒词...
2025-08-05 12:06:30,029 - __main__ - INFO - 等待唤醒词...
2025-08-05 12:06:30,030 - hardware.audio_interface - INFO - 开始检测唤醒词...
2025-08-05 12:06:35,068 - __main__ - INFO - 等待唤醒词...
2025-08-05 12:06:35,069 - hardware.audio_interface - INFO - 开始检测唤醒词...
2025-08-05 12:06:40,107 - __main__ - INFO - 等待唤醒词...
2025-08-05 12:06:40,108 - hardware.audio_interface - INFO - 开始检测唤醒词...
2025-08-05 12:06:45,172 - __main__ - INFO - 等待唤醒词...
2025-08-05 12:06:45,174 - hardware.audio_interface - INFO - 开始检测唤醒词...
2025-08-05 12:06:50,212 - __main__ - INFO - 等待唤醒词...
2025-08-05 12:06:50,213 - hardware.audio_interface - INFO - 开始检测唤醒词...
2025-08-05 12:06:55,268 - __main__ - INFO - 等待唤醒词...
2025-08-05 12:06:55,270 - hardware.audio_interface - INFO - 开始检测唤醒词...
2025-08-05 12:07:00,307 - __main__ - INFO - 等待唤醒词...
2025-08-05 12:07:00,309 - hardware.audio_interface - INFO - 开始检测唤醒词...
2025-08-05 12:07:05,366 - __main__ - INFO - 等待唤醒词...
2025-08-05 12:07:05,367 - hardware.audio_interface - INFO - 开始检测唤醒词...
2025-08-05 12:07:10,408 - __main__ - INFO - 等待唤醒词...
2025-08-05 12:07:10,410 - hardware.audio_interface - INFO - 开始检测唤醒词...
2025-08-05 12:07:15,447 - __main__ - INFO - 等待唤醒词...
2025-08-05 12:07:15,448 - hardware.audio_interface - INFO - 开始检测唤醒词...
2025-08-05 12:07:20,482 - __main__ - INFO - 等待唤醒词...
2025-08-05 12:07:20,484 - hardware.audio_interface - INFO - 开始检测唤醒词...
2025-08-05 12:07:25,519 - __main__ - INFO - 等待唤醒词...
2025-08-05 12:07:25,520 - hardware.audio_interface - INFO - 开始检测唤醒词...
2025-08-05 12:07:30,557 - __main__ - INFO - 等待唤醒词...
2025-08-05 12:07:30,559 - hardware.audio_interface - INFO - 开始检测唤醒词...
2025-08-05 12:07:35,615 - __main__ - INFO - 等待唤醒词...
2025-08-05 12:07:35,616 - hardware.audio_interface - INFO - 开始检测唤醒词...
2025-08-05 12:07:40,652 - __main__ - INFO - 等待唤醒词...
2025-08-05 12:07:40,654 - hardware.audio_interface - INFO - 开始检测唤醒词...
2025-08-05 12:07:45,708 - __main__ - INFO - 等待唤醒词...
2025-08-05 12:07:45,709 - hardware.audio_interface - INFO - 开始检测唤醒词...
2025-08-05 12:07:50,771 - __main__ - INFO - 等待唤醒词...
2025-08-05 12:07:50,772 - hardware.audio_interface - INFO - 开始检测唤醒词...
2025-08-05 12:07:55,859 - __main__ - INFO - 等待唤醒词...
2025-08-05 12:07:55,861 - hardware.audio_interface - INFO - 开始检测唤醒词...
2025-08-05 12:08:00,917 - __main__ - INFO - 等待唤醒词...
2025-08-05 12:08:00,918 - hardware.audio_interface - INFO - 开始检测唤醒词...
2025-08-05 12:08:05,953 - __main__ - INFO - 等待唤醒词...
2025-08-05 12:08:05,955 - hardware.audio_interface - INFO - 开始检测唤醒词...
2025-08-05 12:08:11,008 - __main__ - INFO - 等待唤醒词...
2025-08-05 12:08:11,010 - hardware.audio_interface - INFO - 开始检测唤醒词...
2025-08-05 12:08:16,047 - __main__ - INFO - 等待唤醒词...
2025-08-05 12:08:16,048 - hardware.audio_interface - INFO - 开始检测唤醒词...
2025-08-05 12:08:21,084 - __main__ - INFO - 等待唤醒词...
2025-08-05 12:08:21,085 - hardware.audio_interface - INFO - 开始检测唤醒词...
2025-08-05 12:08:26,121 - __main__ - INFO - 等待唤醒词...
2025-08-05 12:08:26,122 - hardware.audio_interface - INFO - 开始检测唤醒词...
2025-08-05 12:08:31,176 - __main__ - INFO - 等待唤醒词...
2025-08-05 12:08:31,178 - hardware.audio_interface - INFO - 开始检测唤醒词...
2025-08-05 12:08:36,214 - __main__ - INFO - 等待唤醒词...
2025-08-05 12:08:36,216 - hardware.audio_interface - INFO - 开始检测唤醒词...
2025-08-05 12:08:41,249 - __main__ - INFO - 等待唤醒词...
2025-08-05 12:08:41,251 - hardware.audio_interface - INFO - 开始检测唤醒词...
2025-08-05 12:08:46,286 - __main__ - INFO - 等待唤醒词...
2025-08-05 12:08:46,288 - hardware.audio_interface - INFO - 开始检测唤醒词...
2025-08-05 12:08:51,324 - __main__ - INFO - 等待唤醒词...
2025-08-05 12:08:51,326 - hardware.audio_interface - INFO - 开始检测唤醒词...
2025-08-05 12:08:56,364 - __main__ - INFO - 等待唤醒词...
2025-08-05 12:08:56,365 - hardware.audio_interface - INFO - 开始检测唤醒词...
2025-08-05 12:09:01,405 - __main__ - INFO - 等待唤醒词...
2025-08-05 12:09:01,407 - hardware.audio_interface - INFO - 开始检测唤醒词...
2025-08-05 12:09:06,443 - __main__ - INFO - 等待唤醒词...
2025-08-05 12:09:06,445 - hardware.audio_interface - INFO - 开始检测唤醒词...
2025-08-05 12:09:11,508 - __main__ - INFO - 等待唤醒词...
2025-08-05 12:09:11,509 - hardware.audio_interface - INFO - 开始检测唤醒词...
2025-08-05 12:09:16,541 - __main__ - INFO - 等待唤醒词...
2025-08-05 12:09:16,542 - hardware.audio_interface - INFO - 开始检测唤醒词...
2025-08-05 12:09:21,605 - __main__ - INFO - 等待唤醒词...
2025-08-05 12:09:21,606 - hardware.audio_interface - INFO - 开始检测唤醒词...
2025-08-05 12:09:26,663 - __main__ - INFO - 等待唤醒词...
2025-08-05 12:09:26,665 - hardware.audio_interface - INFO - 开始检测唤醒词...
2025-08-05 12:09:31,698 - __main__ - INFO - 等待唤醒词...
2025-08-05 12:09:31,699 - hardware.audio_interface - INFO - 开始检测唤醒词...
2025-08-05 12:09:36,755 - __main__ - INFO - 等待唤醒词...
2025-08-05 12:09:36,756 - hardware.audio_interface - INFO - 开始检测唤醒词...
2025-08-05 12:09:41,813 - __main__ - INFO - 等待唤醒词...
2025-08-05 12:09:41,815 - hardware.audio_interface - INFO - 开始检测唤醒词...
2025-08-05 12:09:46,868 - __main__ - INFO - 等待唤醒词...
2025-08-05 12:09:46,869 - hardware.audio_interface - INFO - 开始检测唤醒词...
2025-08-05 12:09:51,907 - __main__ - INFO - 等待唤醒词...
2025-08-05 12:09:51,910 - hardware.audio_interface - INFO - 开始检测唤醒词...
2025-08-05 12:09:56,945 - __main__ - INFO - 等待唤醒词...
2025-08-05 12:09:56,947 - hardware.audio_interface - INFO - 开始检测唤醒词...
2025-08-05 12:10:01,983 - __main__ - INFO - 等待唤醒词...
2025-08-05 12:10:01,985 - hardware.audio_interface - INFO - 开始检测唤醒词...
2025-08-05 12:10:07,023 - __main__ - INFO - 等待唤醒词...
2025-08-05 12:10:07,025 - hardware.audio_interface - INFO - 开始检测唤醒词...
2025-08-05 12:10:12,062 - __main__ - INFO - 等待唤醒词...
2025-08-05 12:10:12,063 - hardware.audio_interface - INFO - 开始检测唤醒词...
2025-08-05 12:10:17,113 - __main__ - INFO - 等待唤醒词...
2025-08-05 12:10:17,115 - hardware.audio_interface - INFO - 开始检测唤醒词...
2025-08-05 12:10:22,179 - __main__ - INFO - 等待唤醒词...
2025-08-05 12:10:22,180 - hardware.audio_interface - INFO - 开始检测唤醒词...
2025-08-05 12:10:27,190 - __main__ - INFO - 等待唤醒词...
2025-08-05 12:10:27,191 - hardware.audio_interface - INFO - 开始检测唤醒词...
2025-08-05 12:10:32,281 - __main__ - INFO - 等待唤醒词...
2025-08-05 12:10:32,283 - hardware.audio_interface - INFO - 开始检测唤醒词...
2025-08-05 12:10:37,320 - __main__ - INFO - 等待唤醒词...
2025-08-05 12:10:37,322 - hardware.audio_interface - INFO - 开始检测唤醒词...
2025-08-05 12:10:42,412 - __main__ - INFO - 等待唤醒词...
2025-08-05 12:10:42,414 - hardware.audio_interface - INFO - 开始检测唤醒词...
2025-08-05 12:10:47,454 - __main__ - INFO - 等待唤醒词...
2025-08-05 12:10:47,457 - hardware.audio_interface - INFO - 开始检测唤醒词...
2025-08-05 12:10:52,491 - __main__ - INFO - 等待唤醒词...
2025-08-05 12:10:52,492 - hardware.audio_interface - INFO - 开始检测唤醒词...
2025-08-05 12:10:57,531 - __main__ - INFO - 等待唤醒词...
2025-08-05 12:10:57,533 - hardware.audio_interface - INFO - 开始检测唤醒词...
2025-08-05 12:11:02,568 - __main__ - INFO - 等待唤醒词...
2025-08-05 12:11:02,569 - hardware.audio_interface - INFO - 开始检测唤醒词...
2025-08-05 12:11:07,622 - __main__ - INFO - 等待唤醒词...
2025-08-05 12:11:07,624 - hardware.audio_interface - INFO - 开始检测唤醒词...
2025-08-05 12:11:12,668 - __main__ - INFO - 等待唤醒词...
2025-08-05 12:11:12,670 - hardware.audio_interface - INFO - 开始检测唤醒词...
2025-08-05 12:11:17,672 - __main__ - INFO - 等待唤醒词...
2025-08-05 12:11:17,673 - hardware.audio_interface - INFO - 开始检测唤醒词...
2025-08-05 12:11:22,709 - __main__ - INFO - 等待唤醒词...
2025-08-05 12:11:22,711 - hardware.audio_interface - INFO - 开始检测唤醒词...
2025-08-05 12:11:27,773 - __main__ - INFO - 等待唤醒词...
2025-08-05 12:11:27,774 - hardware.audio_interface - INFO - 开始检测唤醒词...
2025-08-05 12:11:32,781 - __main__ - INFO - 等待唤醒词...
2025-08-05 12:11:32,783 - hardware.audio_interface - INFO - 开始检测唤醒词...
2025-08-05 12:11:37,789 - __main__ - INFO - 等待唤醒词...
2025-08-05 12:11:37,791 - hardware.audio_interface - INFO - 开始检测唤醒词...
2025-08-05 12:11:42,877 - __main__ - INFO - 等待唤醒词...
2025-08-05 12:11:42,878 - hardware.audio_interface - INFO - 开始检测唤醒词...
2025-08-05 12:11:47,916 - __main__ - INFO - 等待唤醒词...
2025-08-05 12:11:47,917 - hardware.audio_interface - INFO - 开始检测唤醒词...
2025-08-05 12:11:52,954 - __main__ - INFO - 等待唤醒词...
2025-08-05 12:11:52,955 - hardware.audio_interface - INFO - 开始检测唤醒词...
2025-08-05 12:11:57,992 - __main__ - INFO - 等待唤醒词...
2025-08-05 12:11:57,993 - hardware.audio_interface - INFO - 开始检测唤醒词...
2025-08-05 12:12:03,032 - __main__ - INFO - 等待唤醒词...
2025-08-05 12:12:03,034 - hardware.audio_interface - INFO - 开始检测唤醒词...
2025-08-05 12:12:08,069 - __main__ - INFO - 等待唤醒词...
2025-08-05 12:12:08,070 - hardware.audio_interface - INFO - 开始检测唤醒词...
2025-08-05 12:12:13,162 - __main__ - INFO - 等待唤醒词...
2025-08-05 12:12:13,164 - hardware.audio_interface - INFO - 开始检测唤醒词...
2025-08-05 12:12:18,198 - __main__ - INFO - 等待唤醒词...
2025-08-05 12:12:18,200 - hardware.audio_interface - INFO - 开始检测唤醒词...
2025-08-05 12:12:23,236 - __main__ - INFO - 等待唤醒词...
2025-08-05 12:12:23,237 - hardware.audio_interface - INFO - 开始检测唤醒词...
2025-08-05 12:12:28,292 - __main__ - INFO - 等待唤醒词...
2025-08-05 12:12:28,294 - hardware.audio_interface - INFO - 开始检测唤醒词...
2025-08-05 12:12:33,343 - __main__ - INFO - 等待唤醒词...
2025-08-05 12:12:33,345 - hardware.audio_interface - INFO - 开始检测唤醒词...
2025-08-05 12:12:38,348 - __main__ - INFO - 等待唤醒词...
2025-08-05 12:12:38,349 - hardware.audio_interface - INFO - 开始检测唤醒词...
2025-08-05 12:12:43,385 - __main__ - INFO - 等待唤醒词...
2025-08-05 12:12:43,386 - hardware.audio_interface - INFO - 开始检测唤醒词...
2025-08-05 12:12:48,424 - __main__ - INFO - 等待唤醒词...
2025-08-05 12:12:48,426 - hardware.audio_interface - INFO - 开始检测唤醒词...
2025-08-05 12:12:53,480 - __main__ - INFO - 等待唤醒词...
2025-08-05 12:12:53,481 - hardware.audio_interface - INFO - 开始检测唤醒词...
2025-08-05 12:12:58,527 - __main__ - INFO - 等待唤醒词...
2025-08-05 12:12:58,528 - hardware.audio_interface - INFO - 开始检测唤醒词...
2025-08-05 12:13:03,530 - __main__ - INFO - 等待唤醒词...
2025-08-05 12:13:03,532 - hardware.audio_interface - INFO - 开始检测唤醒词...
2025-08-05 12:13:08,568 - __main__ - INFO - 等待唤醒词...
2025-08-05 12:13:08,571 - hardware.audio_interface - INFO - 开始检测唤醒词...
2025-08-05 12:13:13,623 - __main__ - INFO - 等待唤醒词...
2025-08-05 12:13:13,625 - hardware.audio_interface - INFO - 开始检测唤醒词...
2025-08-05 12:13:18,661 - __main__ - INFO - 等待唤醒词...
2025-08-05 12:13:18,662 - hardware.audio_interface - INFO - 开始检测唤醒词...
2025-08-05 12:13:23,696 - __main__ - INFO - 等待唤醒词...
2025-08-05 12:13:23,697 - hardware.audio_interface - INFO - 开始检测唤醒词...
2025-08-05 12:13:28,737 - __main__ - INFO - 等待唤醒词...
2025-08-05 12:13:28,739 - hardware.audio_interface - INFO - 开始检测唤醒词...
2025-08-05 12:13:33,798 - __main__ - INFO - 等待唤醒词...
2025-08-05 12:13:33,800 - hardware.audio_interface - INFO - 开始检测唤醒词...
2025-08-05 12:13:38,852 - __main__ - INFO - 等待唤醒词...
2025-08-05 12:13:38,853 - hardware.audio_interface - INFO - 开始检测唤醒词...
2025-08-05 12:13:43,890 - __main__ - INFO - 等待唤醒词...
2025-08-05 12:13:43,891 - hardware.audio_interface - INFO - 开始检测唤醒词...
2025-08-05 12:13:48,926 - __main__ - INFO - 等待唤醒词...
2025-08-05 12:13:48,927 - hardware.audio_interface - INFO - 开始检测唤醒词...
2025-08-05 12:13:53,957 - __main__ - INFO - 等待唤醒词...
2025-08-05 12:13:53,958 - hardware.audio_interface - INFO - 开始检测唤醒词...
2025-08-05 12:13:59,044 - __main__ - INFO - 等待唤醒词...
2025-08-05 12:13:59,045 - hardware.audio_interface - INFO - 开始检测唤醒词...
2025-08-05 12:14:04,133 - __main__ - INFO - 等待唤醒词...
2025-08-05 12:14:04,134 - hardware.audio_interface - INFO - 开始检测唤醒词...
2025-08-05 12:14:09,189 - __main__ - INFO - 等待唤醒词...
2025-08-05 12:14:09,190 - hardware.audio_interface - INFO - 开始检测唤醒词...
2025-08-05 12:14:14,245 - __main__ - INFO - 等待唤醒词...
2025-08-05 12:14:14,246 - hardware.audio_interface - INFO - 开始检测唤醒词...
2025-08-05 12:14:19,314 - __main__ - INFO - 等待唤醒词...
2025-08-05 12:14:19,315 - hardware.audio_interface - INFO - 开始检测唤醒词...
2025-08-05 12:14:24,322 - __main__ - INFO - 等待唤醒词...
2025-08-05 12:14:24,323 - hardware.audio_interface - INFO - 开始检测唤醒词...
2025-08-05 12:14:29,356 - __main__ - INFO - 等待唤醒词...
2025-08-05 12:14:29,357 - hardware.audio_interface - INFO - 开始检测唤醒词...
2025-08-05 12:14:34,442 - __main__ - INFO - 等待唤醒词...
2025-08-05 12:14:34,443 - hardware.audio_interface - INFO - 开始检测唤醒词...
2025-08-05 12:14:39,473 - __main__ - INFO - 等待唤醒词...
2025-08-05 12:14:39,474 - hardware.audio_interface - INFO - 开始检测唤醒词...
2025-08-05 12:14:44,508 - __main__ - INFO - 等待唤醒词...
2025-08-05 12:14:44,509 - hardware.audio_interface - INFO - 开始检测唤醒词...
2025-08-05 12:14:49,592 - __main__ - INFO - 等待唤醒词...
2025-08-05 12:14:49,593 - hardware.audio_interface - INFO - 开始检测唤醒词...
2025-08-05 12:14:54,602 - __main__ - INFO - 等待唤醒词...
2025-08-05 12:14:54,603 - hardware.audio_interface - INFO - 开始检测唤醒词...
2025-08-05 12:14:59,612 - __main__ - INFO - 等待唤醒词...
2025-08-05 12:14:59,613 - hardware.audio_interface - INFO - 开始检测唤醒词...
2025-08-05 12:15:04,675 - __main__ - INFO - 等待唤醒词...
2025-08-05 12:15:04,677 - hardware.audio_interface - INFO - 开始检测唤醒词...
2025-08-05 12:15:09,732 - __main__ - INFO - 等待唤醒词...
2025-08-05 12:15:09,733 - hardware.audio_interface - INFO - 开始检测唤醒词...
2025-08-05 12:15:13,928 - apscheduler.executors.default - INFO - Running job "CleanupScheduler._cleanup_task (trigger: interval[0:10:00], next run at: 2025-08-05 12:25:13 CST)" (scheduled at 2025-08-05 12:15:13.928387+08:00)
2025-08-05 12:15:13,928 - utils.cleaner - INFO - 完成安全清理，共删除 0 个旧文件
2025-08-05 12:15:13,928 - apscheduler.executors.default - INFO - Job "CleanupScheduler._cleanup_task (trigger: interval[0:10:00], next run at: 2025-08-05 12:25:13 CST)" executed successfully
2025-08-05 12:15:14,769 - __main__ - INFO - 等待唤醒词...
2025-08-05 12:15:14,770 - hardware.audio_interface - INFO - 开始检测唤醒词...
2025-08-05 12:15:19,805 - __main__ - INFO - 等待唤醒词...
2025-08-05 12:15:19,806 - hardware.audio_interface - INFO - 开始检测唤醒词...
2025-08-05 12:15:24,843 - __main__ - INFO - 等待唤醒词...
2025-08-05 12:15:24,844 - hardware.audio_interface - INFO - 开始检测唤醒词...
2025-08-05 12:15:29,881 - __main__ - INFO - 等待唤醒词...
2025-08-05 12:15:29,882 - hardware.audio_interface - INFO - 开始检测唤醒词...
2025-08-05 12:15:34,937 - __main__ - INFO - 等待唤醒词...
2025-08-05 12:15:34,938 - hardware.audio_interface - INFO - 开始检测唤醒词...
2025-08-05 12:15:39,976 - __main__ - INFO - 等待唤醒词...
2025-08-05 12:15:39,977 - hardware.audio_interface - INFO - 开始检测唤醒词...
2025-08-05 12:15:45,014 - __main__ - INFO - 等待唤醒词...
2025-08-05 12:15:45,016 - hardware.audio_interface - INFO - 开始检测唤醒词...
2025-08-05 12:15:50,050 - __main__ - INFO - 等待唤醒词...
2025-08-05 12:15:50,052 - hardware.audio_interface - INFO - 开始检测唤醒词...
2025-08-05 12:15:55,088 - __main__ - INFO - 等待唤醒词...
2025-08-05 12:15:55,090 - hardware.audio_interface - INFO - 开始检测唤醒词...
2025-08-05 12:16:00,097 - __main__ - INFO - 等待唤醒词...
2025-08-05 12:16:00,100 - hardware.audio_interface - INFO - 开始检测唤醒词...
2025-08-05 12:16:05,166 - __main__ - INFO - 等待唤醒词...
2025-08-05 12:16:05,167 - hardware.audio_interface - INFO - 开始检测唤醒词...
2025-08-05 12:16:10,258 - __main__ - INFO - 等待唤醒词...
2025-08-05 12:16:10,260 - hardware.audio_interface - INFO - 开始检测唤醒词...
2025-08-05 12:16:15,298 - __main__ - INFO - 等待唤醒词...
2025-08-05 12:16:15,300 - hardware.audio_interface - INFO - 开始检测唤醒词...
2025-08-05 12:16:20,341 - __main__ - INFO - 等待唤醒词...
2025-08-05 12:16:20,343 - hardware.audio_interface - INFO - 开始检测唤醒词...
2025-08-05 12:16:25,380 - __main__ - INFO - 等待唤醒词...
2025-08-05 12:16:25,382 - hardware.audio_interface - INFO - 开始检测唤醒词...
2025-08-05 12:16:30,422 - __main__ - INFO - 等待唤醒词...
2025-08-05 12:16:30,424 - hardware.audio_interface - INFO - 开始检测唤醒词...
2025-08-05 12:16:35,483 - __main__ - INFO - 等待唤醒词...
2025-08-05 12:16:35,485 - hardware.audio_interface - INFO - 开始检测唤醒词...
2025-08-05 12:16:40,547 - __main__ - INFO - 等待唤醒词...
2025-08-05 12:16:40,548 - hardware.audio_interface - INFO - 开始检测唤醒词...
2025-08-05 12:16:45,556 - __main__ - INFO - 等待唤醒词...
2025-08-05 12:16:45,558 - hardware.audio_interface - INFO - 开始检测唤醒词...
2025-08-05 12:16:50,564 - __main__ - INFO - 等待唤醒词...
2025-08-05 12:16:50,566 - hardware.audio_interface - INFO - 开始检测唤醒词...
2025-08-05 12:16:55,627 - __main__ - INFO - 等待唤醒词...
2025-08-05 12:16:55,628 - hardware.audio_interface - INFO - 开始检测唤醒词...
2025-08-05 12:17:00,665 - __main__ - INFO - 等待唤醒词...
2025-08-05 12:17:00,666 - hardware.audio_interface - INFO - 开始检测唤醒词...
2025-08-05 12:17:05,703 - __main__ - INFO - 等待唤醒词...
2025-08-05 12:17:05,704 - hardware.audio_interface - INFO - 开始检测唤醒词...
2025-08-05 12:17:10,742 - __main__ - INFO - 等待唤醒词...
2025-08-05 12:17:10,743 - hardware.audio_interface - INFO - 开始检测唤醒词...
2025-08-05 12:17:15,779 - __main__ - INFO - 等待唤醒词...
2025-08-05 12:17:15,781 - hardware.audio_interface - INFO - 开始检测唤醒词...
2025-08-05 12:17:20,820 - __main__ - INFO - 等待唤醒词...
2025-08-05 12:17:20,822 - hardware.audio_interface - INFO - 开始检测唤醒词...
2025-08-05 12:17:25,881 - __main__ - INFO - 等待唤醒词...
2025-08-05 12:17:25,883 - hardware.audio_interface - INFO - 开始检测唤醒词...
2025-08-05 12:17:30,938 - __main__ - INFO - 等待唤醒词...
2025-08-05 12:17:30,939 - hardware.audio_interface - INFO - 开始检测唤醒词...
2025-08-05 12:17:35,956 - __main__ - INFO - 等待唤醒词...
2025-08-05 12:17:35,957 - hardware.audio_interface - INFO - 开始检测唤醒词...
2025-08-05 12:17:41,063 - __main__ - INFO - 等待唤醒词...
2025-08-05 12:17:41,064 - hardware.audio_interface - INFO - 开始检测唤醒词...
2025-08-05 12:17:46,101 - __main__ - INFO - 等待唤醒词...
2025-08-05 12:17:46,102 - hardware.audio_interface - INFO - 开始检测唤醒词...
2025-08-05 12:17:51,139 - __main__ - INFO - 等待唤醒词...
2025-08-05 12:17:51,141 - hardware.audio_interface - INFO - 开始检测唤醒词...
2025-08-05 12:17:56,175 - __main__ - INFO - 等待唤醒词...
2025-08-05 12:17:56,176 - hardware.audio_interface - INFO - 开始检测唤醒词...
2025-08-05 12:18:01,220 - __main__ - INFO - 等待唤醒词...
2025-08-05 12:18:01,221 - hardware.audio_interface - INFO - 开始检测唤醒词...
2025-08-05 12:18:06,259 - __main__ - INFO - 等待唤醒词...
2025-08-05 12:18:06,262 - hardware.audio_interface - INFO - 开始检测唤醒词...
2025-08-05 12:18:11,297 - __main__ - INFO - 等待唤醒词...
2025-08-05 12:18:11,298 - hardware.audio_interface - INFO - 开始检测唤醒词...
2025-08-05 12:18:16,336 - __main__ - INFO - 等待唤醒词...
2025-08-05 12:18:16,338 - hardware.audio_interface - INFO - 开始检测唤醒词...
2025-08-05 12:18:21,371 - __main__ - INFO - 等待唤醒词...
2025-08-05 12:18:21,372 - hardware.audio_interface - INFO - 开始检测唤醒词...
2025-08-05 12:18:26,410 - __main__ - INFO - 等待唤醒词...
2025-08-05 12:18:26,411 - hardware.audio_interface - INFO - 开始检测唤醒词...
2025-08-05 12:18:31,478 - __main__ - INFO - 等待唤醒词...
2025-08-05 12:18:31,479 - hardware.audio_interface - INFO - 开始检测唤醒词...
唤醒词...
2025-08-05 12:10:24,423 - hardware.audio_interface - INFO - 开始检测唤醒词...
2025-08-05 12:10:29,432 - __main__ - INFO - 等待唤醒词...
2025-08-05 12:10:29,433 - hardware.audio_interface - INFO - 开始检测唤醒词...
2025-08-05 12:10:34,473 - __main__ - INFO - 等待唤醒词...
2025-08-05 12:10:34,474 - hardware.audio_interface - INFO - 开始检测唤醒词...
2025-08-05 12:10:39,564 - __main__ - INFO - 等待唤醒词...
2025-08-05 12:10:39,566 - hardware.audio_interface - INFO - 开始检测唤醒词...
2025-08-05 12:10:44,603 - __main__ - INFO - 等待唤醒词...
2025-08-05 12:10:44,605 - hardware.audio_interface - INFO - 开始检测唤醒词...
2025-08-05 12:10:49,644 - __main__ - INFO - 等待唤醒词...
2025-08-05 12:10:49,645 - hardware.audio_interface - INFO - 开始检测唤醒词...
2025-08-05 12:10:54,682 - __main__ - INFO - 等待唤醒词...
2025-08-05 12:10:54,683 - hardware.audio_interface - INFO - 开始检测唤醒词...
2025-08-05 12:10:59,720 - __main__ - INFO - 等待唤醒词...
2025-08-05 12:10:59,721 - hardware.audio_interface - INFO - 开始检测唤醒词...
2025-08-05 12:11:04,759 - __main__ - INFO - 等待唤醒词...
2025-08-05 12:11:04,760 - hardware.audio_interface - INFO - 开始检测唤醒词...
2025-08-05 12:11:09,849 - __main__ - INFO - 等待唤醒词...
2025-08-05 12:11:09,851 - hardware.audio_interface - INFO - 开始检测唤醒词...
2025-08-05 12:11:14,923 - __main__ - INFO - 等待唤醒词...
2025-08-05 12:11:14,924 - hardware.audio_interface - INFO - 开始检测唤醒词...
2025-08-05 12:11:19,967 - __main__ - INFO - 等待唤醒词...
2025-08-05 12:11:19,968 - hardware.audio_interface - INFO - 开始检测唤醒词...
2025-08-05 12:11:25,004 - __main__ - INFO - 等待唤醒词...
2025-08-05 12:11:25,006 - hardware.audio_interface - INFO - 开始检测唤醒词...
2025-08-05 12:11:30,013 - __main__ - INFO - 等待唤醒词...
2025-08-05 12:11:30,015 - hardware.audio_interface - INFO - 开始检测唤醒词...
2025-08-05 12:11:35,021 - __main__ - INFO - 等待唤醒词...
2025-08-05 12:11:35,023 - hardware.audio_interface - INFO - 开始检测唤醒词...
2025-08-05 12:11:40,031 - __main__ - INFO - 等待唤醒词...
2025-08-05 12:11:40,033 - hardware.audio_interface - INFO - 开始检测唤醒词...
2025-08-05 12:11:45,068 - __main__ - INFO - 等待唤醒词...
2025-08-05 12:11:45,069 - hardware.audio_interface - INFO - 开始检测唤醒词...
2025-08-05 12:11:50,104 - __main__ - INFO - 等待唤醒词...
2025-08-05 12:11:50,106 - hardware.audio_interface - INFO - 开始检测唤醒词...
2025-08-05 12:11:55,143 - __main__ - INFO - 等待唤醒词...
2025-08-05 12:11:55,145 - hardware.audio_interface - INFO - 开始检测唤醒词...
2025-08-05 12:12:00,183 - __main__ - INFO - 等待唤醒词...
2025-08-05 12:12:00,185 - hardware.audio_interface - INFO - 开始检测唤醒词...
2025-08-05 12:12:05,221 - __main__ - INFO - 等待唤醒词...
2025-08-05 12:12:05,223 - hardware.audio_interface - INFO - 开始检测唤醒词...
2025-08-05 12:12:10,315 - __main__ - INFO - 等待唤醒词...
2025-08-05 12:12:10,317 - hardware.audio_interface - INFO - 开始检测唤醒词...
2025-08-05 12:12:15,351 - __main__ - INFO - 等待唤醒词...
2025-08-05 12:12:15,352 - hardware.audio_interface - INFO - 开始检测唤醒词...
2025-08-05 12:12:20,388 - __main__ - INFO - 等待唤醒词...
2025-08-05 12:12:20,390 - hardware.audio_interface - INFO - 开始检测唤醒词...
2025-08-05 12:12:25,424 - __main__ - INFO - 等待唤醒词...
2025-08-05 12:12:25,425 - hardware.audio_interface - INFO - 开始检测唤醒词...
2025-08-05 12:12:30,470 - __main__ - INFO - 等待唤醒词...
2025-08-05 12:12:30,471 - hardware.audio_interface - INFO - 开始检测唤醒词...
2025-08-05 12:12:35,546 - __main__ - INFO - 等待唤醒词...
2025-08-05 12:12:35,547 - hardware.audio_interface - INFO - 开始检测唤醒词...
2025-08-05 12:12:40,644 - __main__ - INFO - 等待唤醒词...
2025-08-05 12:12:40,645 - hardware.audio_interface - INFO - 开始检测唤醒词...
2025-08-05 12:12:45,682 - __main__ - INFO - 等待唤醒词...
2025-08-05 12:12:45,684 - hardware.audio_interface - INFO - 开始检测唤醒词...
2025-08-05 12:12:50,720 - __main__ - INFO - 等待唤醒词...
2025-08-05 12:12:50,721 - hardware.audio_interface - INFO - 开始检测唤醒词...
2025-08-05 12:12:55,758 - __main__ - INFO - 等待唤醒词...
2025-08-05 12:12:55,760 - hardware.audio_interface - INFO - 开始检测唤醒词...
2025-08-05 12:13:00,785 - __main__ - INFO - 等待唤醒词...
2025-08-05 12:13:00,786 - hardware.audio_interface - INFO - 开始检测唤醒词...
2025-08-05 12:13:05,826 - __main__ - INFO - 等待唤醒词...
2025-08-05 12:13:05,827 - hardware.audio_interface - INFO - 开始检测唤醒词...
2025-08-05 12:13:10,864 - __main__ - INFO - 等待唤醒词...
2025-08-05 12:13:10,865 - hardware.audio_interface - INFO - 开始检测唤醒词...
2025-08-05 12:13:15,919 - __main__ - INFO - 等待唤醒词...
2025-08-05 12:13:15,920 - hardware.audio_interface - INFO - 开始检测唤醒词...
2025-08-05 12:13:20,956 - __main__ - INFO - 等待唤醒词...
2025-08-05 12:13:20,957 - hardware.audio_interface - INFO - 开始检测唤醒词...
2025-08-05 12:13:25,995 - __main__ - INFO - 等待唤醒词...
2025-08-05 12:13:25,996 - hardware.audio_interface - INFO - 开始检测唤醒词...
2025-08-05 12:13:31,031 - __main__ - INFO - 等待唤醒词...
2025-08-05 12:13:31,033 - hardware.audio_interface - INFO - 开始检测唤醒词...
2025-08-05 12:13:36,099 - __main__ - INFO - 等待唤醒词...
2025-08-05 12:13:36,100 - hardware.audio_interface - INFO - 开始检测唤醒词...
2025-08-05 12:13:41,149 - __main__ - INFO - 等待唤醒词...
2025-08-05 12:13:41,150 - hardware.audio_interface - INFO - 开始检测唤醒词...
2025-08-05 12:13:46,158 - __main__ - INFO - 等待唤醒词...
2025-08-05 12:13:46,159 - hardware.audio_interface - INFO - 开始检测唤醒词...
2025-08-05 12:13:51,189 - __main__ - INFO - 等待唤醒词...
2025-08-05 12:13:51,191 - hardware.audio_interface - INFO - 开始检测唤醒词...
2025-08-05 12:13:56,225 - __main__ - INFO - 等待唤醒词...
2025-08-05 12:13:56,226 - hardware.audio_interface - INFO - 开始检测唤醒词...
2025-08-05 12:14:01,312 - __main__ - INFO - 等待唤醒词...
2025-08-05 12:14:01,314 - hardware.audio_interface - INFO - 开始检测唤醒词...
2025-08-05 12:14:06,395 - __main__ - INFO - 等待唤醒词...
2025-08-05 12:14:06,396 - hardware.audio_interface - INFO - 开始检测唤醒词...
2025-08-05 12:14:11,485 - __main__ - INFO - 等待唤醒词...
2025-08-05 12:14:11,486 - hardware.audio_interface - INFO - 开始检测唤醒词...
2025-08-05 12:14:16,540 - __main__ - INFO - 等待唤醒词...
2025-08-05 12:14:16,542 - hardware.audio_interface - INFO - 开始检测唤醒词...
2025-08-05 12:14:21,555 - __main__ - INFO - 等待唤醒词...
2025-08-05 12:14:21,556 - hardware.audio_interface - INFO - 开始检测唤醒词...
2025-08-05 12:14:26,589 - __main__ - INFO - 等待唤醒词...
2025-08-05 12:14:26,590 - hardware.audio_interface - INFO - 开始检测唤醒词...
2025-08-05 12:14:31,676 - __main__ - INFO - 等待唤醒词...
2025-08-05 12:14:31,677 - hardware.audio_interface - INFO - 开始检测唤醒词...
2025-08-05 12:14:36,706 - __main__ - INFO - 等待唤醒词...
2025-08-05 12:14:36,707 - hardware.audio_interface - INFO - 开始检测唤醒词...
2025-08-05 12:14:41,741 - __main__ - INFO - 等待唤醒词...
2025-08-05 12:14:41,742 - hardware.audio_interface - INFO - 开始检测唤醒词...
2025-08-05 12:14:46,825 - __main__ - INFO - 等待唤醒词...
2025-08-05 12:14:46,826 - hardware.audio_interface - INFO - 开始检测唤醒词...
2025-08-05 12:14:51,835 - __main__ - INFO - 等待唤醒词...
2025-08-05 12:14:51,836 - hardware.audio_interface - INFO - 开始检测唤醒词...
2025-08-05 12:14:56,844 - __main__ - INFO - 等待唤醒词...
2025-08-05 12:14:56,845 - hardware.audio_interface - INFO - 开始检测唤醒词...
2025-08-05 12:15:01,906 - __main__ - INFO - 等待唤醒词...
2025-08-05 12:15:01,907 - hardware.audio_interface - INFO - 开始检测唤醒词...
2025-08-05 12:15:06,936 - __main__ - INFO - 等待唤醒词...
2025-08-05 12:15:06,937 - hardware.audio_interface - INFO - 开始检测唤醒词...
2025-08-05 12:15:12,027 - __main__ - INFO - 等待唤醒词...
2025-08-05 12:15:12,029 - hardware.audio_interface - INFO - 开始检测唤醒词...
2025-08-05 12:15:17,064 - __main__ - INFO - 等待唤醒词...
2025-08-05 12:15:17,066 - hardware.audio_interface - INFO - 开始检测唤醒词...
2025-08-05 12:15:22,102 - __main__ - INFO - 等待唤醒词...
2025-08-05 12:15:22,103 - hardware.audio_interface - INFO - 开始检测唤醒词...
2025-08-05 12:15:27,139 - __main__ - INFO - 等待唤醒词...
2025-08-05 12:15:27,140 - hardware.audio_interface - INFO - 开始检测唤醒词...
2025-08-05 12:15:32,175 - __main__ - INFO - 等待唤醒词...
2025-08-05 12:15:32,176 - hardware.audio_interface - INFO - 开始检测唤醒词...
2025-08-05 12:15:37,235 - __main__ - INFO - 等待唤醒词...
2025-08-05 12:15:37,237 - hardware.audio_interface - INFO - 开始检测唤醒词...
2025-08-05 12:15:42,274 - __main__ - INFO - 等待唤醒词...
2025-08-05 12:15:42,275 - hardware.audio_interface - INFO - 开始检测唤醒词...
2025-08-05 12:15:47,282 - __main__ - INFO - 等待唤醒词...
2025-08-05 12:15:47,284 - hardware.audio_interface - INFO - 开始检测唤醒词...
2025-08-05 12:15:52,315 - __main__ - INFO - 等待唤醒词...
2025-08-05 12:15:52,316 - hardware.audio_interface - INFO - 开始检测唤醒词...
2025-08-05 12:15:57,330 - __main__ - INFO - 等待唤醒词...
2025-08-05 12:15:57,331 - hardware.audio_interface - INFO - 开始检测唤醒词...
2025-08-05 12:16:02,414 - __main__ - INFO - 等待唤醒词...
2025-08-05 12:16:02,416 - hardware.audio_interface - INFO - 开始检测唤醒词...
2025-08-05 12:16:07,516 - __main__ - INFO - 等待唤醒词...
2025-08-05 12:16:07,518 - hardware.audio_interface - INFO - 开始检测唤醒词...
2025-08-05 12:16:12,556 - __main__ - INFO - 等待唤醒词...
2025-08-05 12:16:12,557 - hardware.audio_interface - INFO - 开始检测唤醒词...
2025-08-05 12:16:17,594 - __main__ - INFO - 等待唤醒词...
2025-08-05 12:16:17,596 - hardware.audio_interface - INFO - 开始检测唤醒词...
2025-08-05 12:16:22,636 - __main__ - INFO - 等待唤醒词...
2025-08-05 12:16:22,638 - hardware.audio_interface - INFO - 开始检测唤醒词...
2025-08-05 12:16:27,676 - __main__ - INFO - 等待唤醒词...
2025-08-05 12:16:27,678 - hardware.audio_interface - INFO - 开始检测唤醒词...
2025-08-05 12:16:32,717 - __main__ - INFO - 等待唤醒词...
2025-08-05 12:16:32,718 - hardware.audio_interface - INFO - 开始检测唤醒词...
2025-08-05 12:16:37,779 - __main__ - INFO - 等待唤醒词...
2025-08-05 12:16:37,780 - hardware.audio_interface - INFO - 开始检测唤醒词...
2025-08-05 12:16:42,472 - apscheduler.executors.default - INFO - Running job "CleanupScheduler._cleanup_task (trigger: interval[0:10:00], next run at: 2025-08-05 12:26:42 CST)" (scheduled at 2025-08-05 12:16:42.472693+08:00)
2025-08-05 12:16:42,473 - utils.cleaner - INFO - 完成安全清理，共删除 0 个旧文件
2025-08-05 12:16:42,473 - apscheduler.executors.default - INFO - Job "CleanupScheduler._cleanup_task (trigger: interval[0:10:00], next run at: 2025-08-05 12:26:42 CST)" executed successfully
2025-08-05 12:16:42,789 - __main__ - INFO - 等待唤醒词...
2025-08-05 12:16:42,791 - hardware.audio_interface - INFO - 开始检测唤醒词...
2025-08-05 12:16:47,797 - __main__ - INFO - 等待唤醒词...
2025-08-05 12:16:47,799 - hardware.audio_interface - INFO - 开始检测唤醒词...
2025-08-05 12:16:52,830 - __main__ - INFO - 等待唤醒词...
2025-08-05 12:16:52,832 - hardware.audio_interface - INFO - 开始检测唤醒词...
2025-08-05 12:16:57,922 - __main__ - INFO - 等待唤醒词...
2025-08-05 12:16:57,923 - hardware.audio_interface - INFO - 开始检测唤醒词...
2025-08-05 12:17:02,960 - __main__ - INFO - 等待唤醒词...
2025-08-05 12:17:02,961 - hardware.audio_interface - INFO - 开始检测唤醒词...
2025-08-05 12:17:08,000 - __main__ - INFO - 等待唤醒词...
2025-08-05 12:17:08,001 - hardware.audio_interface - INFO - 开始检测唤醒词...
2025-08-05 12:17:13,038 - __main__ - INFO - 等待唤醒词...
2025-08-05 12:17:13,040 - hardware.audio_interface - INFO - 开始检测唤醒词...
2025-08-05 12:17:18,077 - __main__ - INFO - 等待唤醒词...
2025-08-05 12:17:18,079 - hardware.audio_interface - INFO - 开始检测唤醒词...
2025-08-05 12:17:23,114 - __main__ - INFO - 等待唤醒词...
2025-08-05 12:17:23,115 - hardware.audio_interface - INFO - 开始检测唤醒词...
2025-08-05 12:17:28,183 - __main__ - INFO - 等待唤醒词...
2025-08-05 12:17:28,184 - hardware.audio_interface - INFO - 开始检测唤醒词...
2025-08-05 12:17:33,285 - __main__ - INFO - 等待唤醒词...
2025-08-05 12:17:33,287 - hardware.audio_interface - INFO - 开始检测唤醒词...
2025-08-05 12:17:38,322 - __main__ - INFO - 等待唤醒词...
2025-08-05 12:17:38,323 - hardware.audio_interface - INFO - 开始检测唤醒词...
2025-08-05 12:17:43,359 - __main__ - INFO - 等待唤醒词...
2025-08-05 12:17:43,360 - hardware.audio_interface - INFO - 开始检测唤醒词...
2025-08-05 12:17:48,396 - __main__ - INFO - 等待唤醒词...
2025-08-05 12:17:48,398 - hardware.audio_interface - INFO - 开始检测唤醒词...
2025-08-05 12:17:53,434 - __main__ - INFO - 等待唤醒词...
2025-08-05 12:17:53,435 - hardware.audio_interface - INFO - 开始检测唤醒词...
2025-08-05 12:17:58,473 - __main__ - INFO - 等待唤醒词...
2025-08-05 12:17:58,474 - hardware.audio_interface - INFO - 开始检测唤醒词...
2025-08-05 12:18:03,518 - __main__ - INFO - 等待唤醒词...
2025-08-05 12:18:03,519 - hardware.audio_interface - INFO - 开始检测唤醒词...
2025-08-05 12:18:08,556 - __main__ - INFO - 等待唤醒词...
2025-08-05 12:18:08,557 - hardware.audio_interface - INFO - 开始检测唤醒词...
2025-08-05 12:18:13,594 - __main__ - INFO - 等待唤醒词...
2025-08-05 12:18:13,596 - hardware.audio_interface - INFO - 开始检测唤醒词...
2025-08-05 12:18:18,630 - __main__ - INFO - 等待唤醒词...
2025-08-05 12:18:18,631 - hardware.audio_interface - INFO - 开始检测唤醒词...
2025-08-05 12:18:23,668 - __main__ - INFO - 等待唤醒词...
2025-08-05 12:18:23,670 - hardware.audio_interface - INFO - 开始检测唤醒词...
2025-08-05 12:18:28,705 - __main__ - INFO - 等待唤醒词...
2025-08-05 12:18:28,707 - hardware.audio_interface - INFO - 开始检测唤醒词...
2025-08-05 12:18:33,773 - __main__ - INFO - 等待唤醒词...
2025-08-05 12:18:33,774 - hardware.audio_interface - INFO - 开始检测唤醒词...
ors.default - INFO - Job "CleanupScheduler._cleanup_task (trigger: interval[0:10:00], next run at: 2025-08-05 11:24:37 CST)" executed successfully
2025-08-05 11:14:40,784 - __main__ - INFO - 等待唤醒词...
2025-08-05 11:14:40,786 - hardware.audio_interface - INFO - 开始检测唤醒词...
2025-08-05 11:14:45,835 - __main__ - INFO - 等待唤醒词...
2025-08-05 11:14:45,836 - hardware.audio_interface - INFO - 开始检测唤醒词...
2025-08-05 11:14:50,872 - __main__ - INFO - 等待唤醒词...
2025-08-05 11:14:50,873 - hardware.audio_interface - INFO - 开始检测唤醒词...
2025-08-05 11:14:55,929 - __main__ - INFO - 等待唤醒词...
2025-08-05 11:14:55,930 - hardware.audio_interface - INFO - 开始检测唤醒词...
2025-08-05 11:15:00,968 - __main__ - INFO - 等待唤醒词...
2025-08-05 11:15:00,970 - hardware.audio_interface - INFO - 开始检测唤醒词...
2025-08-05 11:15:06,006 - __main__ - INFO - 等待唤醒词...
2025-08-05 11:15:06,007 - hardware.audio_interface - INFO - 开始检测唤醒词...
2025-08-05 11:15:11,044 - __main__ - INFO - 等待唤醒词...
2025-08-05 11:15:11,046 - hardware.audio_interface - INFO - 开始检测唤醒词...
2025-08-05 11:15:16,083 - __main__ - INFO - 等待唤醒词...
2025-08-05 11:15:16,085 - hardware.audio_interface - INFO - 开始检测唤醒词...
2025-08-05 11:15:21,120 - __main__ - INFO - 等待唤醒词...
2025-08-05 11:15:21,121 - hardware.audio_interface - INFO - 开始检测唤醒词...
2025-08-05 11:15:26,161 - __main__ - INFO - 等待唤醒词...
2025-08-05 11:15:26,163 - hardware.audio_interface - INFO - 开始检测唤醒词...
2025-08-05 11:15:31,202 - __main__ - INFO - 等待唤醒词...
2025-08-05 11:15:31,204 - hardware.audio_interface - INFO - 开始检测唤醒词...
2025-08-05 11:15:36,242 - __main__ - INFO - 等待唤醒词...
2025-08-05 11:15:36,244 - hardware.audio_interface - INFO - 开始检测唤醒词...
2025-08-05 11:15:41,281 - __main__ - INFO - 等待唤醒词...
2025-08-05 11:15:41,283 - hardware.audio_interface - INFO - 开始检测唤醒词...
2025-08-05 11:15:46,327 - __main__ - INFO - 等待唤醒词...
2025-08-05 11:15:46,328 - hardware.audio_interface - INFO - 开始检测唤醒词...
2025-08-05 11:15:51,368 - __main__ - INFO - 等待唤醒词...
2025-08-05 11:15:51,369 - hardware.audio_interface - INFO - 开始检测唤醒词...
2025-08-05 11:15:56,407 - __main__ - INFO - 等待唤醒词...
2025-08-05 11:15:56,408 - hardware.audio_interface - INFO - 开始检测唤醒词...
2025-08-05 11:16:01,473 - __main__ - INFO - 等待唤醒词...
2025-08-05 11:16:01,474 - hardware.audio_interface - INFO - 开始检测唤醒词...
2025-08-05 11:16:06,524 - __main__ - INFO - 等待唤醒词...
2025-08-05 11:16:06,525 - hardware.audio_interface - INFO - 开始检测唤醒词...
2025-08-05 11:16:11,563 - __main__ - INFO - 等待唤醒词...
2025-08-05 11:16:11,565 - hardware.audio_interface - INFO - 开始检测唤醒词...
2025-08-05 11:16:16,597 - __main__ - INFO - 等待唤醒词...
2025-08-05 11:16:16,598 - hardware.audio_interface - INFO - 开始检测唤醒词...
2025-08-05 11:16:21,606 - __main__ - INFO - 等待唤醒词...
2025-08-05 11:16:21,608 - hardware.audio_interface - INFO - 开始检测唤醒词...
2025-08-05 11:16:26,647 - __main__ - INFO - 等待唤醒词...
2025-08-05 11:16:26,649 - hardware.audio_interface - INFO - 开始检测唤醒词...
2025-08-05 11:16:31,693 - __main__ - INFO - 等待唤醒词...
2025-08-05 11:16:31,695 - hardware.audio_interface - INFO - 开始检测唤醒词...
2025-08-05 11:16:36,794 - __main__ - INFO - 等待唤醒词...
2025-08-05 11:16:36,796 - hardware.audio_interface - INFO - 开始检测唤醒词...
2025-08-05 11:16:41,836 - __main__ - INFO - 等待唤醒词...
2025-08-05 11:16:41,837 - hardware.audio_interface - INFO - 开始检测唤醒词...
2025-08-05 11:16:46,871 - __main__ - INFO - 等待唤醒词...
2025-08-05 11:16:46,872 - hardware.audio_interface - INFO - 开始检测唤醒词...
2025-08-05 11:16:51,879 - __main__ - INFO - 等待唤醒词...
2025-08-05 11:16:51,880 - hardware.audio_interface - INFO - 开始检测唤醒词...
2025-08-05 11:16:56,966 - __main__ - INFO - 等待唤醒词...
2025-08-05 11:16:56,967 - hardware.audio_interface - INFO - 开始检测唤醒词...
2025-08-05 11:17:02,030 - __main__ - INFO - 等待唤醒词...
2025-08-05 11:17:02,032 - hardware.audio_interface - INFO - 开始检测唤醒词...
2025-08-05 11:17:07,040 - __main__ - INFO - 等待唤醒词...
2025-08-05 11:17:07,041 - hardware.audio_interface - INFO - 开始检测唤醒词...
2025-08-05 11:17:12,048 - __main__ - INFO - 等待唤醒词...
2025-08-05 11:17:12,050 - hardware.audio_interface - INFO - 开始检测唤醒词...
2025-08-05 11:17:17,107 - __main__ - INFO - 等待唤醒词...
2025-08-05 11:17:17,108 - hardware.audio_interface - INFO - 开始检测唤醒词...
2025-08-05 11:17:22,143 - __main__ - INFO - 等待唤醒词...
2025-08-05 11:17:22,146 - hardware.audio_interface - INFO - 开始检测唤醒词...
2025-08-05 11:17:27,183 - __main__ - INFO - 等待唤醒词...
2025-08-05 11:17:27,184 - hardware.audio_interface - INFO - 开始检测唤醒词...
2025-08-05 11:17:32,222 - __main__ - INFO - 等待唤醒词...
2025-08-05 11:17:32,223 - hardware.audio_interface - INFO - 开始检测唤醒词...
2025-08-05 11:17:37,270 - __main__ - INFO - 等待唤醒词...
2025-08-05 11:17:37,272 - hardware.audio_interface - INFO - 开始检测唤醒词...
2025-08-05 11:17:42,314 - __main__ - INFO - 等待唤醒词...
2025-08-05 11:17:42,316 - hardware.audio_interface - INFO - 开始检测唤醒词...
2025-08-05 11:17:47,353 - __main__ - INFO - 等待唤醒词...
2025-08-05 11:17:47,354 - hardware.audio_interface - INFO - 开始检测唤醒词...
2025-08-05 11:17:52,414 - __main__ - INFO - 等待唤醒词...
2025-08-05 11:17:52,417 - hardware.audio_interface - INFO - 开始检测唤醒词...
2025-08-05 11:17:57,478 - __main__ - INFO - 等待唤醒词...
2025-08-05 11:17:57,479 - hardware.audio_interface - INFO - 开始检测唤醒词...
2025-08-05 11:18:02,562 - __main__ - INFO - 等待唤醒词...
2025-08-05 11:18:02,563 - hardware.audio_interface - INFO - 开始检测唤醒词...
2025-08-05 11:18:07,598 - __main__ - INFO - 等待唤醒词...
2025-08-05 11:18:07,599 - hardware.audio_interface - INFO - 开始检测唤醒词...
2025-08-05 11:18:12,682 - __main__ - INFO - 等待唤醒词...
2025-08-05 11:18:12,683 - hardware.audio_interface - INFO - 开始检测唤醒词...
2025-08-05 11:18:17,719 - __main__ - INFO - 等待唤醒词...
2025-08-05 11:18:17,720 - hardware.audio_interface - INFO - 开始检测唤醒词...
2025-08-05 11:18:22,779 - __main__ - INFO - 等待唤醒词...
2025-08-05 11:18:22,780 - hardware.audio_interface - INFO - 开始检测唤醒词...
2025-08-05 11:18:27,841 - __main__ - INFO - 等待唤醒词...
2025-08-05 11:18:27,842 - hardware.audio_interface - INFO - 开始检测唤醒词...
2025-08-05 11:18:32,926 - __main__ - INFO - 等待唤醒词...
2025-08-05 11:18:32,927 - hardware.audio_interface - INFO - 开始检测唤醒词...
2025-08-05 11:18:37,971 - __main__ - INFO - 等待唤醒词...
2025-08-05 11:18:37,973 - hardware.audio_interface - INFO - 开始检测唤醒词...
2025-08-05 11:18:43,011 - __main__ - INFO - 等待唤醒词...
2025-08-05 11:18:43,013 - hardware.audio_interface - INFO - 开始检测唤醒词...
2025-08-05 11:18:48,048 - __main__ - INFO - 等待唤醒词...
2025-08-05 11:18:48,050 - hardware.audio_interface - INFO - 开始检测唤醒词...
2025-08-05 11:18:53,087 - __main__ - INFO - 等待唤醒词...
2025-08-05 11:18:53,088 - hardware.audio_interface - INFO - 开始检测唤醒词...
2025-08-05 11:18:58,124 - __main__ - INFO - 等待唤醒词...
2025-08-05 11:18:58,125 - hardware.audio_interface - INFO - 开始检测唤醒词...
2025-08-05 11:19:03,169 - __main__ - INFO - 等待唤醒词...
2025-08-05 11:19:03,170 - hardware.audio_interface - INFO - 开始检测唤醒词...
2025-08-05 11:19:08,208 - __main__ - INFO - 等待唤醒词...
2025-08-05 11:19:08,210 - hardware.audio_interface - INFO - 开始检测唤醒词...
2025-08-05 11:19:13,246 - __main__ - INFO - 等待唤醒词...
2025-08-05 11:19:13,247 - hardware.audio_interface - INFO - 开始检测唤醒词...
2025-08-05 11:19:18,310 - __main__ - INFO - 等待唤醒词...
2025-08-05 11:19:18,312 - hardware.audio_interface - INFO - 开始检测唤醒词...
2025-08-05 11:19:23,350 - __main__ - INFO - 等待唤醒词...
2025-08-05 11:19:23,352 - hardware.audio_interface - INFO - 开始检测唤醒词...
2025-08-05 11:19:28,390 - __main__ - INFO - 等待唤醒词...
2025-08-05 11:19:28,391 - hardware.audio_interface - INFO - 开始检测唤醒词...
2025-08-05 11:19:33,490 - __main__ - INFO - 等待唤醒词...
2025-08-05 11:19:33,491 - hardware.audio_interface - INFO - 开始检测唤醒词...
2025-08-05 11:19:38,528 - __main__ - INFO - 等待唤醒词...
2025-08-05 11:19:38,529 - hardware.audio_interface - INFO - 开始检测唤醒词...
2025-08-05 11:19:43,607 - __main__ - INFO - 等待唤醒词...
2025-08-05 11:19:43,608 - hardware.audio_interface - INFO - 开始检测唤醒词...
2025-08-05 11:19:48,699 - __main__ - INFO - 等待唤醒词...
2025-08-05 11:19:48,700 - hardware.audio_interface - INFO - 开始检测唤醒词...
2025-08-05 11:19:53,738 - __main__ - INFO - 等待唤醒词...
2025-08-05 11:19:53,740 - hardware.audio_interface - INFO - 开始检测唤醒词...
2025-08-05 11:19:58,838 - __main__ - INFO - 等待唤醒词...
2025-08-05 11:19:58,839 - hardware.audio_interface - INFO - 开始检测唤醒词...
2025-08-05 11:20:03,874 - __main__ - INFO - 等待唤醒词...
2025-08-05 11:20:03,876 - hardware.audio_interface - INFO - 开始检测唤醒词...
2025-08-05 11:20:08,958 - __main__ - INFO - 等待唤醒词...
2025-08-05 11:20:08,959 - hardware.audio_interface - INFO - 开始检测唤醒词...
2025-08-05 11:20:13,997 - __main__ - INFO - 等待唤醒词...
2025-08-05 11:20:13,998 - hardware.audio_interface - INFO - 开始检测唤醒词...
2025-08-05 11:20:19,032 - __main__ - INFO - 等待唤醒词...
2025-08-05 11:20:19,034 - hardware.audio_interface - INFO - 开始检测唤醒词...
2025-08-05 11:20:24,094 - __main__ - INFO - 等待唤醒词...
2025-08-05 11:20:24,096 - hardware.audio_interface - INFO - 开始检测唤醒词...
2025-08-05 11:20:29,102 - __main__ - INFO - 等待唤醒词...
2025-08-05 11:20:29,104 - hardware.audio_interface - INFO - 开始检测唤醒词...
2025-08-05 11:20:34,164 - __main__ - INFO - 等待唤醒词...
2025-08-05 11:20:34,165 - hardware.audio_interface - INFO - 开始检测唤醒词...
2025-08-05 11:20:39,224 - __main__ - INFO - 等待唤醒词...
2025-08-05 11:20:39,225 - hardware.audio_interface - INFO - 开始检测唤醒词...
2025-08-05 11:20:44,286 - __main__ - INFO - 等待唤醒词...
2025-08-05 11:20:44,287 - hardware.audio_interface - INFO - 开始检测唤醒词...
2025-08-05 11:20:49,374 - __main__ - INFO - 等待唤醒词...
2025-08-05 11:20:49,375 - hardware.audio_interface - INFO - 开始检测唤醒词...
2025-08-05 11:20:54,457 - __main__ - INFO - 等待唤醒词...
2025-08-05 11:20:54,458 - hardware.audio_interface - INFO - 开始检测唤醒词...
2025-08-05 11:20:59,520 - __main__ - INFO - 等待唤醒词...
2025-08-05 11:20:59,521 - hardware.audio_interface - INFO - 开始检测唤醒词...
2025-08-05 11:21:04,604 - __main__ - INFO - 等待唤醒词...
2025-08-05 11:21:04,606 - hardware.audio_interface - INFO - 开始检测唤醒词...
2025-08-05 11:21:09,693 - __main__ - INFO - 等待唤醒词...
2025-08-05 11:21:09,694 - hardware.audio_interface - INFO - 开始检测唤醒词...
2025-08-05 11:21:14,730 - __main__ - INFO - 等待唤醒词...
2025-08-05 11:21:14,731 - hardware.audio_interface - INFO - 开始检测唤醒词...
2025-08-05 11:21:19,748 - __main__ - INFO - 等待唤醒词...
2025-08-05 11:21:19,749 - hardware.audio_interface - INFO - 开始检测唤醒词...
2025-08-05 11:21:24,782 - __main__ - INFO - 等待唤醒词...
2025-08-05 11:21:24,783 - hardware.audio_interface - INFO - 开始检测唤醒词...
2025-08-05 11:21:29,844 - __main__ - INFO - 等待唤醒词...
2025-08-05 11:21:29,845 - hardware.audio_interface - INFO - 开始检测唤醒词...
2025-08-05 11:21:34,929 - __main__ - INFO - 等待唤醒词...
2025-08-05 11:21:34,930 - hardware.audio_interface - INFO - 开始检测唤醒词...
2025-08-05 11:21:39,969 - __main__ - INFO - 等待唤醒词...
2025-08-05 11:21:39,970 - hardware.audio_interface - INFO - 开始检测唤醒词...
2025-08-05 11:21:45,059 - __main__ - INFO - 等待唤醒词...
2025-08-05 11:21:45,060 - hardware.audio_interface - INFO - 开始检测唤醒词...
2025-08-05 11:21:50,142 - __main__ - INFO - 等待唤醒词...
2025-08-05 11:21:50,143 - hardware.audio_interface - INFO - 开始检测唤醒词...
2025-08-05 11:21:55,178 - __main__ - INFO - 等待唤醒词...
2025-08-05 11:21:55,179 - hardware.audio_interface - INFO - 开始检测唤醒词...
2025-08-05 11:22:00,261 - __main__ - INFO - 等待唤醒词...
2025-08-05 11:22:00,262 - hardware.audio_interface - INFO - 开始检测唤醒词...
2025-08-05 11:22:05,352 - __main__ - INFO - 等待唤醒词...
2025-08-05 11:22:05,353 - hardware.audio_interface - INFO - 开始检测唤醒词...
2025-08-05 11:22:10,414 - __main__ - INFO - 等待唤醒词...
2025-08-05 11:22:10,415 - hardware.audio_interface - INFO - 开始检测唤醒词...
2025-08-05 11:22:15,448 - __main__ - INFO - 等待唤醒词...
2025-08-05 11:22:15,449 - hardware.audio_interface - INFO - 开始检测唤醒词...
2025-08-05 11:22:20,500 - __main__ - INFO - 等待唤醒词...
2025-08-05 11:22:20,501 - hardware.audio_interface - INFO - 开始检测唤醒词...
2025-08-05 11:22:25,551 - __main__ - INFO - 等待唤醒词...
2025-08-05 11:22:25,552 - hardware.audio_interface - INFO - 开始检测唤醒词...
2025-08-05 11:22:30,560 - __main__ - INFO - 等待唤醒词...
2025-08-05 11:22:30,561 - hardware.audio_interface - INFO - 开始检测唤醒词...
2025-08-05 11:22:35,566 - __main__ - INFO - 等待唤醒词...
2025-08-05 11:22:35,568 - hardware.audio_interface - INFO - 开始检测唤醒词...
2025-08-05 11:22:40,602 - __main__ - INFO - 等待唤醒词...
2025-08-05 11:22:40,603 - hardware.audio_interface - INFO - 开始检测唤醒词...
2025-08-05 11:22:45,686 - __main__ - INFO - 等待唤醒词...
2025-08-05 11:22:45,688 - hardware.audio_interface - INFO - 开始检测唤醒词...
2025-08-05 11:22:50,774 - __main__ - INFO - 等待唤醒词...
2025-08-05 11:22:50,775 - hardware.audio_interface - INFO - 开始检测唤醒词...
2025-08-05 11:22:55,874 - __main__ - INFO - 等待唤醒词...
2025-08-05 11:22:55,875 - hardware.audio_interface - INFO - 开始检测唤醒词...
2025-08-05 11:23:00,943 - __main__ - INFO - 等待唤醒词...
2025-08-05 11:23:00,944 - hardware.audio_interface - INFO - 开始检测唤醒词...
2025-08-05 11:23:05,992 - __main__ - INFO - 等待唤醒词...
2025-08-05 11:23:05,993 - hardware.audio_interface - INFO - 开始检测唤醒词...
2025-08-05 11:23:11,026 - __main__ - INFO - 等待唤醒词...
2025-08-05 11:23:11,028 - hardware.audio_interface - INFO - 开始检测唤醒词...
2025-08-05 11:23:16,065 - __main__ - INFO - 等待唤醒词...
2025-08-05 11:23:16,066 - hardware.audio_interface - INFO - 开始检测唤醒词...
2025-08-05 11:23:21,102 - __main__ - INFO - 等待唤醒词...
2025-08-05 11:23:21,103 - hardware.audio_interface - INFO - 开始检测唤醒词...
2025-08-05 11:23:26,147 - __main__ - INFO - 等待唤醒词...
2025-08-05 11:23:26,149 - hardware.audio_interface - INFO - 开始检测唤醒词...
2025-08-05 11:23:31,155 - __main__ - INFO - 等待唤醒词...
2025-08-05 11:23:31,156 - hardware.audio_interface - INFO - 开始检测唤醒词...
2025-08-05 11:23:36,218 - __main__ - INFO - 等待唤醒词...
2025-08-05 11:23:36,220 - hardware.audio_interface - INFO - 开始检测唤醒词...
2025-08-05 11:23:41,308 - __main__ - INFO - 等待唤醒词...
2025-08-05 11:23:41,309 - hardware.audio_interface - INFO - 开始检测唤醒词...
2025-08-05 11:23:46,344 - __main__ - INFO - 等待唤醒词...
2025-08-05 11:23:46,345 - hardware.audio_interface - INFO - 开始检测唤醒词...
2025-08-05 11:23:51,401 - __main__ - INFO - 等待唤醒词...
2025-08-05 11:23:51,403 - hardware.audio_interface - INFO - 开始检测唤醒词...
2025-08-05 11:23:56,437 - __main__ - INFO - 等待唤醒词...
2025-08-05 11:23:56,439 - hardware.audio_interface - INFO - 开始检测唤醒词...
2025-08-05 11:24:01,496 - __main__ - INFO - 等待唤醒词...
2025-08-05 11:24:01,497 - hardware.audio_interface - INFO - 开始检测唤醒词...
2025-08-05 11:24:06,550 - __main__ - INFO - 等待唤醒词...
2025-08-05 11:24:06,552 - hardware.audio_interface - INFO - 开始检测唤醒词...
2025-08-05 11:24:11,610 - __main__ - INFO - 等待唤醒词...
2025-08-05 11:24:11,611 - hardware.audio_interface - INFO - 开始检测唤醒词...
2025-08-05 11:24:16,626 - __main__ - INFO - 等待唤醒词...
2025-08-05 11:24:16,627 - hardware.audio_interface - INFO - 开始检测唤醒词...
2025-08-05 11:24:21,676 - __main__ - INFO - 等待唤醒词...
2025-08-05 11:24:21,677 - hardware.audio_interface - INFO - 开始检测唤醒词...
2025-08-05 11:24:26,733 - __main__ - INFO - 等待唤醒词...
2025-08-05 11:24:26,735 - hardware.audio_interface - INFO - 开始检测唤醒词...
2025-08-05 11:24:31,769 - __main__ - INFO - 等待唤醒词...
2025-08-05 11:24:31,771 - hardware.audio_interface - INFO - 开始检测唤醒词...
2025-08-05 11:24:36,810 - __main__ - INFO - 等待唤醒词...
2025-08-05 11:24:36,811 - hardware.audio_interface - INFO - 开始检测唤醒词...
2025-08-05 11:24:37,314 - apscheduler.executors.default - INFO - Running job "CleanupScheduler._cleanup_task (trigger: interval[0:10:00], next run at: 2025-08-05 11:34:37 CST)" (scheduled at 2025-08-05 11:24:37.314147+08:00)
2025-08-05 11:24:37,314 - utils.cleaner - INFO - 完成安全清理，共删除 0 个旧文件
2025-08-05 11:24:37,314 - apscheduler.executors.default - INFO - Job "CleanupScheduler._cleanup_task (trigger: interval[0:10:00], next run at: 2025-08-05 11:34:37 CST)" executed successfully
2025-08-05 11:24:41,848 - __main__ - INFO - 等待唤醒词...
2025-08-05 11:24:41,849 - hardware.audio_interface - INFO - 开始检测唤醒词...
2025-08-05 11:24:46,887 - __main__ - INFO - 等待唤醒词...
2025-08-05 11:24:46,888 - hardware.audio_interface - INFO - 开始检测唤醒词...
2025-08-05 11:24:51,924 - __main__ - INFO - 等待唤醒词...
2025-08-05 11:24:51,925 - hardware.audio_interface - INFO - 开始检测唤醒词...
2025-08-05 11:24:56,982 - __main__ - INFO - 等待唤醒词...
2025-08-05 11:24:56,984 - hardware.audio_interface - INFO - 开始检测唤醒词...
2025-08-05 11:25:02,071 - __main__ - INFO - 等待唤醒词...
2025-08-05 11:25:02,072 - hardware.audio_interface - INFO - 开始检测唤醒词...
2025-08-05 11:25:07,108 - __main__ - INFO - 等待唤醒词...
2025-08-05 11:25:07,109 - hardware.audio_interface - INFO - 开始检测唤醒词...
2025-08-05 11:25:12,144 - __main__ - INFO - 等待唤醒词...
2025-08-05 11:25:12,145 - hardware.audio_interface - INFO - 开始检测唤醒词...
2025-08-05 11:25:17,206 - __main__ - INFO - 等待唤醒词...
2025-08-05 11:25:17,207 - hardware.audio_interface - INFO - 开始检测唤醒词...
2025-08-05 11:25:22,245 - __main__ - INFO - 等待唤醒词...
2025-08-05 11:25:22,246 - hardware.audio_interface - INFO - 开始检测唤醒词...
2025-08-05 11:25:27,285 - __main__ - INFO - 等待唤醒词...
2025-08-05 11:25:27,286 - hardware.audio_interface - INFO - 开始检测唤醒词...
2025-08-05 11:25:32,323 - __main__ - INFO - 等待唤醒词...
2025-08-05 11:25:32,324 - hardware.audio_interface - INFO - 开始检测唤醒词...
2025-08-05 11:25:37,359 - __main__ - INFO - 等待唤醒词...
2025-08-05 11:25:37,360 - hardware.audio_interface - INFO - 开始检测唤醒词...
2025-08-05 11:25:42,366 - __main__ - INFO - 等待唤醒词...
2025-08-05 11:25:42,367 - hardware.audio_interface - INFO - 开始检测唤醒词...
2025-08-05 11:25:47,465 - __main__ - INFO - 等待唤醒词...
2025-08-05 11:25:47,467 - hardware.audio_interface - INFO - 开始检测唤醒词...
2025-08-05 11:25:52,481 - __main__ - INFO - 等待唤醒词...
2025-08-05 11:25:52,482 - hardware.audio_interface - INFO - 开始检测唤醒词...
2025-08-05 11:25:57,581 - __main__ - INFO - 等待唤醒词...
2025-08-05 11:25:57,584 - hardware.audio_interface - INFO - 开始检测唤醒词...
2025-08-05 11:26:02,622 - __main__ - INFO - 等待唤醒词...
2025-08-05 11:26:02,624 - hardware.audio_interface - INFO - 开始检测唤醒词...
2025-08-05 11:26:07,660 - __main__ - INFO - 等待唤醒词...
2025-08-05 11:26:07,661 - hardware.audio_interface - INFO - 开始检测唤醒词...
2025-08-05 11:26:12,702 - __main__ - INFO - 等待唤醒词...
2025-08-05 11:26:12,704 - hardware.audio_interface - INFO - 开始检测唤醒词...
2025-08-05 11:26:17,758 - __main__ - INFO - 等待唤醒词...
2025-08-05 11:26:17,759 - hardware.audio_interface - INFO - 开始检测唤醒词...
2025-08-05 11:26:22,825 - __main__ - INFO - 等待唤醒词...
2025-08-05 11:26:22,827 - hardware.audio_interface - INFO - 开始检测唤醒词...
2025-08-05 11:26:27,876 - __main__ - INFO - 等待唤醒词...
2025-08-05 11:26:27,878 - hardware.audio_interface - INFO - 开始检测唤醒词...
2025-08-05 11:26:32,913 - __main__ - INFO - 等待唤醒词...
2025-08-05 11:26:32,915 - hardware.audio_interface - INFO - 开始检测唤醒词...
2025-08-05 11:26:37,950 - __main__ - INFO - 等待唤醒词...
2025-08-05 11:26:37,952 - hardware.audio_interface - INFO - 开始检测唤醒词...
2025-08-05 11:26:42,989 - __main__ - INFO - 等待唤醒词...
2025-08-05 11:26:42,990 - hardware.audio_interface - INFO - 开始检测唤醒词...
2025-08-05 11:26:48,026 - __main__ - INFO - 等待唤醒词...
2025-08-05 11:26:48,027 - hardware.audio_interface - INFO - 开始检测唤醒词...
2025-08-05 11:26:53,081 - __main__ - INFO - 等待唤醒词...
2025-08-05 11:26:53,083 - hardware.audio_interface - INFO - 开始检测唤醒词...
2025-08-05 11:26:58,121 - __main__ - INFO - 等待唤醒词...
2025-08-05 11:26:58,123 - hardware.audio_interface - INFO - 开始检测唤醒词...
2025-08-05 11:27:03,159 - __main__ - INFO - 等待唤醒词...
2025-08-05 11:27:03,160 - hardware.audio_interface - INFO - 开始检测唤醒词...
2025-08-05 11:27:08,195 - __main__ - INFO - 等待唤醒词...
2025-08-05 11:27:08,196 - hardware.audio_interface - INFO - 开始检测唤醒词...
2025-08-05 11:27:13,199 - __main__ - INFO - 等待唤醒词...
2025-08-05 11:27:13,202 - hardware.audio_interface - INFO - 开始检测唤醒词...
2025-08-05 11:27:18,290 - __main__ - INFO - 等待唤醒词...
2025-08-05 11:27:18,291 - hardware.audio_interface - INFO - 开始检测唤醒词...
2025-08-05 11:27:23,293 - __main__ - INFO - 等待唤醒词...
2025-08-05 11:27:23,295 - hardware.audio_interface - INFO - 开始检测唤醒词...
2025-08-05 11:27:28,383 - __main__ - INFO - 等待唤醒词...
2025-08-05 11:27:28,384 - hardware.audio_interface - INFO - 开始检测唤醒词...
2025-08-05 11:27:33,416 - __main__ - INFO - 等待唤醒词...
2025-08-05 11:27:33,419 - hardware.audio_interface - INFO - 开始检测唤醒词...
2025-08-05 11:27:38,508 - __main__ - INFO - 等待唤醒词...
2025-08-05 11:27:38,510 - hardware.audio_interface - INFO - 开始检测唤醒词...
2025-08-05 11:27:43,546 - __main__ - INFO - 等待唤醒词...
2025-08-05 11:27:43,548 - hardware.audio_interface - INFO - 开始检测唤醒词...
2025-08-05 11:27:48,588 - __main__ - INFO - 等待唤醒词...
2025-08-05 11:27:48,590 - hardware.audio_interface - INFO - 开始检测唤醒词...
2025-08-05 11:27:53,627 - __main__ - INFO - 等待唤醒词...
2025-08-05 11:27:53,628 - hardware.audio_interface - INFO - 开始检测唤醒词...
2025-08-05 11:27:58,666 - __main__ - INFO - 等待唤醒词...
2025-08-05 11:27:58,667 - hardware.audio_interface - INFO - 开始检测唤醒词...
2025-08-05 11:28:03,705 - __main__ - INFO - 等待唤醒词...
2025-08-05 11:28:03,707 - hardware.audio_interface - INFO - 开始检测唤醒词...
2025-08-05 11:28:08,740 - __main__ - INFO - 等待唤醒词...
2025-08-05 11:28:08,741 - hardware.audio_interface - INFO - 开始检测唤醒词...
2025-08-05 11:28:13,751 - __main__ - INFO - 等待唤醒词...
2025-08-05 11:28:13,753 - hardware.audio_interface - INFO - 开始检测唤醒词...
2025-08-05 11:28:18,788 - __main__ - INFO - 等待唤醒词...
2025-08-05 11:28:18,790 - hardware.audio_interface - INFO - 开始检测唤醒词...
2025-08-05 11:28:23,792 - __main__ - INFO - 等待唤醒词...
2025-08-05 11:28:23,793 - hardware.audio_interface - INFO - 开始检测唤醒词...
2025-08-05 11:28:28,832 - __main__ - INFO - 等待唤醒词...
2025-08-05 11:28:28,834 - hardware.audio_interface - INFO - 开始检测唤醒词...
2025-08-05 11:28:33,871 - __main__ - INFO - 等待唤醒词...
2025-08-05 11:28:33,873 - hardware.audio_interface - INFO - 开始检测唤醒词...
2025-08-05 11:28:38,928 - __main__ - INFO - 等待唤醒词...
2025-08-05 11:28:38,930 - hardware.audio_interface - INFO - 开始检测唤醒词...
2025-08-05 11:28:43,969 - __main__ - INFO - 等待唤醒词...
2025-08-05 11:28:43,970 - hardware.audio_interface - INFO - 开始检测唤醒词...
2025-08-05 11:28:49,008 - __main__ - INFO - 等待唤醒词...
2025-08-05 11:28:49,010 - hardware.audio_interface - INFO - 开始检测唤醒词...
2025-08-05 11:28:54,045 - __main__ - INFO - 等待唤醒词...
2025-08-05 11:28:54,046 - hardware.audio_interface - INFO - 开始检测唤醒词...
2025-08-05 11:28:59,082 - __main__ - INFO - 等待唤醒词...
2025-08-05 11:28:59,083 - hardware.audio_interface - INFO - 开始检测唤醒词...
2025-08-05 11:29:04,122 - __main__ - INFO - 等待唤醒词...
2025-08-05 11:29:04,124 - hardware.audio_interface - INFO - 开始检测唤醒词...
2025-08-05 11:29:09,163 - __main__ - INFO - 等待唤醒词...
2025-08-05 11:29:09,164 - hardware.audio_interface - INFO - 开始检测唤醒词...
2025-08-05 11:29:14,201 - __main__ - INFO - 等待唤醒词...
2025-08-05 11:29:14,203 - hardware.audio_interface - INFO - 开始检测唤醒词...
2025-08-05 11:29:19,240 - __main__ - INFO - 等待唤醒词...
2025-08-05 11:29:19,241 - hardware.audio_interface - INFO - 开始检测唤醒词...
2025-08-05 11:29:24,280 - __main__ - INFO - 等待唤醒词...
2025-08-05 11:29:24,281 - hardware.audio_interface - INFO - 开始检测唤醒词...
2025-08-05 11:29:29,317 - __main__ - INFO - 等待唤醒词...
2025-08-05 11:29:29,319 - hardware.audio_interface - INFO - 开始检测唤醒词...
2025-08-05 11:29:34,357 - __main__ - INFO - 等待唤醒词...
2025-08-05 11:29:34,359 - hardware.audio_interface - INFO - 开始检测唤醒词...
2025-08-05 11:29:39,396 - __main__ - INFO - 等待唤醒词...
2025-08-05 11:29:39,398 - hardware.audio_interface - INFO - 开始检测唤醒词...
2025-08-05 11:29:44,454 - __main__ - INFO - 等待唤醒词...
2025-08-05 11:29:44,455 - hardware.audio_interface - INFO - 开始检测唤醒词...
2025-08-05 11:29:49,490 - __main__ - INFO - 等待唤醒词...
2025-08-05 11:29:49,491 - hardware.audio_interface - INFO - 开始检测唤醒词...
2025-08-05 11:29:54,526 - __main__ - INFO - 等待唤醒词...
2025-08-05 11:29:54,528 - hardware.audio_interface - INFO - 开始检测唤醒词...
2025-08-05 11:29:59,536 - __main__ - INFO - 等待唤醒词...
2025-08-05 11:29:59,538 - hardware.audio_interface - INFO - 开始检测唤醒词...
2025-08-05 11:30:04,600 - __main__ - INFO - 等待唤醒词...
2025-08-05 11:30:04,601 - hardware.audio_interface - INFO - 开始检测唤醒词...
2025-08-05 11:30:09,658 - __main__ - INFO - 等待唤醒词...
2025-08-05 11:30:09,660 - hardware.audio_interface - INFO - 开始检测唤醒词...
2025-08-05 11:30:14,693 - __main__ - INFO - 等待唤醒词...
2025-08-05 11:30:14,695 - hardware.audio_interface - INFO - 开始检测唤醒词...
2025-08-05 11:30:19,725 - __main__ - INFO - 等待唤醒词...
2025-08-05 11:30:19,727 - hardware.audio_interface - INFO - 开始检测唤醒词...
2025-08-05 11:30:24,735 - __main__ - INFO - 等待唤醒词...
2025-08-05 11:30:24,737 - hardware.audio_interface - INFO - 开始检测唤醒词...
2025-08-05 11:30:29,745 - __main__ - INFO - 等待唤醒词...
2025-08-05 11:30:29,747 - hardware.audio_interface - INFO - 开始检测唤醒词...
2025-08-05 11:30:34,755 - __main__ - INFO - 等待唤醒词...
2025-08-05 11:30:34,757 - hardware.audio_interface - INFO - 开始检测唤醒词...
2025-08-05 11:30:39,763 - __main__ - INFO - 等待唤醒词...
2025-08-05 11:30:39,765 - hardware.audio_interface - INFO - 开始检测唤醒词...
2025-08-05 11:30:44,850 - __main__ - INFO - 等待唤醒词...
2025-08-05 11:30:44,851 - hardware.audio_interface - INFO - 开始检测唤醒词...
2025-08-05 11:30:49,936 - __main__ - INFO - 等待唤醒词...
2025-08-05 11:30:49,938 - hardware.audio_interface - INFO - 开始检测唤醒词...
2025-08-05 11:30:54,970 - __main__ - INFO - 等待唤醒词...
2025-08-05 11:30:54,972 - hardware.audio_interface - INFO - 开始检测唤醒词...
2025-08-05 11:30:59,973 - __main__ - INFO - 等待唤醒词...
2025-08-05 11:30:59,975 - hardware.audio_interface - INFO - 开始检测唤醒词...
2025-08-05 11:31:05,015 - __main__ - INFO - 等待唤醒词...
2025-08-05 11:31:05,016 - hardware.audio_interface - INFO - 开始检测唤醒词...
2025-08-05 11:31:10,057 - __main__ - INFO - 等待唤醒词...
2025-08-05 11:31:10,059 - hardware.audio_interface - INFO - 开始检测唤醒词...
2025-08-05 11:31:15,093 - __main__ - INFO - 等待唤醒词...
2025-08-05 11:31:15,095 - hardware.audio_interface - INFO - 开始检测唤醒词...
2025-08-05 11:31:20,133 - __main__ - INFO - 等待唤醒词...
2025-08-05 11:31:20,135 - hardware.audio_interface - INFO - 开始检测唤醒词...
2025-08-05 11:31:25,170 - __main__ - INFO - 等待唤醒词...
2025-08-05 11:31:25,171 - hardware.audio_interface - INFO - 开始检测唤醒词...
2025-08-05 11:31:30,209 - __main__ - INFO - 等待唤醒词...
2025-08-05 11:31:30,210 - hardware.audio_interface - INFO - 开始检测唤醒词...
2025-08-05 11:31:35,248 - __main__ - INFO - 等待唤醒词...
2025-08-05 11:31:35,249 - hardware.audio_interface - INFO - 开始检测唤醒词...
2025-08-05 11:31:40,284 - __main__ - INFO - 等待唤醒词...
2025-08-05 11:31:40,285 - hardware.audio_interface - INFO - 开始检测唤醒词...
2025-08-05 11:31:45,323 - __main__ - INFO - 等待唤醒词...
2025-08-05 11:31:45,324 - hardware.audio_interface - INFO - 开始检测唤醒词...
2025-08-05 11:31:50,359 - __main__ - INFO - 等待唤醒词...
2025-08-05 11:31:50,361 - hardware.audio_interface - INFO - 开始检测唤醒词...
2025-08-05 11:31:55,398 - __main__ - INFO - 等待唤醒词...
2025-08-05 11:31:55,399 - hardware.audio_interface - INFO - 开始检测唤醒词...
2025-08-05 11:32:00,455 - __main__ - INFO - 等待唤醒词...
2025-08-05 11:32:00,456 - hardware.audio_interface - INFO - 开始检测唤醒词...
2025-08-05 11:32:05,493 - __main__ - INFO - 等待唤醒词...
2025-08-05 11:32:05,494 - hardware.audio_interface - INFO - 开始检测唤醒词...
2025-08-05 11:32:10,533 - __main__ - INFO - 等待唤醒词...
2025-08-05 11:32:10,535 - hardware.audio_interface - INFO - 开始检测唤醒词...
2025-08-05 11:32:15,575 - __main__ - INFO - 等待唤醒词...
2025-08-05 11:32:15,577 - hardware.audio_interface - INFO - 开始检测唤醒词...
2025-08-05 11:32:20,615 - __main__ - INFO - 等待唤醒词...
2025-08-05 11:32:20,616 - hardware.audio_interface - INFO - 开始检测唤醒词...
2025-08-05 11:32:25,704 - __main__ - INFO - 等待唤醒词...
2025-08-05 11:32:25,705 - hardware.audio_interface - INFO - 开始检测唤醒词...
2025-08-05 11:32:30,743 - __main__ - INFO - 等待唤醒词...
2025-08-05 11:32:30,745 - hardware.audio_interface - INFO - 开始检测唤醒词...
2025-08-05 11:32:35,784 - __main__ - INFO - 等待唤醒词...
2025-08-05 11:32:35,786 - hardware.audio_interface - INFO - 开始检测唤醒词...
2025-08-05 11:32:40,824 - __main__ - INFO - 等待唤醒词...
2025-08-05 11:32:40,825 - hardware.audio_interface - INFO - 开始检测唤醒词...
2025-08-05 11:32:45,879 - __main__ - INFO - 等待唤醒词...
2025-08-05 11:32:45,881 - hardware.audio_interface - INFO - 开始检测唤醒词...
2025-08-05 11:32:50,915 - __main__ - INFO - 等待唤醒词...
2025-08-05 11:32:50,917 - hardware.audio_interface - INFO - 开始检测唤醒词...
2025-08-05 11:32:55,971 - __main__ - INFO - 等待唤醒词...
2025-08-05 11:32:55,972 - hardware.audio_interface - INFO - 开始检测唤醒词...
2025-08-05 11:33:01,027 - __main__ - INFO - 等待唤醒词...
2025-08-05 11:33:01,028 - hardware.audio_interface - INFO - 开始检测唤醒词...
2025-08-05 11:33:06,066 - __main__ - INFO - 等待唤醒词...
2025-08-05 11:33:06,067 - hardware.audio_interface - INFO - 开始检测唤醒词...
2025-08-05 11:33:11,104 - __main__ - INFO - 等待唤醒词...
2025-08-05 11:33:11,107 - hardware.audio_interface - INFO - 开始检测唤醒词...
2025-08-05 11:33:16,145 - __main__ - INFO - 等待唤醒词...
2025-08-05 11:33:16,147 - hardware.audio_interface - INFO - 开始检测唤醒词...
2025-08-05 11:33:21,183 - __main__ - INFO - 等待唤醒词...
2025-08-05 11:33:21,185 - hardware.audio_interface - INFO - 开始检测唤醒词...
2025-08-05 11:33:26,219 - __main__ - INFO - 等待唤醒词...
2025-08-05 11:33:26,220 - hardware.audio_interface - INFO - 开始检测唤醒词...
2025-08-05 11:33:31,229 - __main__ - INFO - 等待唤醒词...
2025-08-05 11:33:31,231 - hardware.audio_interface - INFO - 开始检测唤醒词...
2025-08-05 11:33:36,233 - __main__ - INFO - 等待唤醒词...
2025-08-05 11:33:36,235 - hardware.audio_interface - INFO - 开始检测唤醒词...
2025-08-05 11:33:41,324 - __main__ - INFO - 等待唤醒词...
2025-08-05 11:33:41,326 - hardware.audio_interface - INFO - 开始检测唤醒词...
2025-08-05 11:33:46,364 - __main__ - INFO - 等待唤醒词...
2025-08-05 11:33:46,365 - hardware.audio_interface - INFO - 开始检测唤醒词...
2025-08-05 11:33:51,399 - __main__ - INFO - 等待唤醒词...
2025-08-05 11:33:51,401 - hardware.audio_interface - INFO - 开始检测唤醒词...
2025-08-05 11:33:56,438 - __main__ - INFO - 等待唤醒词...
2025-08-05 11:33:56,441 - hardware.audio_interface - INFO - 开始检测唤醒词...
2025-08-05 11:34:01,479 - __main__ - INFO - 等待唤醒词...
2025-08-05 11:34:01,480 - hardware.audio_interface - INFO - 开始检测唤醒词...
2025-08-05 11:34:06,516 - __main__ - INFO - 等待唤醒词...
2025-08-05 11:34:06,518 - hardware.audio_interface - INFO - 开始检测唤醒词...
2025-08-05 11:34:11,554 - __main__ - INFO - 等待唤醒词...
2025-08-05 11:34:11,556 - hardware.audio_interface - INFO - 开始检测唤醒词...
2025-08-05 11:34:16,645 - __main__ - INFO - 等待唤醒词...
2025-08-05 11:34:16,647 - hardware.audio_interface - INFO - 开始检测唤醒词...
2025-08-05 11:34:21,682 - __main__ - INFO - 等待唤醒词...
2025-08-05 11:34:21,683 - hardware.audio_interface - INFO - 开始检测唤醒词...
2025-08-05 11:34:26,717 - __main__ - INFO - 等待唤醒词...
2025-08-05 11:34:26,718 - hardware.audio_interface - INFO - 开始检测唤醒词...
2025-08-05 11:34:31,802 - __main__ - INFO - 等待唤醒词...
2025-08-05 11:34:31,805 - hardware.audio_interface - INFO - 开始检测唤醒词...
2025-08-05 11:34:36,888 - __main__ - INFO - 等待唤醒词...
2025-08-05 11:34:36,889 - hardware.audio_interface - INFO - 开始检测唤醒词...
2025-08-05 11:34:37,314 - apscheduler.executors.default - INFO - Running job "CleanupScheduler._cleanup_task (trigger: interval[0:10:00], next run at: 2025-08-05 11:44:37 CST)" (scheduled at 2025-08-05 11:34:37.314147+08:00)
2025-08-05 11:34:37,314 - utils.cleaner - INFO - 完成安全清理，共删除 0 个旧文件
2025-08-05 11:34:37,314 - apscheduler.executors.default - INFO - Job "CleanupScheduler._cleanup_task (trigger: interval[0:10:00], next run at: 2025-08-05 11:44:37 CST)" executed successfully
2025-08-05 11:34:41,931 - __main__ - INFO - 等待唤醒词...
2025-08-05 11:34:41,932 - hardware.audio_interface - INFO - 开始检测唤醒词...
2025-08-05 11:34:46,970 - __main__ - INFO - 等待唤醒词...
2025-08-05 11:34:46,972 - hardware.audio_interface - INFO - 开始检测唤醒词...
2025-08-05 11:34:52,009 - __main__ - INFO - 等待唤醒词...
2025-08-05 11:34:52,011 - hardware.audio_interface - INFO - 开始检测唤醒词...
2025-08-05 11:34:57,048 - __main__ - INFO - 等待唤醒词...
2025-08-05 11:34:57,049 - hardware.audio_interface - INFO - 开始检测唤醒词...
2025-08-05 11:35:02,104 - __main__ - INFO - 等待唤醒词...
2025-08-05 11:35:02,105 - hardware.audio_interface - INFO - 开始检测唤醒词...
2025-08-05 11:35:07,161 - __main__ - INFO - 等待唤醒词...
2025-08-05 11:35:07,162 - hardware.audio_interface - INFO - 开始检测唤醒词...
2025-08-05 11:35:12,208 - __main__ - INFO - 等待唤醒词...
2025-08-05 11:35:12,210 - hardware.audio_interface - INFO - 开始检测唤醒词...
2025-08-05 11:35:17,258 - __main__ - INFO - 等待唤醒词...
2025-08-05 11:35:17,259 - hardware.audio_interface - INFO - 开始检测唤醒词...
2025-08-05 11:35:22,297 - __main__ - INFO - 等待唤醒词...
2025-08-05 11:35:22,299 - hardware.audio_interface - INFO - 开始检测唤醒词...
2025-08-05 11:35:27,334 - __main__ - INFO - 等待唤醒词...
2025-08-05 11:35:27,335 - hardware.audio_interface - INFO - 开始检测唤醒词...
2025-08-05 11:35:32,417 - __main__ - INFO - 等待唤醒词...
2025-08-05 11:35:32,418 - hardware.audio_interface - INFO - 开始检测唤醒词...
2025-08-05 11:35:37,454 - __main__ - INFO - 等待唤醒词...
2025-08-05 11:35:37,455 - hardware.audio_interface - INFO - 开始检测唤醒词...
2025-08-05 11:35:42,537 - __main__ - INFO - 等待唤醒词...
2025-08-05 11:35:42,539 - hardware.audio_interface - INFO - 开始检测唤醒词...
2025-08-05 11:35:47,599 - __main__ - INFO - 等待唤醒词...
2025-08-05 11:35:47,600 - hardware.audio_interface - INFO - 开始检测唤醒词...
2025-08-05 11:35:52,634 - __main__ - INFO - 等待唤醒词...
2025-08-05 11:35:52,635 - hardware.audio_interface - INFO - 开始检测唤醒词...
2025-08-05 11:35:57,739 - __main__ - INFO - 等待唤醒词...
2025-08-05 11:35:57,740 - hardware.audio_interface - INFO - 开始检测唤醒词...
2025-08-05 11:36:02,820 - __main__ - INFO - 等待唤醒词...
2025-08-05 11:36:02,821 - hardware.audio_interface - INFO - 开始检测唤醒词...
2025-08-05 11:36:07,859 - __main__ - INFO - 等待唤醒词...
2025-08-05 11:36:07,861 - hardware.audio_interface - INFO - 开始检测唤醒词...
2025-08-05 11:36:12,898 - __main__ - INFO - 等待唤醒词...
2025-08-05 11:36:12,899 - hardware.audio_interface - INFO - 开始检测唤醒词...
2025-08-05 11:36:17,936 - __main__ - INFO - 等待唤醒词...
2025-08-05 11:36:17,937 - hardware.audio_interface - INFO - 开始检测唤醒词...
2025-08-05 11:36:23,018 - __main__ - INFO - 等待唤醒词...
2025-08-05 11:36:23,019 - hardware.audio_interface - INFO - 开始检测唤醒词...
2025-08-05 11:36:28,033 - __main__ - INFO - 等待唤醒词...
2025-08-05 11:36:28,034 - hardware.audio_interface - INFO - 开始检测唤醒词...
2025-08-05 11:36:33,094 - __main__ - INFO - 等待唤醒词...
2025-08-05 11:36:33,095 - hardware.audio_interface - INFO - 开始检测唤醒词...
2025-08-05 11:36:38,129 - __main__ - INFO - 等待唤醒词...
2025-08-05 11:36:38,131 - hardware.audio_interface - INFO - 开始检测唤醒词...
2025-08-05 11:36:43,213 - __main__ - INFO - 等待唤醒词...
2025-08-05 11:36:43,215 - hardware.audio_interface - INFO - 开始检测唤醒词...
2025-08-05 11:36:48,300 - __main__ - INFO - 等待唤醒词...
2025-08-05 11:36:48,301 - hardware.audio_interface - INFO - 开始检测唤醒词...
2025-08-05 11:36:53,396 - __main__ - INFO - 等待唤醒词...
2025-08-05 11:36:53,397 - hardware.audio_interface - INFO - 开始检测唤醒词...
2025-08-05 11:36:58,434 - __main__ - INFO - 等待唤醒词...
2025-08-05 11:36:58,436 - hardware.audio_interface - INFO - 开始检测唤醒词...
2025-08-05 11:37:03,533 - __main__ - INFO - 等待唤醒词...
2025-08-05 11:37:03,535 - hardware.audio_interface - INFO - 开始检测唤醒词...
2025-08-05 11:37:08,620 - __main__ - INFO - 等待唤醒词...
2025-08-05 11:37:08,622 - hardware.audio_interface - INFO - 开始检测唤醒词...
2025-08-05 11:37:13,705 - __main__ - INFO - 等待唤醒词...
2025-08-05 11:37:13,707 - hardware.audio_interface - INFO - 开始检测唤醒词...
2025-08-05 11:37:18,792 - __main__ - INFO - 等待唤醒词...
2025-08-05 11:37:18,794 - hardware.audio_interface - INFO - 开始检测唤醒词...
2025-08-05 11:37:23,826 - __main__ - INFO - 等待唤醒词...
2025-08-05 11:37:23,827 - hardware.audio_interface - INFO - 开始检测唤醒词...
2025-08-05 11:37:28,858 - __main__ - INFO - 等待唤醒词...
2025-08-05 11:37:28,860 - hardware.audio_interface - INFO - 开始检测唤醒词...
2025-08-05 11:37:33,922 - __main__ - INFO - 等待唤醒词...
2025-08-05 11:37:33,923 - hardware.audio_interface - INFO - 开始检测唤醒词...
2025-08-05 11:37:39,009 - __main__ - INFO - 等待唤醒词...
2025-08-05 11:37:39,010 - hardware.audio_interface - INFO - 开始检测唤醒词...
2025-08-05 11:37:44,039 - __main__ - INFO - 等待唤醒词...
2025-08-05 11:37:44,041 - hardware.audio_interface - INFO - 开始检测唤醒词...
2025-08-05 11:37:49,079 - __main__ - INFO - 等待唤醒词...
2025-08-05 11:37:49,080 - hardware.audio_interface - INFO - 开始检测唤醒词...
2025-08-05 11:37:54,117 - __main__ - INFO - 等待唤醒词...
2025-08-05 11:37:54,118 - hardware.audio_interface - INFO - 开始检测唤醒词...
2025-08-05 11:37:59,155 - __main__ - INFO - 等待唤醒词...
2025-08-05 11:37:59,156 - hardware.audio_interface - INFO - 开始检测唤醒词...
2025-08-05 11:38:04,192 - __main__ - INFO - 等待唤醒词...
2025-08-05 11:38:04,193 - hardware.audio_interface - INFO - 开始检测唤醒词...
2025-08-05 11:38:09,230 - __main__ - INFO - 等待唤醒词...
2025-08-05 11:38:09,231 - hardware.audio_interface - INFO - 开始检测唤醒词...
2025-08-05 11:38:14,266 - __main__ - INFO - 等待唤醒词...
2025-08-05 11:38:14,267 - hardware.audio_interface - INFO - 开始检测唤醒词...
2025-08-05 11:38:19,305 - __main__ - INFO - 等待唤醒词...
2025-08-05 11:38:19,306 - hardware.audio_interface - INFO - 开始检测唤醒词...
2025-08-05 11:38:24,343 - __main__ - INFO - 等待唤醒词...
2025-08-05 11:38:24,346 - hardware.audio_interface - INFO - 开始检测唤醒词...
2025-08-05 11:38:29,380 - __main__ - INFO - 等待唤醒词...
2025-08-05 11:38:29,382 - hardware.audio_interface - INFO - 开始检测唤醒词...
2025-08-05 11:38:34,408 - __main__ - INFO - 等待唤醒词...
2025-08-05 11:38:34,409 - hardware.audio_interface - INFO - 开始检测唤醒词...
2025-08-05 11:38:39,505 - __main__ - INFO - 等待唤醒词...
2025-08-05 11:38:39,506 - hardware.audio_interface - INFO - 开始检测唤醒词...
2025-08-05 11:38:44,544 - __main__ - INFO - 等待唤醒词...
2025-08-05 11:38:44,545 - hardware.audio_interface - INFO - 开始检测唤醒词...
2025-08-05 11:38:49,598 - __main__ - INFO - 等待唤醒词...
2025-08-05 11:38:49,600 - hardware.audio_interface - INFO - 开始检测唤醒词...
2025-08-05 11:38:54,633 - __main__ - INFO - 等待唤醒词...
2025-08-05 11:38:54,634 - hardware.audio_interface - INFO - 开始检测唤醒词...
2025-08-05 11:38:59,669 - __main__ - INFO - 等待唤醒词...
2025-08-05 11:38:59,671 - hardware.audio_interface - INFO - 开始检测唤醒词...
2025-08-05 11:39:04,709 - __main__ - INFO - 等待唤醒词...
2025-08-05 11:39:04,710 - hardware.audio_interface - INFO - 开始检测唤醒词...
2025-08-05 11:39:09,761 - __main__ - INFO - 等待唤醒词...
2025-08-05 11:39:09,763 - hardware.audio_interface - INFO - 开始检测唤醒词...
2025-08-05 11:39:14,806 - __main__ - INFO - 等待唤醒词...
2025-08-05 11:39:14,807 - hardware.audio_interface - INFO - 开始检测唤醒词...
2025-08-05 11:39:19,848 - __main__ - INFO - 等待唤醒词...
2025-08-05 11:39:19,849 - hardware.audio_interface - INFO - 开始检测唤醒词...
2025-08-05 11:39:24,850 - __main__ - INFO - 等待唤醒词...
2025-08-05 11:39:24,851 - hardware.audio_interface - INFO - 开始检测唤醒词...
2025-08-05 11:39:29,857 - __main__ - INFO - 等待唤醒词...
2025-08-05 11:39:29,859 - hardware.audio_interface - INFO - 开始检测唤醒词...
2025-08-05 11:39:34,907 - __main__ - INFO - 等待唤醒词...
2025-08-05 11:39:34,909 - hardware.audio_interface - INFO - 开始检测唤醒词...
2025-08-05 11:39:39,947 - __main__ - INFO - 等待唤醒词...
2025-08-05 11:39:39,948 - hardware.audio_interface - INFO - 开始检测唤醒词...
2025-08-05 11:39:44,985 - __main__ - INFO - 等待唤醒词...
2025-08-05 11:39:44,986 - hardware.audio_interface - INFO - 开始检测唤醒词...
2025-08-05 11:39:50,022 - __main__ - INFO - 等待唤醒词...
2025-08-05 11:39:50,024 - hardware.audio_interface - INFO - 开始检测唤醒词...
2025-08-05 11:39:55,062 - __main__ - INFO - 等待唤醒词...
2025-08-05 11:39:55,064 - hardware.audio_interface - INFO - 开始检测唤醒词...
2025-08-05 11:40:00,104 - __main__ - INFO - 等待唤醒词...
2025-08-05 11:40:00,105 - hardware.audio_interface - INFO - 开始检测唤醒词...
2025-08-05 11:40:05,203 - __main__ - INFO - 等待唤醒词...
2025-08-05 11:40:05,205 - hardware.audio_interface - INFO - 开始检测唤醒词...
2025-08-05 11:40:10,242 - __main__ - INFO - 等待唤醒词...
2025-08-05 11:40:10,243 - hardware.audio_interface - INFO - 开始检测唤醒词...
2025-08-05 11:40:15,279 - __main__ - INFO - 等待唤醒词...
2025-08-05 11:40:15,280 - hardware.audio_interface - INFO - 开始检测唤醒词...
2025-08-05 11:40:20,325 - __main__ - INFO - 等待唤醒词...
2025-08-05 11:40:20,326 - hardware.audio_interface - INFO - 开始检测唤醒词...
2025-08-05 11:40:25,364 - __main__ - INFO - 等待唤醒词...
2025-08-05 11:40:25,365 - hardware.audio_interface - INFO - 开始检测唤醒词...
2025-08-05 11:40:30,402 - __main__ - INFO - 等待唤醒词...
2025-08-05 11:40:30,403 - hardware.audio_interface - INFO - 开始检测唤醒词...
2025-08-05 11:40:35,438 - __main__ - INFO - 等待唤醒词...
2025-08-05 11:40:35,441 - hardware.audio_interface - INFO - 开始检测唤醒词...
2025-08-05 11:40:40,475 - __main__ - INFO - 等待唤醒词...
2025-08-05 11:40:40,476 - hardware.audio_interface - INFO - 开始检测唤醒词...
2025-08-05 11:40:45,514 - __main__ - INFO - 等待唤醒词...
2025-08-05 11:40:45,516 - hardware.audio_interface - INFO - 开始检测唤醒词...
2025-08-05 11:40:50,552 - __main__ - INFO - 等待唤醒词...
2025-08-05 11:40:50,554 - hardware.audio_interface - INFO - 开始检测唤醒词...
2025-08-05 11:40:55,602 - __main__ - INFO - 等待唤醒词...
2025-08-05 11:40:55,603 - hardware.audio_interface - INFO - 开始检测唤醒词...
2025-08-05 11:41:00,640 - __main__ - INFO - 等待唤醒词...
2025-08-05 11:41:00,642 - hardware.audio_interface - INFO - 开始检测唤醒词...
2025-08-05 11:41:05,736 - __main__ - INFO - 等待唤醒词...
2025-08-05 11:41:05,738 - hardware.audio_interface - INFO - 开始检测唤醒词...
2025-08-05 11:41:10,778 - __main__ - INFO - 等待唤醒词...
2025-08-05 11:41:10,779 - hardware.audio_interface - INFO - 开始检测唤醒词...
2025-08-05 11:41:15,874 - __main__ - INFO - 等待唤醒词...
2025-08-05 11:41:15,876 - hardware.audio_interface - INFO - 开始检测唤醒词...
2025-08-05 11:41:20,915 - __main__ - INFO - 等待唤醒词...
2025-08-05 11:41:20,917 - hardware.audio_interface - INFO - 开始检测唤醒词...
2025-08-05 11:41:26,013 - __main__ - INFO - 等待唤醒词...
2025-08-05 11:41:26,014 - hardware.audio_interface - INFO - 开始检测唤醒词...
2025-08-05 11:41:31,054 - __main__ - INFO - 等待唤醒词...
2025-08-05 11:41:31,056 - hardware.audio_interface - INFO - 开始检测唤醒词...
2025-08-05 11:41:36,090 - __main__ - INFO - 等待唤醒词...
2025-08-05 11:41:36,092 - hardware.audio_interface - INFO - 开始检测唤醒词...
2025-08-05 11:41:41,184 - __main__ - INFO - 等待唤醒词...
2025-08-05 11:41:41,185 - hardware.audio_interface - INFO - 开始检测唤醒词...
2025-08-05 11:41:46,281 - __main__ - INFO - 等待唤醒词...
2025-08-05 11:41:46,282 - hardware.audio_interface - INFO - 开始检测唤醒词...
2025-08-05 11:41:51,374 - __main__ - INFO - 等待唤醒词...
2025-08-05 11:41:51,376 - hardware.audio_interface - INFO - 开始检测唤醒词...
2025-08-05 11:41:56,417 - __main__ - INFO - 等待唤醒词...
2025-08-05 11:41:56,419 - hardware.audio_interface - INFO - 开始检测唤醒词...
2025-08-05 11:42:01,459 - __main__ - INFO - 等待唤醒词...
2025-08-05 11:42:01,461 - hardware.audio_interface - INFO - 开始检测唤醒词...
2025-08-05 11:42:06,553 - __main__ - INFO - 等待唤醒词...
2025-08-05 11:42:06,554 - hardware.audio_interface - INFO - 开始检测唤醒词...
2025-08-05 11:42:11,649 - __main__ - INFO - 等待唤醒词...
2025-08-05 11:42:11,650 - hardware.audio_interface - INFO - 开始检测唤醒词...
2025-08-05 11:42:16,690 - __main__ - INFO - 等待唤醒词...
2025-08-05 11:42:16,692 - hardware.audio_interface - INFO - 开始检测唤醒词...
2025-08-05 11:42:21,787 - __main__ - INFO - 等待唤醒词...
2025-08-05 11:42:21,788 - hardware.audio_interface - INFO - 开始检测唤醒词...
2025-08-05 11:42:26,829 - __main__ - INFO - 等待唤醒词...
2025-08-05 11:42:26,831 - hardware.audio_interface - INFO - 开始检测唤醒词...
2025-08-05 11:42:31,871 - __main__ - INFO - 等待唤醒词...
2025-08-05 11:42:31,873 - hardware.audio_interface - INFO - 开始检测唤醒词...
2025-08-05 11:42:36,967 - __main__ - INFO - 等待唤醒词...
2025-08-05 11:42:36,968 - hardware.audio_interface - INFO - 开始检测唤醒词...
2025-08-05 11:42:42,061 - __main__ - INFO - 等待唤醒词...
2025-08-05 11:42:42,063 - hardware.audio_interface - INFO - 开始检测唤醒词...
2025-08-05 11:42:47,150 - __main__ - INFO - 等待唤醒词...
2025-08-05 11:42:47,152 - hardware.audio_interface - INFO - 开始检测唤醒词...
2025-08-05 11:42:52,205 - __main__ - INFO - 等待唤醒词...
2025-08-05 11:42:52,207 - hardware.audio_interface - INFO - 开始检测唤醒词...
2025-08-05 11:42:57,218 - __main__ - INFO - 等待唤醒词...
2025-08-05 11:42:57,219 - hardware.audio_interface - INFO - 开始检测唤醒词...
2025-08-05 11:43:02,231 - __main__ - INFO - 等待唤醒词...
2025-08-05 11:43:02,232 - hardware.audio_interface - INFO - 开始检测唤醒词...
2025-08-05 11:43:07,235 - __main__ - INFO - 等待唤醒词...
2025-08-05 11:43:07,236 - hardware.audio_interface - INFO - 开始检测唤醒词...
2025-08-05 11:43:12,238 - __main__ - INFO - 等待唤醒词...
2025-08-05 11:43:12,240 - hardware.audio_interface - INFO - 开始检测唤醒词...
2025-08-05 11:43:17,346 - __main__ - INFO - 等待唤醒词...
2025-08-05 11:43:17,347 - hardware.audio_interface - INFO - 开始检测唤醒词...
2025-08-05 11:43:22,350 - __main__ - INFO - 等待唤醒词...
2025-08-05 11:43:22,351 - hardware.audio_interface - INFO - 开始检测唤醒词...
2025-08-05 11:43:27,352 - __main__ - INFO - 等待唤醒词...
2025-08-05 11:43:27,353 - hardware.audio_interface - INFO - 开始检测唤醒词...
2025-08-05 11:43:32,449 - __main__ - INFO - 等待唤醒词...
2025-08-05 11:43:32,450 - hardware.audio_interface - INFO - 开始检测唤醒词...
2025-08-05 11:43:37,543 - __main__ - INFO - 等待唤醒词...
2025-08-05 11:43:37,545 - hardware.audio_interface - INFO - 开始检测唤醒词...
2025-08-05 11:43:42,629 - __main__ - INFO - 等待唤醒词...
2025-08-05 11:43:42,631 - hardware.audio_interface - INFO - 开始检测唤醒词...
2025-08-05 11:43:47,723 - __main__ - INFO - 等待唤醒词...
2025-08-05 11:43:47,725 - hardware.audio_interface - INFO - 开始检测唤醒词...
2025-08-05 11:43:52,817 - __main__ - INFO - 等待唤醒词...
2025-08-05 11:43:52,819 - hardware.audio_interface - INFO - 开始检测唤醒词...
2025-08-05 11:43:57,860 - __main__ - INFO - 等待唤醒词...
2025-08-05 11:43:57,862 - hardware.audio_interface - INFO - 开始检测唤醒词...
2025-08-05 11:44:02,868 - __main__ - INFO - 等待唤醒词...
2025-08-05 11:44:02,870 - hardware.audio_interface - INFO - 开始检测唤醒词...
2025-08-05 11:44:07,925 - __main__ - INFO - 等待唤醒词...
2025-08-05 11:44:07,927 - hardware.audio_interface - INFO - 开始检测唤醒词...
2025-08-05 11:44:13,020 - __main__ - INFO - 等待唤醒词...
2025-08-05 11:44:13,021 - hardware.audio_interface - INFO - 开始检测唤醒词...
2025-08-05 11:44:18,107 - __main__ - INFO - 等待唤醒词...
2025-08-05 11:44:18,109 - hardware.audio_interface - INFO - 开始检测唤醒词...
2025-08-05 11:44:23,145 - __main__ - INFO - 等待唤醒词...
2025-08-05 11:44:23,146 - hardware.audio_interface - INFO - 开始检测唤醒词...
2025-08-05 11:44:28,184 - __main__ - INFO - 等待唤醒词...
2025-08-05 11:44:28,185 - hardware.audio_interface - INFO - 开始检测唤醒词...
2025-08-05 11:44:33,233 - __main__ - INFO - 等待唤醒词...
2025-08-05 11:44:33,235 - hardware.audio_interface - INFO - 开始检测唤醒词...
2025-08-05 11:44:37,314 - apscheduler.executors.default - INFO - Running job "CleanupScheduler._cleanup_task (trigger: interval[0:10:00], next run at: 2025-08-05 11:54:37 CST)" (scheduled at 2025-08-05 11:44:37.314147+08:00)
2025-08-05 11:44:37,314 - utils.cleaner - INFO - 完成安全清理，共删除 0 个旧文件
2025-08-05 11:44:37,314 - apscheduler.executors.default - INFO - Job "CleanupScheduler._cleanup_task (trigger: interval[0:10:00], next run at: 2025-08-05 11:54:37 CST)" executed successfully
2025-08-05 11:44:38,332 - __main__ - INFO - 等待唤醒词...
2025-08-05 11:44:38,333 - hardware.audio_interface - INFO - 开始检测唤醒词...
2025-08-05 11:44:43,374 - __main__ - INFO - 等待唤醒词...
2025-08-05 11:44:43,375 - hardware.audio_interface - INFO - 开始检测唤醒词...
2025-08-05 11:44:48,413 - __main__ - INFO - 等待唤醒词...
2025-08-05 11:44:48,415 - hardware.audio_interface - INFO - 开始检测唤醒词...
2025-08-05 11:44:53,448 - __main__ - INFO - 等待唤醒词...
2025-08-05 11:44:53,450 - hardware.audio_interface - INFO - 开始检测唤醒词...
2025-08-05 11:44:58,485 - __main__ - INFO - 等待唤醒词...
2025-08-05 11:44:58,488 - hardware.audio_interface - INFO - 开始检测唤醒词...
2025-08-05 11:45:03,522 - __main__ - INFO - 等待唤醒词...
2025-08-05 11:45:03,524 - hardware.audio_interface - INFO - 开始检测唤醒词...
2025-08-05 11:45:08,561 - __main__ - INFO - 等待唤醒词...
2025-08-05 11:45:08,563 - hardware.audio_interface - INFO - 开始检测唤醒词...
2025-08-05 11:45:13,601 - __main__ - INFO - 等待唤醒词...
2025-08-05 11:45:13,603 - hardware.audio_interface - INFO - 开始检测唤醒词...
2025-08-05 11:45:18,635 - __main__ - INFO - 等待唤醒词...
2025-08-05 11:45:18,636 - hardware.audio_interface - INFO - 开始检测唤醒词...
2025-08-05 11:45:23,638 - __main__ - INFO - 等待唤醒词...
2025-08-05 11:45:23,639 - hardware.audio_interface - INFO - 开始检测唤醒词...
2025-08-05 11:45:28,672 - __main__ - INFO - 等待唤醒词...
2025-08-05 11:45:28,673 - hardware.audio_interface - INFO - 开始检测唤醒词...
2025-08-05 11:45:33,674 - __main__ - INFO - 等待唤醒词...
2025-08-05 11:45:33,675 - hardware.audio_interface - INFO - 开始检测唤醒词...
2025-08-05 11:45:38,677 - __main__ - INFO - 等待唤醒词...
2025-08-05 11:45:38,678 - hardware.audio_interface - INFO - 开始检测唤醒词...
2025-08-05 11:45:43,717 - __main__ - INFO - 等待唤醒词...
2025-08-05 11:45:43,719 - hardware.audio_interface - INFO - 开始检测唤醒词...
2025-08-05 11:45:48,757 - __main__ - INFO - 等待唤醒词...
2025-08-05 11:45:48,758 - hardware.audio_interface - INFO - 开始检测唤醒词...
2025-08-05 11:45:53,794 - __main__ - INFO - 等待唤醒词...
2025-08-05 11:45:53,796 - hardware.audio_interface - INFO - 开始检测唤醒词...
2025-08-05 11:45:58,837 - __main__ - INFO - 等待唤醒词...
2025-08-05 11:45:58,839 - hardware.audio_interface - INFO - 开始检测唤醒词...
2025-08-05 11:46:03,875 - __main__ - INFO - 等待唤醒词...
2025-08-05 11:46:03,876 - hardware.audio_interface - INFO - 开始检测唤醒词...
2025-08-05 11:46:08,914 - __main__ - INFO - 等待唤醒词...
2025-08-05 11:46:08,916 - hardware.audio_interface - INFO - 开始检测唤醒词...
2025-08-05 11:46:13,952 - __main__ - INFO - 等待唤醒词...
2025-08-05 11:46:13,955 - hardware.audio_interface - INFO - 开始检测唤醒词...
2025-08-05 11:46:18,993 - __main__ - INFO - 等待唤醒词...
2025-08-05 11:46:18,995 - hardware.audio_interface - INFO - 开始检测唤醒词...
2025-08-05 11:46:24,033 - __main__ - INFO - 等待唤醒词...
2025-08-05 11:46:24,034 - hardware.audio_interface - INFO - 开始检测唤醒词...
2025-08-05 11:46:29,133 - __main__ - INFO - 等待唤醒词...
2025-08-05 11:46:29,134 - hardware.audio_interface - INFO - 开始检测唤醒词...
2025-08-05 11:46:34,170 - __main__ - INFO - 等待唤醒词...
2025-08-05 11:46:34,171 - hardware.audio_interface - INFO - 开始检测唤醒词...
2025-08-05 11:46:39,231 - __main__ - INFO - 等待唤醒词...
2025-08-05 11:46:39,233 - hardware.audio_interface - INFO - 开始检测唤醒词...
2025-08-05 11:46:44,271 - __main__ - INFO - 等待唤醒词...
2025-08-05 11:46:44,273 - hardware.audio_interface - INFO - 开始检测唤醒词...
2025-08-05 11:46:49,311 - __main__ - INFO - 等待唤醒词...
2025-08-05 11:46:49,313 - hardware.audio_interface - INFO - 开始检测唤醒词...
2025-08-05 11:46:54,349 - __main__ - INFO - 等待唤醒词...
2025-08-05 11:46:54,350 - hardware.audio_interface - INFO - 开始检测唤醒词...
2025-08-05 11:46:59,405 - __main__ - INFO - 等待唤醒词...
2025-08-05 11:46:59,407 - hardware.audio_interface - INFO - 开始检测唤醒词...
2025-08-05 11:47:04,451 - __main__ - INFO - 等待唤醒词...
2025-08-05 11:47:04,453 - hardware.audio_interface - INFO - 开始检测唤醒词...
2025-08-05 11:47:09,491 - __main__ - INFO - 等待唤醒词...
2025-08-05 11:47:09,493 - hardware.audio_interface - INFO - 开始检测唤醒词...
2025-08-05 11:47:14,532 - __main__ - INFO - 等待唤醒词...
2025-08-05 11:47:14,533 - hardware.audio_interface - INFO - 开始检测唤醒词...
2025-08-05 11:47:19,571 - __main__ - INFO - 等待唤醒词...
2025-08-05 11:47:19,572 - hardware.audio_interface - INFO - 开始检测唤醒词...
2025-08-05 11:47:24,610 - __main__ - INFO - 等待唤醒词...
2025-08-05 11:47:24,612 - hardware.audio_interface - INFO - 开始检测唤醒词...
2025-08-05 11:47:29,654 - __main__ - INFO - 等待唤醒词...
2025-08-05 11:47:29,656 - hardware.audio_interface - INFO - 开始检测唤醒词...
2025-08-05 11:47:34,691 - __main__ - INFO - 等待唤醒词...
2025-08-05 11:47:34,693 - hardware.audio_interface - INFO - 开始检测唤醒词...
2025-08-05 11:47:39,738 - __main__ - INFO - 等待唤醒词...
2025-08-05 11:47:39,739 - hardware.audio_interface - INFO - 开始检测唤醒词...
2025-08-05 11:47:44,778 - __main__ - INFO - 等待唤醒词...
2025-08-05 11:47:44,780 - hardware.audio_interface - INFO - 开始检测唤醒词...
2025-08-05 11:47:49,815 - __main__ - INFO - 等待唤醒词...
2025-08-05 11:47:49,817 - hardware.audio_interface - INFO - 开始检测唤醒词...
2025-08-05 11:47:54,819 - __main__ - INFO - 等待唤醒词...
2025-08-05 11:47:54,821 - hardware.audio_interface - INFO - 开始检测唤醒词...
2025-08-05 11:47:59,823 - __main__ - INFO - 等待唤醒词...
2025-08-05 11:47:59,824 - hardware.audio_interface - INFO - 开始检测唤醒词...
2025-08-05 11:48:04,860 - __main__ - INFO - 等待唤醒词...
2025-08-05 11:48:04,862 - hardware.audio_interface - INFO - 开始检测唤醒词...
2025-08-05 11:48:09,908 - __main__ - INFO - 等待唤醒词...
2025-08-05 11:48:09,909 - hardware.audio_interface - INFO - 开始检测唤醒词...
2025-08-05 11:48:14,947 - __main__ - INFO - 等待唤醒词...
2025-08-05 11:48:14,948 - hardware.audio_interface - INFO - 开始检测唤醒词...
2025-08-05 11:48:19,987 - __main__ - INFO - 等待唤醒词...
2025-08-05 11:48:19,988 - hardware.audio_interface - INFO - 开始检测唤醒词...
2025-08-05 11:48:25,024 - __main__ - INFO - 等待唤醒词...
2025-08-05 11:48:25,025 - hardware.audio_interface - INFO - 开始检测唤醒词...
2025-08-05 11:48:30,064 - __main__ - INFO - 等待唤醒词...
2025-08-05 11:48:30,065 - hardware.audio_interface - INFO - 开始检测唤醒词...
2025-08-05 11:48:35,098 - __main__ - INFO - 等待唤醒词...
2025-08-05 11:48:35,099 - hardware.audio_interface - INFO - 开始检测唤醒词...
2025-08-05 11:48:40,101 - __main__ - INFO - 等待唤醒词...
2025-08-05 11:48:40,102 - hardware.audio_interface - INFO - 开始检测唤醒词...
2025-08-05 11:48:45,103 - __main__ - INFO - 等待唤醒词...
2025-08-05 11:48:45,104 - hardware.audio_interface - INFO - 开始检测唤醒词...
2025-08-05 11:48:50,105 - __main__ - INFO - 等待唤醒词...
2025-08-05 11:48:50,107 - hardware.audio_interface - INFO - 开始检测唤醒词...
2025-08-05 11:48:55,143 - __main__ - INFO - 等待唤醒词...
2025-08-05 11:48:55,145 - hardware.audio_interface - INFO - 开始检测唤醒词...
2025-08-05 11:49:00,182 - __main__ - INFO - 等待唤醒词...
2025-08-05 11:49:00,184 - hardware.audio_interface - INFO - 开始检测唤醒词...
2025-08-05 11:49:05,224 - __main__ - INFO - 等待唤醒词...
2025-08-05 11:49:05,225 - hardware.audio_interface - INFO - 开始检测唤醒词...
2025-08-05 11:49:10,316 - __main__ - INFO - 等待唤醒词...
2025-08-05 11:49:10,318 - hardware.audio_interface - INFO - 开始检测唤醒词...
2025-08-05 11:49:15,417 - __main__ - INFO - 等待唤醒词...
2025-08-05 11:49:15,418 - hardware.audio_interface - INFO - 开始检测唤醒词...
2025-08-05 11:49:20,457 - __main__ - INFO - 等待唤醒词...
2025-08-05 11:49:20,459 - hardware.audio_interface - INFO - 开始检测唤醒词...
2025-08-05 11:49:25,497 - __main__ - INFO - 等待唤醒词...
2025-08-05 11:49:25,499 - hardware.audio_interface - INFO - 开始检测唤醒词...
2025-08-05 11:49:30,536 - __main__ - INFO - 等待唤醒词...
2025-08-05 11:49:30,538 - hardware.audio_interface - INFO - 开始检测唤醒词...
2025-08-05 11:49:35,576 - __main__ - INFO - 等待唤醒词...
2025-08-05 11:49:35,577 - hardware.audio_interface - INFO - 开始检测唤醒词...
2025-08-05 11:49:40,617 - __main__ - INFO - 等待唤醒词...
2025-08-05 11:49:40,618 - hardware.audio_interface - INFO - 开始检测唤醒词...
2025-08-05 11:49:45,661 - __main__ - INFO - 等待唤醒词...
2025-08-05 11:49:45,662 - hardware.audio_interface - INFO - 开始检测唤醒词...
2025-08-05 11:49:50,699 - __main__ - INFO - 等待唤醒词...
2025-08-05 11:49:50,701 - hardware.audio_interface - INFO - 开始检测唤醒词...
2025-08-05 11:49:55,742 - __main__ - INFO - 等待唤醒词...
2025-08-05 11:49:55,743 - hardware.audio_interface - INFO - 开始检测唤醒词...
2025-08-05 11:50:00,793 - __main__ - INFO - 等待唤醒词...
2025-08-05 11:50:00,795 - hardware.audio_interface - INFO - 开始检测唤醒词...
2025-08-05 11:50:05,833 - __main__ - INFO - 等待唤醒词...
2025-08-05 11:50:05,835 - hardware.audio_interface - INFO - 开始检测唤醒词...
2025-08-05 11:50:10,874 - __main__ - INFO - 等待唤醒词...
2025-08-05 11:50:10,875 - hardware.audio_interface - INFO - 开始检测唤醒词...
2025-08-05 11:50:15,912 - __main__ - INFO - 等待唤醒词...
2025-08-05 11:50:15,914 - hardware.audio_interface - INFO - 开始检测唤醒词...
2025-08-05 11:50:20,951 - __main__ - INFO - 等待唤醒词...
2025-08-05 11:50:20,953 - hardware.audio_interface - INFO - 开始检测唤醒词...
2025-08-05 11:50:25,992 - __main__ - INFO - 等待唤醒词...
2025-08-05 11:50:25,994 - hardware.audio_interface - INFO - 开始检测唤醒词...
2025-08-05 11:50:31,030 - __main__ - INFO - 等待唤醒词...
2025-08-05 11:50:31,032 - hardware.audio_interface - INFO - 开始检测唤醒词...
2025-08-05 11:50:36,069 - __main__ - INFO - 等待唤醒词...
2025-08-05 11:50:36,071 - hardware.audio_interface - INFO - 开始检测唤醒词...
2025-08-05 11:50:41,104 - __main__ - INFO - 等待唤醒词...
2025-08-05 11:50:41,105 - hardware.audio_interface - INFO - 开始检测唤醒词...
2025-08-05 11:50:46,167 - __main__ - INFO - 等待唤醒词...
2025-08-05 11:50:46,169 - hardware.audio_interface - INFO - 开始检测唤醒词...
2025-08-05 11:50:51,206 - __main__ - INFO - 等待唤醒词...
2025-08-05 11:50:51,207 - hardware.audio_interface - INFO - 开始检测唤醒词...
2025-08-05 11:50:56,243 - __main__ - INFO - 等待唤醒词...
2025-08-05 11:50:56,244 - hardware.audio_interface - INFO - 开始检测唤醒词...
2025-08-05 11:51:01,280 - __main__ - INFO - 等待唤醒词...
2025-08-05 11:51:01,282 - hardware.audio_interface - INFO - 开始检测唤醒词...
2025-08-05 11:51:06,288 - __main__ - INFO - 等待唤醒词...
2025-08-05 11:51:06,290 - hardware.audio_interface - INFO - 开始检测唤醒词...
2025-08-05 11:51:11,370 - __main__ - INFO - 等待唤醒词...
2025-08-05 11:51:11,371 - hardware.audio_interface - INFO - 开始检测唤醒词...
2025-08-05 11:51:16,464 - __main__ - INFO - 等待唤醒词...
2025-08-05 11:51:16,466 - hardware.audio_interface - INFO - 开始检测唤醒词...
2025-08-05 11:51:21,506 - __main__ - INFO - 等待唤醒词...
2025-08-05 11:51:21,507 - hardware.audio_interface - INFO - 开始检测唤醒词...
2025-08-05 11:51:26,545 - __main__ - INFO - 等待唤醒词...
2025-08-05 11:51:26,547 - hardware.audio_interface - INFO - 开始检测唤醒词...
2025-08-05 11:51:31,585 - __main__ - INFO - 等待唤醒词...
2025-08-05 11:51:31,587 - hardware.audio_interface - INFO - 开始检测唤醒词...
2025-08-05 11:51:36,624 - __main__ - INFO - 等待唤醒词...
2025-08-05 11:51:36,626 - hardware.audio_interface - INFO - 开始检测唤醒词...
2025-08-05 11:51:41,671 - __main__ - INFO - 等待唤醒词...
2025-08-05 11:51:41,673 - hardware.audio_interface - INFO - 开始检测唤醒词...
2025-08-05 11:51:46,712 - __main__ - INFO - 等待唤醒词...
2025-08-05 11:51:46,713 - hardware.audio_interface - INFO - 开始检测唤醒词...
2025-08-05 11:51:51,777 - __main__ - INFO - 等待唤醒词...
2025-08-05 11:51:51,779 - hardware.audio_interface - INFO - 开始检测唤醒词...
2025-08-05 11:51:56,780 - __main__ - INFO - 等待唤醒词...
2025-08-05 11:51:56,781 - hardware.audio_interface - INFO - 开始检测唤醒词...
2025-08-05 11:52:01,816 - __main__ - INFO - 等待唤醒词...
2025-08-05 11:52:01,818 - hardware.audio_interface - INFO - 开始检测唤醒词...
2025-08-05 11:52:06,903 - __main__ - INFO - 等待唤醒词...
2025-08-05 11:52:06,904 - hardware.audio_interface - INFO - 开始检测唤醒词...
2025-08-05 11:52:11,965 - __main__ - INFO - 等待唤醒词...
2025-08-05 11:52:11,967 - hardware.audio_interface - INFO - 开始检测唤醒词...
2025-08-05 11:52:17,027 - __main__ - INFO - 等待唤醒词...
2025-08-05 11:52:17,029 - hardware.audio_interface - INFO - 开始检测唤醒词...
2025-08-05 11:52:22,087 - __main__ - INFO - 等待唤醒词...
2025-08-05 11:52:22,089 - hardware.audio_interface - INFO - 开始检测唤醒词...
2025-08-05 11:52:27,096 - __main__ - INFO - 等待唤醒词...
2025-08-05 11:52:27,098 - hardware.audio_interface - INFO - 开始检测唤醒词...
2025-08-05 11:52:32,103 - __main__ - INFO - 等待唤醒词...
2025-08-05 11:52:32,104 - hardware.audio_interface - INFO - 开始检测唤醒词...
2025-08-05 11:52:37,166 - __main__ - INFO - 等待唤醒词...
2025-08-05 11:52:37,169 - hardware.audio_interface - INFO - 开始检测唤醒词...
2025-08-05 11:52:42,206 - __main__ - INFO - 等待唤醒词...
2025-08-05 11:52:42,208 - hardware.audio_interface - INFO - 开始检测唤醒词...
2025-08-05 11:52:47,245 - __main__ - INFO - 等待唤醒词...
2025-08-05 11:52:47,247 - hardware.audio_interface - INFO - 开始检测唤醒词...
2025-08-05 11:52:52,263 - __main__ - INFO - 等待唤醒词...
2025-08-05 11:52:52,264 - hardware.audio_interface - INFO - 开始检测唤醒词...
2025-08-05 11:52:57,298 - __main__ - INFO - 等待唤醒词...
2025-08-05 11:52:57,300 - hardware.audio_interface - INFO - 开始检测唤醒词...
2025-08-05 11:53:02,340 - __main__ - INFO - 等待唤醒词...
2025-08-05 11:53:02,342 - hardware.audio_interface - INFO - 开始检测唤醒词...
2025-08-05 11:53:07,380 - __main__ - INFO - 等待唤醒词...
2025-08-05 11:53:07,381 - hardware.audio_interface - INFO - 开始检测唤醒词...
2025-08-05 11:53:12,488 - __main__ - INFO - 等待唤醒词...
2025-08-05 11:53:12,489 - hardware.audio_interface - INFO - 开始检测唤醒词...
2025-08-05 11:53:17,547 - __main__ - INFO - 等待唤醒词...
2025-08-05 11:53:17,549 - hardware.audio_interface - INFO - 开始检测唤醒词...
2025-08-05 11:53:22,633 - __main__ - INFO - 等待唤醒词...
2025-08-05 11:53:22,634 - hardware.audio_interface - INFO - 开始检测唤醒词...
2025-08-05 11:53:27,668 - __main__ - INFO - 等待唤醒词...
2025-08-05 11:53:27,669 - hardware.audio_interface - INFO - 开始检测唤醒词...
2025-08-05 11:53:32,701 - __main__ - INFO - 等待唤醒词...
2025-08-05 11:53:32,702 - hardware.audio_interface - INFO - 开始检测唤醒词...
2025-08-05 11:53:37,790 - __main__ - INFO - 等待唤醒词...
2025-08-05 11:53:37,791 - hardware.audio_interface - INFO - 开始检测唤醒词...
2025-08-05 11:53:42,829 - __main__ - INFO - 等待唤醒词...
2025-08-05 11:53:42,830 - hardware.audio_interface - INFO - 开始检测唤醒词...
2025-08-05 11:53:47,866 - __main__ - INFO - 等待唤醒词...
2025-08-05 11:53:47,867 - hardware.audio_interface - INFO - 开始检测唤醒词...
2025-08-05 11:53:52,915 - __main__ - INFO - 等待唤醒词...
2025-08-05 11:53:52,916 - hardware.audio_interface - INFO - 开始检测唤醒词...
2025-08-05 11:53:57,957 - __main__ - INFO - 等待唤醒词...
2025-08-05 11:53:57,958 - hardware.audio_interface - INFO - 开始检测唤醒词...
2025-08-05 11:54:03,025 - __main__ - INFO - 等待唤醒词...
2025-08-05 11:54:03,027 - hardware.audio_interface - INFO - 开始检测唤醒词...
2025-08-05 11:54:08,076 - __main__ - INFO - 等待唤醒词...
2025-08-05 11:54:08,077 - hardware.audio_interface - INFO - 开始检测唤醒词...
2025-08-05 11:54:13,113 - __main__ - INFO - 等待唤醒词...
2025-08-05 11:54:13,114 - hardware.audio_interface - INFO - 开始检测唤醒词...
2025-08-05 11:54:18,154 - __main__ - INFO - 等待唤醒词...
2025-08-05 11:54:18,156 - hardware.audio_interface - INFO - 开始检测唤醒词...
2025-08-05 11:54:23,195 - __main__ - INFO - 等待唤醒词...
2025-08-05 11:54:23,197 - hardware.audio_interface - INFO - 开始检测唤醒词...
2025-08-05 11:54:28,234 - __main__ - INFO - 等待唤醒词...
2025-08-05 11:54:28,235 - hardware.audio_interface - INFO - 开始检测唤醒词...
2025-08-05 11:54:33,273 - __main__ - INFO - 等待唤醒词...
2025-08-05 11:54:33,274 - hardware.audio_interface - INFO - 开始检测唤醒词...
2025-08-05 11:54:37,314 - apscheduler.executors.default - INFO - Running job "CleanupScheduler._cleanup_task (trigger: interval[0:10:00], next run at: 2025-08-05 12:04:37 CST)" (scheduled at 2025-08-05 11:54:37.314147+08:00)
2025-08-05 11:54:37,314 - utils.cleaner - INFO - 完成安全清理，共删除 0 个旧文件
2025-08-05 11:54:37,314 - apscheduler.executors.default - INFO - Job "CleanupScheduler._cleanup_task (trigger: interval[0:10:00], next run at: 2025-08-05 12:04:37 CST)" executed successfully
2025-08-05 11:54:38,323 - __main__ - INFO - 等待唤醒词...
2025-08-05 11:54:38,324 - hardware.audio_interface - INFO - 开始检测唤醒词...
2025-08-05 11:54:43,332 - __main__ - INFO - 等待唤醒词...
2025-08-05 11:54:43,333 - hardware.audio_interface - INFO - 开始检测唤醒词...
2025-08-05 11:54:48,420 - __main__ - INFO - 等待唤醒词...
2025-08-05 11:54:48,421 - hardware.audio_interface - INFO - 开始检测唤醒词...
2025-08-05 11:54:53,506 - __main__ - INFO - 等待唤醒词...
2025-08-05 11:54:53,507 - hardware.audio_interface - INFO - 开始检测唤醒词...
2025-08-05 11:54:58,537 - __main__ - INFO - 等待唤醒词...
2025-08-05 11:54:58,539 - hardware.audio_interface - INFO - 开始检测唤醒词...
2025-08-05 11:55:03,574 - __main__ - INFO - 等待唤醒词...
2025-08-05 11:55:03,575 - hardware.audio_interface - INFO - 开始检测唤醒词...
2025-08-05 11:55:08,609 - __main__ - INFO - 等待唤醒词...
2025-08-05 11:55:08,610 - hardware.audio_interface - INFO - 开始检测唤醒词...
2025-08-05 11:55:13,643 - __main__ - INFO - 等待唤醒词...
2025-08-05 11:55:13,645 - hardware.audio_interface - INFO - 开始检测唤醒词...
2025-08-05 11:55:18,648 - __main__ - INFO - 等待唤醒词...
2025-08-05 11:55:18,649 - hardware.audio_interface - INFO - 开始检测唤醒词...
2025-08-05 11:55:23,744 - __main__ - INFO - 等待唤醒词...
2025-08-05 11:55:23,746 - hardware.audio_interface - INFO - 开始检测唤醒词...
2025-08-05 11:55:28,796 - __main__ - INFO - 等待唤醒词...
2025-08-05 11:55:28,797 - hardware.audio_interface - INFO - 开始检测唤醒词...
2025-08-05 11:55:33,839 - __main__ - INFO - 等待唤醒词...
2025-08-05 11:55:33,840 - hardware.audio_interface - INFO - 开始检测唤醒词...
2025-08-05 11:55:38,875 - __main__ - INFO - 等待唤醒词...
2025-08-05 11:55:38,876 - hardware.audio_interface - INFO - 开始检测唤醒词...
2025-08-05 11:55:43,908 - __main__ - INFO - 等待唤醒词...
2025-08-05 11:55:43,910 - hardware.audio_interface - INFO - 开始检测唤醒词...
2025-08-05 11:55:48,995 - __main__ - INFO - 等待唤醒词...
2025-08-05 11:55:48,996 - hardware.audio_interface - INFO - 开始检测唤醒词...
2025-08-05 11:55:54,083 - __main__ - INFO - 等待唤醒词...
2025-08-05 11:55:54,084 - hardware.audio_interface - INFO - 开始检测唤醒词...
2025-08-05 11:55:59,117 - __main__ - INFO - 等待唤醒词...
2025-08-05 11:55:59,119 - hardware.audio_interface - INFO - 开始检测唤醒词...
2025-08-05 11:56:04,125 - __main__ - INFO - 等待唤醒词...
2025-08-05 11:56:04,127 - hardware.audio_interface - INFO - 开始检测唤醒词...
2025-08-05 11:56:09,158 - __main__ - INFO - 等待唤醒词...
2025-08-05 11:56:09,159 - hardware.audio_interface - INFO - 开始检测唤醒词...
2025-08-05 11:56:14,192 - __main__ - INFO - 等待唤醒词...
2025-08-05 11:56:14,193 - hardware.audio_interface - INFO - 开始检测唤醒词...
2025-08-05 11:56:19,280 - __main__ - INFO - 等待唤醒词...
2025-08-05 11:56:19,282 - hardware.audio_interface - INFO - 开始检测唤醒词...
2025-08-05 11:56:24,322 - __main__ - INFO - 等待唤醒词...
2025-08-05 11:56:24,326 - hardware.audio_interface - INFO - 开始检测唤醒词...
2025-08-05 11:56:29,365 - __main__ - INFO - 等待唤醒词...
2025-08-05 11:56:29,367 - hardware.audio_interface - INFO - 开始检测唤醒词...
2025-08-05 11:56:34,405 - __main__ - INFO - 等待唤醒词...
2025-08-05 11:56:34,406 - hardware.audio_interface - INFO - 开始检测唤醒词...
2025-08-05 11:56:39,444 - __main__ - INFO - 等待唤醒词...
2025-08-05 11:56:39,445 - hardware.audio_interface - INFO - 开始检测唤醒词...
2025-08-05 11:56:44,484 - __main__ - INFO - 等待唤醒词...
2025-08-05 11:56:44,485 - hardware.audio_interface - INFO - 开始检测唤醒词...
2025-08-05 11:56:49,523 - __main__ - INFO - 等待唤醒词...
2025-08-05 11:56:49,525 - hardware.audio_interface - INFO - 开始检测唤醒词...
2025-08-05 11:56:54,560 - __main__ - INFO - 等待唤醒词...
2025-08-05 11:56:54,562 - hardware.audio_interface - INFO - 开始检测唤醒词...
2025-08-05 11:56:59,598 - __main__ - INFO - 等待唤醒词...
2025-08-05 11:56:59,599 - hardware.audio_interface - INFO - 开始检测唤醒词...
2025-08-05 11:57:04,638 - __main__ - INFO - 等待唤醒词...
2025-08-05 11:57:04,639 - hardware.audio_interface - INFO - 开始检测唤醒词...
2025-08-05 11:57:09,694 - __main__ - INFO - 等待唤醒词...
2025-08-05 11:57:09,695 - hardware.audio_interface - INFO - 开始检测唤醒词...
2025-08-05 11:57:14,731 - __main__ - INFO - 等待唤醒词...
2025-08-05 11:57:14,732 - hardware.audio_interface - INFO - 开始检测唤醒词...
2025-08-05 11:57:19,768 - __main__ - INFO - 等待唤醒词...
2025-08-05 11:57:19,769 - hardware.audio_interface - INFO - 开始检测唤醒词...
2025-08-05 11:57:24,807 - __main__ - INFO - 等待唤醒词...
2025-08-05 11:57:24,809 - hardware.audio_interface - INFO - 开始检测唤醒词...
2025-08-05 11:57:29,851 - __main__ - INFO - 等待唤醒词...
2025-08-05 11:57:29,853 - hardware.audio_interface - INFO - 开始检测唤醒词...
2025-08-05 11:57:34,886 - __main__ - INFO - 等待唤醒词...
2025-08-05 11:57:34,887 - hardware.audio_interface - INFO - 开始检测唤醒词...
2025-08-05 11:57:39,895 - __main__ - INFO - 等待唤醒词...
2025-08-05 11:57:39,896 - hardware.audio_interface - INFO - 开始检测唤醒词...
2025-08-05 11:57:44,991 - __main__ - INFO - 等待唤醒词...
2025-08-05 11:57:44,993 - hardware.audio_interface - INFO - 开始检测唤醒词...
2025-08-05 11:57:50,032 - __main__ - INFO - 等待唤醒词...
2025-08-05 11:57:50,034 - hardware.audio_interface - INFO - 开始检测唤醒词...
2025-08-05 11:57:55,074 - __main__ - INFO - 等待唤醒词...
2025-08-05 11:57:55,076 - hardware.audio_interface - INFO - 开始检测唤醒词...
2025-08-05 11:58:00,114 - __main__ - INFO - 等待唤醒词...
2025-08-05 11:58:00,116 - hardware.audio_interface - INFO - 开始检测唤醒词...
2025-08-05 11:58:05,180 - __main__ - INFO - 等待唤醒词...
2025-08-05 11:58:05,182 - hardware.audio_interface - INFO - 开始检测唤醒词...
2025-08-05 11:58:10,287 - __main__ - INFO - 等待唤醒词...
2025-08-05 11:58:10,288 - hardware.audio_interface - INFO - 开始检测唤醒词...
2025-08-05 11:58:15,326 - __main__ - INFO - 等待唤醒词...
2025-08-05 11:58:15,327 - hardware.audio_interface - INFO - 开始检测唤醒词...
2025-08-05 11:58:20,366 - __main__ - INFO - 等待唤醒词...
2025-08-05 11:58:20,368 - hardware.audio_interface - INFO - 开始检测唤醒词...
2025-08-05 11:58:25,406 - __main__ - INFO - 等待唤醒词...
2025-08-05 11:58:25,407 - hardware.audio_interface - INFO - 开始检测唤醒词...
2025-08-05 11:58:30,444 - __main__ - INFO - 等待唤醒词...
2025-08-05 11:58:30,446 - hardware.audio_interface - INFO - 开始检测唤醒词...
2025-08-05 11:58:35,542 - __main__ - INFO - 等待唤醒词...
2025-08-05 11:58:35,543 - hardware.audio_interface - INFO - 开始检测唤醒词...
2025-08-05 11:58:40,626 - __main__ - INFO - 等待唤醒词...
2025-08-05 11:58:40,627 - hardware.audio_interface - INFO - 开始检测唤醒词...
2025-08-05 11:58:45,715 - __main__ - INFO - 等待唤醒词...
2025-08-05 11:58:45,716 - hardware.audio_interface - INFO - 开始检测唤醒词...
2025-08-05 11:58:50,721 - __main__ - INFO - 等待唤醒词...
2025-08-05 11:58:50,723 - hardware.audio_interface - INFO - 开始检测唤醒词...
2025-08-05 11:58:55,759 - __main__ - INFO - 等待唤醒词...
2025-08-05 11:58:55,760 - hardware.audio_interface - INFO - 开始检测唤醒词...
2025-08-05 11:59:00,797 - __main__ - INFO - 等待唤醒词...
2025-08-05 11:59:00,799 - hardware.audio_interface - INFO - 开始检测唤醒词...
2025-08-05 11:59:05,836 - __main__ - INFO - 等待唤醒词...
2025-08-05 11:59:05,838 - hardware.audio_interface - INFO - 开始检测唤醒词...
2025-08-05 11:59:10,876 - __main__ - INFO - 等待唤醒词...
2025-08-05 11:59:10,878 - hardware.audio_interface - INFO - 开始检测唤醒词...
2025-08-05 11:59:15,916 - __main__ - INFO - 等待唤醒词...
2025-08-05 11:59:15,918 - hardware.audio_interface - INFO - 开始检测唤醒词...
2025-08-05 11:59:20,954 - __main__ - INFO - 等待唤醒词...
2025-08-05 11:59:20,955 - hardware.audio_interface - INFO - 开始检测唤醒词...
2025-08-05 11:59:25,994 - __main__ - INFO - 等待唤醒词...
2025-08-05 11:59:25,996 - hardware.audio_interface - INFO - 开始检测唤醒词...
2025-08-05 11:59:31,034 - __main__ - INFO - 等待唤醒词...
2025-08-05 11:59:31,036 - hardware.audio_interface - INFO - 开始检测唤醒词...
2025-08-05 11:59:36,073 - __main__ - INFO - 等待唤醒词...
2025-08-05 11:59:36,075 - hardware.audio_interface - INFO - 开始检测唤醒词...
2025-08-05 11:59:41,111 - __main__ - INFO - 等待唤醒词...
2025-08-05 11:59:41,113 - hardware.audio_interface - INFO - 开始检测唤醒词...
2025-08-05 11:59:46,152 - __main__ - INFO - 等待唤醒词...
2025-08-05 11:59:46,153 - hardware.audio_interface - INFO - 开始检测唤醒词...
2025-08-05 11:59:51,191 - __main__ - INFO - 等待唤醒词...
2025-08-05 11:59:51,192 - hardware.audio_interface - INFO - 开始检测唤醒词...
2025-08-05 11:59:56,246 - __main__ - INFO - 等待唤醒词...
2025-08-05 11:59:56,247 - hardware.audio_interface - INFO - 开始检测唤醒词...
2025-08-05 12:00:01,285 - __main__ - INFO - 等待唤醒词...
2025-08-05 12:00:01,286 - hardware.audio_interface - INFO - 开始检测唤醒词...
2025-08-05 12:00:06,321 - __main__ - INFO - 等待唤醒词...
2025-08-05 12:00:06,323 - hardware.audio_interface - INFO - 开始检测唤醒词...
2025-08-05 12:00:11,361 - __main__ - INFO - 等待唤醒词...
2025-08-05 12:00:11,362 - hardware.audio_interface - INFO - 开始检测唤醒词...
2025-08-05 12:00:16,399 - __main__ - INFO - 等待唤醒词...
2025-08-05 12:00:16,401 - hardware.audio_interface - INFO - 开始检测唤醒词...
2025-08-05 12:00:21,440 - __main__ - INFO - 等待唤醒词...
2025-08-05 12:00:21,442 - hardware.audio_interface - INFO - 开始检测唤醒词...
2025-08-05 12:00:26,478 - __main__ - INFO - 等待唤醒词...
2025-08-05 12:00:26,480 - hardware.audio_interface - INFO - 开始检测唤醒词...
2025-08-05 12:00:31,518 - __main__ - INFO - 等待唤醒词...
2025-08-05 12:00:31,519 - hardware.audio_interface - INFO - 开始检测唤醒词...
2025-08-05 12:00:36,556 - __main__ - INFO - 等待唤醒词...
2025-08-05 12:00:36,557 - hardware.audio_interface - INFO - 开始检测唤醒词...
2025-08-05 12:00:41,614 - __main__ - INFO - 等待唤醒词...
2025-08-05 12:00:41,615 - hardware.audio_interface - INFO - 开始检测唤醒词...
2025-08-05 12:00:46,669 - __main__ - INFO - 等待唤醒词...
2025-08-05 12:00:46,670 - hardware.audio_interface - INFO - 开始检测唤醒词...
2025-08-05 12:00:51,726 - __main__ - INFO - 等待唤醒词...
2025-08-05 12:00:51,727 - hardware.audio_interface - INFO - 开始检测唤醒词...
2025-08-05 12:00:56,760 - __main__ - INFO - 等待唤醒词...
2025-08-05 12:00:56,761 - hardware.audio_interface - INFO - 开始检测唤醒词...
2025-08-05 12:01:01,794 - __main__ - INFO - 等待唤醒词...
2025-08-05 12:01:01,795 - hardware.audio_interface - INFO - 开始检测唤醒词...
2025-08-05 12:01:06,797 - __main__ - INFO - 等待唤醒词...
2025-08-05 12:01:06,798 - hardware.audio_interface - INFO - 开始检测唤醒词...
2025-08-05 12:01:11,833 - __main__ - INFO - 等待唤醒词...
2025-08-05 12:01:11,834 - hardware.audio_interface - INFO - 开始检测唤醒词...
2025-08-05 12:01:16,874 - __main__ - INFO - 等待唤醒词...
2025-08-05 12:01:16,875 - hardware.audio_interface - INFO - 开始检测唤醒词...
2025-08-05 12:01:21,909 - __main__ - INFO - 等待唤醒词...
2025-08-05 12:01:21,910 - hardware.audio_interface - INFO - 开始检测唤醒词...
2025-08-05 12:01:26,915 - __main__ - INFO - 等待唤醒词...
2025-08-05 12:01:26,916 - hardware.audio_interface - INFO - 开始检测唤醒词...
2025-08-05 12:01:32,000 - __main__ - INFO - 等待唤醒词...
2025-08-05 12:01:32,001 - hardware.audio_interface - INFO - 开始检测唤醒词...
2025-08-05 12:01:37,035 - __main__ - INFO - 等待唤醒词...
2025-08-05 12:01:37,037 - hardware.audio_interface - INFO - 开始检测唤醒词...
2025-08-05 12:01:42,078 - __main__ - INFO - 等待唤醒词...
2025-08-05 12:01:42,079 - hardware.audio_interface - INFO - 开始检测唤醒词...
2025-08-05 12:01:47,114 - __main__ - INFO - 等待唤醒词...
2025-08-05 12:01:47,116 - hardware.audio_interface - INFO - 开始检测唤醒词...
2025-08-05 12:01:52,118 - __main__ - INFO - 等待唤醒词...
2025-08-05 12:01:52,120 - hardware.audio_interface - INFO - 开始检测唤醒词...
2025-08-05 12:01:57,207 - __main__ - INFO - 等待唤醒词...
2025-08-05 12:01:57,208 - hardware.audio_interface - INFO - 开始检测唤醒词...
2025-08-05 12:02:02,238 - __main__ - INFO - 等待唤醒词...
2025-08-05 12:02:02,240 - hardware.audio_interface - INFO - 开始检测唤醒词...
2025-08-05 12:02:07,323 - __main__ - INFO - 等待唤醒词...
2025-08-05 12:02:07,324 - hardware.audio_interface - INFO - 开始检测唤醒词...
2025-08-05 12:02:12,358 - __main__ - INFO - 等待唤醒词...
2025-08-05 12:02:12,360 - hardware.audio_interface - INFO - 开始检测唤醒词...
2025-08-05 12:02:17,394 - __main__ - INFO - 等待唤醒词...
2025-08-05 12:02:17,396 - hardware.audio_interface - INFO - 开始检测唤醒词...
2025-08-05 12:02:22,432 - __main__ - INFO - 等待唤醒词...
2025-08-05 12:02:22,433 - hardware.audio_interface - INFO - 开始检测唤醒词...
2025-08-05 12:02:27,538 - __main__ - INFO - 等待唤醒词...
2025-08-05 12:02:27,540 - hardware.audio_interface - INFO - 开始检测唤醒词...
2025-08-05 12:02:32,635 - __main__ - INFO - 等待唤醒词...
2025-08-05 12:02:32,637 - hardware.audio_interface - INFO - 开始检测唤醒词...
2025-08-05 12:02:37,638 - __main__ - INFO - 等待唤醒词...
2025-08-05 12:02:37,639 - hardware.audio_interface - INFO - 开始检测唤醒词...
2025-08-05 12:02:42,680 - __main__ - INFO - 等待唤醒词...
2025-08-05 12:02:42,681 - hardware.audio_interface - INFO - 开始检测唤醒词...
2025-08-05 12:02:47,719 - __main__ - INFO - 等待唤醒词...
2025-08-05 12:02:47,720 - hardware.audio_interface - INFO - 开始检测唤醒词...
2025-08-05 12:02:52,758 - __main__ - INFO - 等待唤醒词...
2025-08-05 12:02:52,760 - hardware.audio_interface - INFO - 开始检测唤醒词...
2025-08-05 12:02:57,798 - __main__ - INFO - 等待唤醒词...
2025-08-05 12:02:57,800 - hardware.audio_interface - INFO - 开始检测唤醒词...
2025-08-05 12:03:02,834 - __main__ - INFO - 等待唤醒词...
2025-08-05 12:03:02,835 - hardware.audio_interface - INFO - 开始检测唤醒词...
2025-08-05 12:03:07,870 - __main__ - INFO - 等待唤醒词...
2025-08-05 12:03:07,872 - hardware.audio_interface - INFO - 开始检测唤醒词...
2025-08-05 12:03:12,877 - __main__ - INFO - 等待唤醒词...
2025-08-05 12:03:12,879 - hardware.audio_interface - INFO - 开始检测唤醒词...
2025-08-05 12:03:17,921 - __main__ - INFO - 等待唤醒词...
2025-08-05 12:03:17,923 - hardware.audio_interface - INFO - 开始检测唤醒词...
2025-08-05 12:03:22,978 - __main__ - INFO - 等待唤醒词...
2025-08-05 12:03:22,979 - hardware.audio_interface - INFO - 开始检测唤醒词...
2025-08-05 12:03:28,017 - __main__ - INFO - 等待唤醒词...
2025-08-05 12:03:28,018 - hardware.audio_interface - INFO - 开始检测唤醒词...
2025-08-05 12:03:33,058 - __main__ - INFO - 等待唤醒词...
2025-08-05 12:03:33,060 - hardware.audio_interface - INFO - 开始检测唤醒词...
2025-08-05 12:03:38,096 - __main__ - INFO - 等待唤醒词...
2025-08-05 12:03:38,098 - hardware.audio_interface - INFO - 开始检测唤醒词...
2025-08-05 12:03:43,144 - __main__ - INFO - 等待唤醒词...
2025-08-05 12:03:43,146 - hardware.audio_interface - INFO - 开始检测唤醒词...
2025-08-05 12:03:48,226 - __main__ - INFO - 等待唤醒词...
2025-08-05 12:03:48,227 - hardware.audio_interface - INFO - 开始检测唤醒词...
2025-08-05 12:03:53,312 - __main__ - INFO - 等待唤醒词...
2025-08-05 12:03:53,313 - hardware.audio_interface - INFO - 开始检测唤醒词...
2025-08-05 12:03:58,317 - __main__ - INFO - 等待唤醒词...
2025-08-05 12:03:58,319 - hardware.audio_interface - INFO - 开始检测唤醒词...
2025-08-05 12:04:03,355 - __main__ - INFO - 等待唤醒词...
2025-08-05 12:04:03,356 - hardware.audio_interface - INFO - 开始检测唤醒词...
2025-08-05 12:04:08,360 - __main__ - INFO - 等待唤醒词...
2025-08-05 12:04:08,361 - hardware.audio_interface - INFO - 开始检测唤醒词...
2025-08-05 12:04:13,395 - __main__ - INFO - 等待唤醒词...
2025-08-05 12:04:13,397 - hardware.audio_interface - INFO - 开始检测唤醒词...
2025-08-05 12:04:18,404 - __main__ - INFO - 等待唤醒词...
2025-08-05 12:04:18,406 - hardware.audio_interface - INFO - 开始检测唤醒词...
2025-08-05 12:04:23,415 - __main__ - INFO - 等待唤醒词...
2025-08-05 12:04:23,416 - hardware.audio_interface - INFO - 开始检测唤醒词...
2025-08-05 12:04:28,446 - __main__ - INFO - 等待唤醒词...
2025-08-05 12:04:28,447 - hardware.audio_interface - INFO - 开始检测唤醒词...
2025-08-05 12:04:33,480 - __main__ - INFO - 等待唤醒词...
2025-08-05 12:04:33,482 - hardware.audio_interface - INFO - 开始检测唤醒词...
2025-08-05 12:04:37,314 - apscheduler.executors.default - INFO - Running job "CleanupScheduler._cleanup_task (trigger: interval[0:10:00], next run at: 2025-08-05 12:14:37 CST)" (scheduled at 2025-08-05 12:04:37.314147+08:00)
2025-08-05 12:04:37,314 - utils.cleaner - INFO - 完成安全清理，共删除 0 个旧文件
2025-08-05 12:04:37,314 - apscheduler.executors.default - INFO - Job "CleanupScheduler._cleanup_task (trigger: interval[0:10:00], next run at: 2025-08-05 12:14:37 CST)" executed successfully
2025-08-05 12:04:38,519 - __main__ - INFO - 等待唤醒词...
2025-08-05 12:04:38,521 - hardware.audio_interface - INFO - 开始检测唤醒词...
2025-08-05 12:04:43,559 - __main__ - INFO - 等待唤醒词...
2025-08-05 12:04:43,560 - hardware.audio_interface - INFO - 开始检测唤醒词...
2025-08-05 12:04:48,599 - __main__ - INFO - 等待唤醒词...
2025-08-05 12:04:48,600 - hardware.audio_interface - INFO - 开始检测唤醒词...
2025-08-05 12:04:53,636 - __main__ - INFO - 等待唤醒词...
2025-08-05 12:04:53,638 - hardware.audio_interface - INFO - 开始检测唤醒词...
2025-08-05 12:04:58,673 - __main__ - INFO - 等待唤醒词...
2025-08-05 12:04:58,675 - hardware.audio_interface - INFO - 开始检测唤醒词...
2025-08-05 12:05:03,678 - __main__ - INFO - 等待唤醒词...
2025-08-05 12:05:03,679 - hardware.audio_interface - INFO - 开始检测唤醒词...
2025-08-05 12:05:08,768 - __main__ - INFO - 等待唤醒词...
2025-08-05 12:05:08,769 - hardware.audio_interface - INFO - 开始检测唤醒词...
2025-08-05 12:05:13,804 - __main__ - INFO - 等待唤醒词...
2025-08-05 12:05:13,806 - hardware.audio_interface - INFO - 开始检测唤醒词...
2025-08-05 12:05:18,863 - __main__ - INFO - 等待唤醒词...
2025-08-05 12:05:18,865 - hardware.audio_interface - INFO - 开始检测唤醒词...
2025-08-05 12:05:23,901 - __main__ - INFO - 等待唤醒词...
2025-08-05 12:05:23,903 - hardware.audio_interface - INFO - 开始检测唤醒词...
2025-08-05 12:05:28,935 - __main__ - INFO - 等待唤醒词...
2025-08-05 12:05:28,936 - hardware.audio_interface - INFO - 开始检测唤醒词...
2025-08-05 12:05:33,943 - __main__ - INFO - 等待唤醒词...
2025-08-05 12:05:33,945 - hardware.audio_interface - INFO - 开始检测唤醒词...
2025-08-05 12:05:39,005 - __main__ - INFO - 等待唤醒词...
2025-08-05 12:05:39,007 - hardware.audio_interface - INFO - 开始检测唤醒词...
2025-08-05 12:05:44,065 - __main__ - INFO - 等待唤醒词...
2025-08-05 12:05:44,066 - hardware.audio_interface - INFO - 开始检测唤醒词...
2025-08-05 12:05:49,128 - __main__ - INFO - 等待唤醒词...
2025-08-05 12:05:49,130 - hardware.audio_interface - INFO - 开始检测唤醒词...
2025-08-05 12:05:54,190 - __main__ - INFO - 等待唤醒词...
2025-08-05 12:05:54,192 - hardware.audio_interface - INFO - 开始检测唤醒词...
2025-08-05 12:05:59,278 - __main__ - INFO - 等待唤醒词...
2025-08-05 12:05:59,280 - hardware.audio_interface - INFO - 开始检测唤醒词...
2025-08-05 12:06:04,364 - __main__ - INFO - 等待唤醒词...
2025-08-05 12:06:04,366 - hardware.audio_interface - INFO - 开始检测唤醒词...
2025-08-05 12:06:09,406 - __main__ - INFO - 等待唤醒词...
2025-08-05 12:06:09,407 - hardware.audio_interface - INFO - 开始检测唤醒词...
2025-08-05 12:06:14,444 - __main__ - INFO - 等待唤醒词...
2025-08-05 12:06:14,446 - hardware.audio_interface - INFO - 开始检测唤醒词...
2025-08-05 12:06:19,481 - __main__ - INFO - 等待唤醒词...
2025-08-05 12:06:19,482 - hardware.audio_interface - INFO - 开始检测唤醒词...
2025-08-05 12:06:24,518 - __main__ - INFO - 等待唤醒词...
2025-08-05 12:06:24,519 - hardware.audio_interface - INFO - 开始检测唤醒词...
2025-08-05 12:06:29,558 - __main__ - INFO - 等待唤醒词...
2025-08-05 12:06:29,560 - hardware.audio_interface - INFO - 开始检测唤醒词...
2025-08-05 12:06:34,596 - __main__ - INFO - 等待唤醒词...
2025-08-05 12:06:34,597 - hardware.audio_interface - INFO - 开始检测唤醒词...
2025-08-05 12:06:39,636 - __main__ - INFO - 等待唤醒词...
2025-08-05 12:06:39,638 - hardware.audio_interface - INFO - 开始检测唤醒词...
2025-08-05 12:06:44,672 - __main__ - INFO - 等待唤醒词...
2025-08-05 12:06:44,673 - hardware.audio_interface - INFO - 开始检测唤醒词...
2025-08-05 12:06:49,705 - __main__ - INFO - 等待唤醒词...
2025-08-05 12:06:49,707 - hardware.audio_interface - INFO - 开始检测唤醒词...
2025-08-05 12:06:54,797 - __main__ - INFO - 等待唤醒词...
2025-08-05 12:06:54,799 - hardware.audio_interface - INFO - 开始检测唤醒词...
2025-08-05 12:06:59,836 - __main__ - INFO - 等待唤醒词...
2025-08-05 12:06:59,838 - hardware.audio_interface - INFO - 开始检测唤醒词...
2025-08-05 12:07:04,895 - __main__ - INFO - 等待唤醒词...
2025-08-05 12:07:04,897 - hardware.audio_interface - INFO - 开始检测唤醒词...
2025-08-05 12:07:09,937 - __main__ - INFO - 等待唤醒词...
2025-08-05 12:07:09,939 - hardware.audio_interface - INFO - 开始检测唤醒词...
2025-08-05 12:07:14,975 - __main__ - INFO - 等待唤醒词...
2025-08-05 12:07:14,977 - hardware.audio_interface - INFO - 开始检测唤醒词...
2025-08-05 12:07:20,011 - __main__ - INFO - 等待唤醒词...
2025-08-05 12:07:20,013 - hardware.audio_interface - INFO - 开始检测唤醒词...
2025-08-05 12:07:25,047 - __main__ - INFO - 等待唤醒词...
2025-08-05 12:07:25,049 - hardware.audio_interface - INFO - 开始检测唤醒词...
2025-08-05 12:07:30,086 - __main__ - INFO - 等待唤醒词...
2025-08-05 12:07:30,087 - hardware.audio_interface - INFO - 开始检测唤醒词...
2025-08-05 12:07:35,144 - __main__ - INFO - 等待唤醒词...
2025-08-05 12:07:35,145 - hardware.audio_interface - INFO - 开始检测唤醒词...
2025-08-05 12:07:40,182 - __main__ - INFO - 等待唤醒词...
2025-08-05 12:07:40,183 - hardware.audio_interface - INFO - 开始检测唤醒词...
2025-08-05 12:07:45,238 - __main__ - INFO - 等待唤醒词...
2025-08-05 12:07:45,239 - hardware.audio_interface - INFO - 开始检测唤醒词...
2025-08-05 12:07:50,272 - __main__ - INFO - 等待唤醒词...
2025-08-05 12:07:50,273 - hardware.audio_interface - INFO - 开始检测唤醒词...
2025-08-05 12:07:55,356 - __main__ - INFO - 等待唤醒词...
2025-08-05 12:07:55,358 - hardware.audio_interface - INFO - 开始检测唤醒词...
2025-08-05 12:08:00,446 - __main__ - INFO - 等待唤醒词...
2025-08-05 12:08:00,448 - hardware.audio_interface - INFO - 开始检测唤醒词...
2025-08-05 12:08:05,484 - __main__ - INFO - 等待唤醒词...
2025-08-05 12:08:05,485 - hardware.audio_interface - INFO - 开始检测唤醒词...
2025-08-05 12:08:10,538 - __main__ - INFO - 等待唤醒词...
2025-08-05 12:08:10,539 - hardware.audio_interface - INFO - 开始检测唤醒词...
2025-08-05 12:08:15,575 - __main__ - INFO - 等待唤醒词...
2025-08-05 12:08:15,576 - hardware.audio_interface - INFO - 开始检测唤醒词...
2025-08-05 12:08:20,612 - __main__ - INFO - 等待唤醒词...
2025-08-05 12:08:20,614 - hardware.audio_interface - INFO - 开始检测唤醒词...
2025-08-05 12:08:25,651 - __main__ - INFO - 等待唤醒词...
2025-08-05 12:08:25,652 - hardware.audio_interface - INFO - 开始检测唤醒词...
2025-08-05 12:08:30,705 - __main__ - INFO - 等待唤醒词...
2025-08-05 12:08:30,707 - hardware.audio_interface - INFO - 开始检测唤醒词...
2025-08-05 12:08:35,741 - __main__ - INFO - 等待唤醒词...
2025-08-05 12:08:35,743 - hardware.audio_interface - INFO - 开始检测唤醒词...
2025-08-05 12:08:40,778 - __main__ - INFO - 等待唤醒词...
2025-08-05 12:08:40,780 - hardware.audio_interface - INFO - 开始检测唤醒词...
2025-08-05 12:08:45,815 - __main__ - INFO - 等待唤醒词...
2025-08-05 12:08:45,817 - hardware.audio_interface - INFO - 开始检测唤醒词...
2025-08-05 12:08:50,853 - __main__ - INFO - 等待唤醒词...
2025-08-05 12:08:50,855 - hardware.audio_interface - INFO - 开始检测唤醒词...
2025-08-05 12:08:55,892 - __main__ - INFO - 等待唤醒词...
2025-08-05 12:08:55,894 - hardware.audio_interface - INFO - 开始检测唤醒词...
2025-08-05 12:09:00,933 - __main__ - INFO - 等待唤醒词...
2025-08-05 12:09:00,934 - hardware.audio_interface - INFO - 开始检测唤醒词...
2025-08-05 12:09:05,973 - __main__ - INFO - 等待唤醒词...
2025-08-05 12:09:05,974 - hardware.audio_interface - INFO - 开始检测唤醒词...
2025-08-05 12:09:11,008 - __main__ - INFO - 等待唤醒词...
2025-08-05 12:09:11,010 - hardware.audio_interface - INFO - 开始检测唤醒词...
2025-08-05 12:09:16,092 - __main__ - INFO - 等待唤醒词...
2025-08-05 12:09:16,093 - hardware.audio_interface - INFO - 开始检测唤醒词...
2025-08-05 12:09:21,101 - __main__ - INFO - 等待唤醒词...
2025-08-05 12:09:21,102 - hardware.audio_interface - INFO - 开始检测唤醒词...
2025-08-05 12:09:26,190 - __main__ - INFO - 等待唤醒词...
2025-08-05 12:09:26,192 - hardware.audio_interface - INFO - 开始检测唤醒词...
2025-08-05 12:09:31,248 - __main__ - INFO - 等待唤醒词...
2025-08-05 12:09:31,250 - hardware.audio_interface - INFO - 开始检测唤醒词...
2025-08-05 12:09:36,283 - __main__ - INFO - 等待唤醒词...
2025-08-05 12:09:36,284 - hardware.audio_interface - INFO - 开始检测唤醒词...
2025-08-05 12:09:41,341 - __main__ - INFO - 等待唤醒词...
2025-08-05 12:09:41,342 - hardware.audio_interface - INFO - 开始检测唤醒词...
2025-08-05 12:09:46,399 - __main__ - INFO - 等待唤醒词...
2025-08-05 12:09:46,400 - hardware.audio_interface - INFO - 开始检测唤醒词...
2025-08-05 12:09:51,436 - __main__ - INFO - 等待唤醒词...
2025-08-05 12:09:51,438 - hardware.audio_interface - INFO - 开始检测唤醒词...
2025-08-05 12:09:56,475 - __main__ - INFO - 等待唤醒词...
2025-08-05 12:09:56,476 - hardware.audio_interface - INFO - 开始检测唤醒词...
2025-08-05 12:10:01,514 - __main__ - INFO - 等待唤醒词...
2025-08-05 12:10:01,515 - hardware.audio_interface - INFO - 开始检测唤醒词...
2025-08-05 12:10:06,551 - __main__ - INFO - 等待唤醒词...
2025-08-05 12:10:06,554 - hardware.audio_interface - INFO - 开始检测唤醒词...
2025-08-05 12:10:11,591 - __main__ - INFO - 等待唤醒词...
2025-08-05 12:10:11,592 - hardware.audio_interface - INFO - 开始检测唤醒词...
2025-08-05 12:10:16,631 - __main__ - INFO - 等待唤醒词...
2025-08-05 12:10:16,633 - hardware.audio_interface - INFO - 开始检测唤醒词...
2025-08-05 12:10:21,680 - __main__ - INFO - 等待唤醒词...
2025-08-05 12:10:21,681 - hardware.audio_interface - INFO - 开始检测唤醒词...
2025-08-05 12:10:26,690 - __main__ - INFO - 等待唤醒词...
2025-08-05 12:10:26,691 - hardware.audio_interface - INFO - 开始检测唤醒词...
2025-08-05 12:10:31,700 - __main__ - INFO - 等待唤醒词...
2025-08-05 12:10:31,701 - hardware.audio_interface - INFO - 开始检测唤醒词...
2025-08-05 12:10:36,745 - __main__ - INFO - 等待唤醒词...
2025-08-05 12:10:36,746 - hardware.audio_interface - INFO - 开始检测唤醒词...
2025-08-05 12:10:41,835 - __main__ - INFO - 等待唤醒词...
2025-08-05 12:10:41,836 - hardware.audio_interface - INFO - 开始检测唤醒词...
2025-08-05 12:10:46,876 - __main__ - INFO - 等待唤醒词...
2025-08-05 12:10:46,878 - hardware.audio_interface - INFO - 开始检测唤醒词...
2025-08-05 12:10:51,915 - __main__ - INFO - 等待唤醒词...
2025-08-05 12:10:51,916 - hardware.audio_interface - INFO - 开始检测唤醒词...
2025-08-05 12:10:56,955 - __main__ - INFO - 等待唤醒词...
2025-08-05 12:10:56,956 - hardware.audio_interface - INFO - 开始检测唤醒词...
2025-08-05 12:11:01,991 - __main__ - INFO - 等待唤醒词...
2025-08-05 12:11:01,992 - hardware.audio_interface - INFO - 开始检测唤醒词...
2025-08-05 12:11:07,047 - __main__ - INFO - 等待唤醒词...
2025-08-05 12:11:07,048 - hardware.audio_interface - INFO - 开始检测唤醒词...
2025-08-05 12:11:12,102 - __main__ - INFO - 等待唤醒词...
2025-08-05 12:11:12,103 - hardware.audio_interface - INFO - 开始检测唤醒词...
2025-08-05 12:11:17,201 - __main__ - INFO - 等待唤醒词...
2025-08-05 12:11:17,202 - hardware.audio_interface - INFO - 开始检测唤醒词...
2025-08-05 12:11:22,238 - __main__ - INFO - 等待唤醒词...
2025-08-05 12:11:22,240 - hardware.audio_interface - INFO - 开始检测唤醒词...
2025-08-05 12:11:27,272 - __main__ - INFO - 等待唤醒词...
2025-08-05 12:11:27,273 - hardware.audio_interface - INFO - 开始检测唤醒词...
2025-08-05 12:11:32,280 - __main__ - INFO - 等待唤醒词...
2025-08-05 12:11:32,282 - hardware.audio_interface - INFO - 开始检测唤醒词...
2025-08-05 12:11:37,289 - __main__ - INFO - 等待唤醒词...
2025-08-05 12:11:37,290 - hardware.audio_interface - INFO - 开始检测唤醒词...
2025-08-05 12:11:42,298 - __main__ - INFO - 等待唤醒词...
2025-08-05 12:11:42,300 - hardware.audio_interface - INFO - 开始检测唤醒词...
2025-08-05 12:11:47,338 - __main__ - INFO - 等待唤醒词...
2025-08-05 12:11:47,340 - hardware.audio_interface - INFO - 开始检测唤醒词...
2025-08-05 12:11:52,377 - __main__ - INFO - 等待唤醒词...
2025-08-05 12:11:52,378 - hardware.audio_interface - INFO - 开始检测唤醒词...
2025-08-05 12:11:57,416 - __main__ - INFO - 等待唤醒词...
2025-08-05 12:11:57,417 - hardware.audio_interface - INFO - 开始检测唤醒词...
2025-08-05 12:12:02,455 - __main__ - INFO - 等待唤醒词...
2025-08-05 12:12:02,456 - hardware.audio_interface - INFO - 开始检测唤醒词...
2025-08-05 12:12:07,494 - __main__ - INFO - 等待唤醒词...
2025-08-05 12:12:07,496 - hardware.audio_interface - INFO - 开始检测唤醒词...
2025-08-05 12:12:12,584 - __main__ - INFO - 等待唤醒词...
2025-08-05 12:12:12,585 - hardware.audio_interface - INFO - 开始检测唤醒词...
2025-08-05 12:12:17,621 - __main__ - INFO - 等待唤醒词...
2025-08-05 12:12:17,622 - hardware.audio_interface - INFO - 开始检测唤醒词...
2025-08-05 12:12:22,658 - __main__ - INFO - 等待唤醒词...
2025-08-05 12:12:22,659 - hardware.audio_interface - INFO - 开始检测唤醒词...
2025-08-05 12:12:27,716 - __main__ - INFO - 等待唤醒词...
2025-08-05 12:12:27,717 - hardware.audio_interface - INFO - 开始检测唤醒词...
2025-08-05 12:12:32,779 - __main__ - INFO - 等待唤醒词...
2025-08-05 12:12:32,780 - hardware.audio_interface - INFO - 开始检测唤醒词...
2025-08-05 12:12:37,877 - __main__ - INFO - 等待唤醒词...
2025-08-05 12:12:37,878 - hardware.audio_interface - INFO - 开始检测唤醒词...
2025-08-05 12:12:42,916 - __main__ - INFO - 等待唤醒词...
2025-08-05 12:12:42,917 - hardware.audio_interface - INFO - 开始检测唤醒词...
2025-08-05 12:12:47,953 - __main__ - INFO - 等待唤醒词...
2025-08-05 12:12:47,955 - hardware.audio_interface - INFO - 开始检测唤醒词...
2025-08-05 12:12:53,010 - __main__ - INFO - 等待唤醒词...
2025-08-05 12:12:53,011 - hardware.audio_interface - INFO - 开始检测唤醒词...
2025-08-05 12:12:58,018 - __main__ - INFO - 等待唤醒词...
2025-08-05 12:12:58,020 - hardware.audio_interface - INFO - 开始检测唤醒词...
2025-08-05 12:13:03,059 - __main__ - INFO - 等待唤醒词...
2025-08-05 12:13:03,061 - hardware.audio_interface - INFO - 开始检测唤醒词...
2025-08-05 12:13:08,098 - __main__ - INFO - 等待唤醒词...
2025-08-05 12:13:08,099 - hardware.audio_interface - INFO - 开始检测唤醒词...
2025-08-05 12:13:13,152 - __main__ - INFO - 等待唤醒词...
2025-08-05 12:13:13,154 - hardware.audio_interface - INFO - 开始检测唤醒词...
2025-08-05 12:13:18,189 - __main__ - INFO - 等待唤醒词...
2025-08-05 12:13:18,191 - hardware.audio_interface - INFO - 开始检测唤醒词...
2025-08-05 12:13:23,227 - __main__ - INFO - 等待唤醒词...
2025-08-05 12:13:23,228 - hardware.audio_interface - INFO - 开始检测唤醒词...
2025-08-05 12:13:28,265 - __main__ - INFO - 等待唤醒词...
2025-08-05 12:13:28,266 - hardware.audio_interface - INFO - 开始检测唤醒词...
2025-08-05 12:13:33,332 - __main__ - INFO - 等待唤醒词...
2025-08-05 12:13:33,333 - hardware.audio_interface - INFO - 开始检测唤醒词...
2025-08-05 12:13:38,383 - __main__ - INFO - 等待唤醒词...
2025-08-05 12:13:38,385 - hardware.audio_interface - INFO - 开始检测唤醒词...
2025-08-05 12:13:43,418 - __main__ - INFO - 等待唤醒词...
2025-08-05 12:13:43,419 - hardware.audio_interface - INFO - 开始检测唤醒词...
2025-08-05 12:13:48,421 - __main__ - INFO - 等待唤醒词...
2025-08-05 12:13:48,422 - hardware.audio_interface - INFO - 开始检测唤醒词...
2025-08-05 12:13:53,511 - __main__ - INFO - 等待唤醒词...
2025-08-05 12:13:53,512 - hardware.audio_interface - INFO - 开始检测唤醒词...
2025-08-05 12:13:58,593 - __main__ - INFO - 等待唤醒词...
2025-08-05 12:13:58,594 - hardware.audio_interface - INFO - 开始检测唤醒词...
2025-08-05 12:14:03,682 - __main__ - INFO - 等待唤醒词...
2025-08-05 12:14:03,684 - hardware.audio_interface - INFO - 开始检测唤醒词...
2025-08-05 12:14:08,718 - __main__ - INFO - 等待唤醒词...
2025-08-05 12:14:08,719 - hardware.audio_interface - INFO - 开始检测唤醒词...
2025-08-05 12:14:13,773 - __main__ - INFO - 等待唤醒词...
2025-08-05 12:14:13,774 - hardware.audio_interface - INFO - 开始检测唤醒词...
2025-08-05 12:14:18,810 - __main__ - INFO - 等待唤醒词...
2025-08-05 12:14:18,811 - hardware.audio_interface - INFO - 开始检测唤醒词...
2025-08-05 12:14:23,823 - __main__ - INFO - 等待唤醒词...
2025-08-05 12:14:23,825 - hardware.audio_interface - INFO - 开始检测唤醒词...
2025-08-05 12:14:28,855 - __main__ - INFO - 等待唤醒词...
2025-08-05 12:14:28,856 - hardware.audio_interface - INFO - 开始检测唤醒词...
2025-08-05 12:14:33,940 - __main__ - INFO - 等待唤醒词...
2025-08-05 12:14:33,942 - hardware.audio_interface - INFO - 开始检测唤醒词...
2025-08-05 12:14:37,314 - apscheduler.executors.default - INFO - Running job "CleanupScheduler._cleanup_task (trigger: interval[0:10:00], next run at: 2025-08-05 12:24:37 CST)" (scheduled at 2025-08-05 12:14:37.314147+08:00)
2025-08-05 12:14:37,314 - utils.cleaner - INFO - 完成安全清理，共删除 0 个旧文件
2025-08-05 12:14:37,314 - apscheduler.executors.default - INFO - Job "CleanupScheduler._cleanup_task (trigger: interval[0:10:00], next run at: 2025-08-05 12:24:37 CST)" executed successfully
2025-08-05 12:14:39,028 - __main__ - INFO - 等待唤醒词...
2025-08-05 12:14:39,029 - hardware.audio_interface - INFO - 开始检测唤醒词...
2025-08-05 12:14:44,058 - __main__ - INFO - 等待唤醒词...
2025-08-05 12:14:44,059 - hardware.audio_interface - INFO - 开始检测唤醒词...
2025-08-05 12:14:49,092 - __main__ - INFO - 等待唤醒词...
2025-08-05 12:14:49,093 - hardware.audio_interface - INFO - 开始检测唤醒词...
2025-08-05 12:14:54,101 - __main__ - INFO - 等待唤醒词...
2025-08-05 12:14:54,102 - hardware.audio_interface - INFO - 开始检测唤醒词...
2025-08-05 12:14:59,108 - __main__ - INFO - 等待唤醒词...
2025-08-05 12:14:59,110 - hardware.audio_interface - INFO - 开始检测唤醒词...
2025-08-05 12:15:04,170 - __main__ - INFO - 等待唤醒词...
2025-08-05 12:15:04,171 - hardware.audio_interface - INFO - 开始检测唤醒词...
2025-08-05 12:15:09,261 - __main__ - INFO - 等待唤醒词...
2025-08-05 12:15:09,262 - hardware.audio_interface - INFO - 开始检测唤醒词...
2025-08-05 12:15:14,298 - __main__ - INFO - 等待唤醒词...
2025-08-05 12:15:14,299 - hardware.audio_interface - INFO - 开始检测唤醒词...
2025-08-05 12:15:19,335 - __main__ - INFO - 等待唤醒词...
2025-08-05 12:15:19,336 - hardware.audio_interface - INFO - 开始检测唤醒词...
2025-08-05 12:15:24,372 - __main__ - INFO - 等待唤醒词...
2025-08-05 12:15:24,374 - hardware.audio_interface - INFO - 开始检测唤醒词...
2025-08-05 12:15:29,409 - __main__ - INFO - 等待唤醒词...
2025-08-05 12:15:29,411 - hardware.audio_interface - INFO - 开始检测唤醒词...
2025-08-05 12:15:34,467 - __main__ - INFO - 等待唤醒词...
2025-08-05 12:15:34,469 - hardware.audio_interface - INFO - 开始检测唤醒词...
2025-08-05 12:15:39,506 - __main__ - INFO - 等待唤醒词...
2025-08-05 12:15:39,508 - hardware.audio_interface - INFO - 开始检测唤醒词...
2025-08-05 12:15:44,542 - __main__ - INFO - 等待唤醒词...
2025-08-05 12:15:44,543 - hardware.audio_interface - INFO - 开始检测唤醒词...
2025-08-05 12:15:49,546 - __main__ - INFO - 等待唤醒词...
2025-08-05 12:15:49,548 - hardware.audio_interface - INFO - 开始检测唤醒词...
2025-08-05 12:15:54,584 - __main__ - INFO - 等待唤醒词...
2025-08-05 12:15:54,586 - hardware.audio_interface - INFO - 开始检测唤醒词...
2025-08-05 12:15:59,594 - __main__ - INFO - 等待唤醒词...
2025-08-05 12:15:59,596 - hardware.audio_interface - INFO - 开始检测唤醒词...
2025-08-05 12:16:04,696 - __main__ - INFO - 等待唤醒词...
2025-08-05 12:16:04,698 - hardware.audio_interface - INFO - 开始检测唤醒词...
2025-08-05 12:16:09,789 - __main__ - INFO - 等待唤醒词...
2025-08-05 12:16:09,790 - hardware.audio_interface - INFO - 开始检测唤醒词...
2025-08-05 12:16:14,828 - __main__ - INFO - 等待唤醒词...
2025-08-05 12:16:14,829 - hardware.audio_interface - INFO - 开始检测唤醒词...
2025-08-05 12:16:19,868 - __main__ - INFO - 等待唤醒词...
2025-08-05 12:16:19,869 - hardware.audio_interface - INFO - 开始检测唤醒词...
2025-08-05 12:16:24,909 - __main__ - INFO - 等待唤醒词...
2025-08-05 12:16:24,910 - hardware.audio_interface - INFO - 开始检测唤醒词...
2025-08-05 12:16:29,950 - __main__ - INFO - 等待唤醒词...
2025-08-05 12:16:29,952 - hardware.audio_interface - INFO - 开始检测唤醒词...
2025-08-05 12:16:34,985 - __main__ - INFO - 等待唤醒词...
2025-08-05 12:16:34,986 - hardware.audio_interface - INFO - 开始检测唤醒词...
2025-08-05 12:16:40,045 - __main__ - INFO - 等待唤醒词...
2025-08-05 12:16:40,046 - hardware.audio_interface - INFO - 开始检测唤醒词...
2025-08-05 12:16:45,055 - __main__ - INFO - 等待唤醒词...
2025-08-05 12:16:45,057 - hardware.audio_interface - INFO - 开始检测唤醒词...
2025-08-05 12:16:50,064 - __main__ - INFO - 等待唤醒词...
2025-08-05 12:16:50,065 - hardware.audio_interface - INFO - 开始检测唤醒词...
2025-08-05 12:16:55,154 - __main__ - INFO - 等待唤醒词...
2025-08-05 12:16:55,156 - hardware.audio_interface - INFO - 开始检测唤醒词...
2025-08-05 12:17:00,192 - __main__ - INFO - 等待唤醒词...
2025-08-05 12:17:00,194 - hardware.audio_interface - INFO - 开始检测唤醒词...
2025-08-05 12:17:05,233 - __main__ - INFO - 等待唤醒词...
2025-08-05 12:17:05,234 - hardware.audio_interface - INFO - 开始检测唤醒词...
2025-08-05 12:17:10,272 - __main__ - INFO - 等待唤醒词...
2025-08-05 12:17:10,273 - hardware.audio_interface - INFO - 开始检测唤醒词...
2025-08-05 12:17:15,309 - __main__ - INFO - 等待唤醒词...
2025-08-05 12:17:15,311 - hardware.audio_interface - INFO - 开始检测唤醒词...
2025-08-05 12:17:20,348 - __main__ - INFO - 等待唤醒词...
2025-08-05 12:17:20,349 - hardware.audio_interface - INFO - 开始检测唤醒词...
2025-08-05 12:17:25,406 - __main__ - INFO - 等待唤醒词...
2025-08-05 12:17:25,407 - hardware.audio_interface - INFO - 开始检测唤醒词...
2025-08-05 12:17:30,467 - __main__ - INFO - 等待唤醒词...
2025-08-05 12:17:30,468 - hardware.audio_interface - INFO - 开始检测唤醒词...
2025-08-05 12:17:35,555 - __main__ - INFO - 等待唤醒词...
2025-08-05 12:17:35,556 - hardware.audio_interface - INFO - 开始检测唤醒词...
2025-08-05 12:17:40,592 - __main__ - INFO - 等待唤醒词...
2025-08-05 12:17:40,594 - hardware.audio_interface - INFO - 开始检测唤醒词...
2025-08-05 12:17:45,631 - __main__ - INFO - 等待唤醒词...
2025-08-05 12:17:45,632 - hardware.audio_interface - INFO - 开始检测唤醒词...
2025-08-05 12:17:50,667 - __main__ - INFO - 等待唤醒词...
2025-08-05 12:17:50,668 - hardware.audio_interface - INFO - 开始检测唤醒词...
2025-08-05 12:17:55,706 - __main__ - INFO - 等待唤醒词...
2025-08-05 12:17:55,707 - hardware.audio_interface - INFO - 开始检测唤醒词...
2025-08-05 12:18:00,743 - __main__ - INFO - 等待唤醒词...
2025-08-05 12:18:00,744 - hardware.audio_interface - INFO - 开始检测唤醒词...
2025-08-05 12:18:05,790 - __main__ - INFO - 等待唤醒词...
2025-08-05 12:18:05,791 - hardware.audio_interface - INFO - 开始检测唤醒词...
2025-08-05 12:18:10,828 - __main__ - INFO - 等待唤醒词...
2025-08-05 12:18:10,829 - hardware.audio_interface - INFO - 开始检测唤醒词...
2025-08-05 12:18:15,864 - __main__ - INFO - 等待唤醒词...
2025-08-05 12:18:15,865 - hardware.audio_interface - INFO - 开始检测唤醒词...
2025-08-05 12:18:20,902 - __main__ - INFO - 等待唤醒词...
2025-08-05 12:18:20,903 - hardware.audio_interface - INFO - 开始检测唤醒词...
2025-08-05 12:18:25,939 - __main__ - INFO - 等待唤醒词...
2025-08-05 12:18:25,940 - hardware.audio_interface - INFO - 开始检测唤醒词...
2025-08-05 12:18:30,975 - __main__ - INFO - 等待唤醒词...
2025-08-05 12:18:30,976 - hardware.audio_interface - INFO - 开始检测唤醒词...
                                                                                                                                                                                                                                                                                                        